"Time (s)","Latitude (째)","Longitude (째)","Height (m)","Velocity (m/s)","Direction (째)","Horizontal Accuracy (m)","Vertical Accuracy (째)"
3.723299503E-2,3.466932468E1,1.353947010E2,1.471916199E1,NaN,NaN,1.414000000E3,1.218733902E2
7.844805717E-2,3.466932349E1,1.353946997E2,1.471916199E1,NaN,NaN,1.414000000E3,1.218733902E2
2.122204065E0,3.466811533E1,1.353933987E2,1.559837341E1,7.699999809E-1,3.360937500E2,1.217838262E1,2.400000000E1
2.752434015E0,3.466811780E1,1.353933973E2,1.542625427E1,7.699999809E-1,3.360937500E2,1.288366284E1,2.400000000E1
3.007627964E0,3.466812417E1,1.353933939E2,1.498942566E1,7.699999809E-1,3.360937500E2,1.499941985E1,2.400000000E1
4.010895014E0,3.466801303E1,1.353932607E2,1.456993103E1,0.000000000E0,3.761718750E1,6.073421395E0,3.000000000E0
5.008835077E0,3.466801311E1,1.353932523E2,1.477922058E1,0.000000000E0,3.761718750E1,4.034343533E0,3.000000000E0
6.008542061E0,3.466800225E1,1.353932590E2,1.488407898E1,0.000000000E0,3.761718750E1,3.690544504E0,3.000000000E0
6.987557054E0,3.466799115E1,1.353932667E2,1.492881775E1,0.000000000E0,3.761718750E1,3.535533906E0,3.000000000E0
7.987562895E0,3.466800435E1,1.353932688E2,1.504252625E1,0.000000000E0,3.761718750E1,3.535533906E0,3.000000000E0
8.987563729E0,3.466800150E1,1.353932570E2,1.484770203E1,0.000000000E0,3.761718750E1,3.535533906E0,3.000000000E0
9.987561345E0,3.466800167E1,1.353932478E2,1.480729675E1,0.000000000E0,3.761718750E1,3.535533906E0,3.000000000E0
1.098756552E1,3.466799743E1,1.353932355E2,1.483238220E1,0.000000000E0,3.761718750E1,3.535533906E0,3.000000000E0
1.198756707E1,3.466800347E1,1.353932377E2,1.477903748E1,0.000000000E0,3.761718750E1,3.535533906E0,3.000000000E0
1.298756576E1,3.466800267E1,1.353932310E2,1.482048035E1,0.000000000E0,3.761718750E1,3.535533906E0,3.000000000E0
1.398756385E1,3.466800565E1,1.353932289E2,1.473234558E1,0.000000000E0,3.761718750E1,3.535533906E0,3.000000000E0
1.498756289E1,3.466800565E1,1.353932289E2,1.473234560E1,0.000000000E0,NaN,4.551578940E0,3.620451103E0
1.598756444E1,3.466800410E1,1.353932290E2,1.480192568E1,0.000000000E0,NaN,4.551578940E0,3.620451103E0
1.698756051E1,3.466800355E1,1.353932282E2,1.482695009E1,0.000000000E0,NaN,4.551578940E0,3.620451103E0
1.798755729E1,3.466800334E1,1.353932277E2,1.485679628E1,0.000000000E0,NaN,4.551578940E0,3.620451103E0
1.898755658E1,3.466800217E1,1.353932272E2,1.493827821E1,0.000000000E0,NaN,4.551578940E0,3.620451103E0
1.998755991E1,3.466800230E1,1.353932288E2,1.497349550E1,0.000000000E0,NaN,4.551578940E0,3.620451102E0
2.098755848E1,3.466800284E1,1.353932288E2,1.495896913E1,0.000000000E0,NaN,4.551578940E0,3.620451102E0
2.198755610E1,3.466800234E1,1.353932294E2,1.504893495E1,0.000000000E0,NaN,4.551578940E0,3.620451102E0
2.298755336E1,3.466800225E1,1.353932296E2,1.507969667E1,0.000000000E0,NaN,4.551578940E0,3.620451102E0
2.398755133E1,3.466800175E1,1.353932302E2,1.513938905E1,0.000000000E0,NaN,4.551578940E0,3.620451102E0
2.498754907E1,3.466800150E1,1.353932305E2,1.519688417E1,0.000000000E0,NaN,4.551578940E0,3.620451102E0
2.598754632E1,3.466800125E1,1.353932309E2,1.522599794E1,0.000000000E0,NaN,4.551578940E0,3.620451102E0
2.698754442E1,3.466800116E1,1.353932308E2,1.522978212E1,0.000000000E0,NaN,4.551578940E0,3.620451102E0
2.798754203E1,3.466800121E1,1.353932309E2,1.522416689E1,0.000000000E0,NaN,4.551578940E0,3.620451102E0
2.898754013E1,3.466800125E1,1.353932310E2,1.521629335E1,0.000000000E0,NaN,4.551578940E0,3.620451102E0
2.998753858E1,3.466800125E1,1.353932310E2,1.521476747E1,0.000000000E0,NaN,4.551578940E0,3.620451102E0
3.098753703E1,3.466800121E1,1.353932310E2,1.519444276E1,0.000000000E0,NaN,4.551578940E0,3.620451102E0
3.198753488E1,3.466800100E1,1.353932319E2,1.527677919E1,0.000000000E0,NaN,4.551578940E0,3.620451102E0
3.298753357E1,3.466800129E1,1.353932316E2,1.526493837E1,0.000000000E0,NaN,4.551578940E0,3.620451102E0
3.398753154E1,3.466800125E1,1.353932316E2,1.526896669E1,0.000000000E0,NaN,4.551578940E0,3.620451102E0
3.498753095E1,3.466797530E1,1.353932060E2,1.413567697E1,3.691090021E-2,NaN,4.831008450E0,3.238193075E0
3.598752880E1,3.466797290E1,1.353932023E2,1.402929714E1,1.631771013E-2,NaN,4.831570311E0,3.237354686E0
3.698752785E1,3.466797492E1,1.353932004E2,1.397654613E1,3.941878856E-2,NaN,4.832598777E0,3.235819231E0
3.798752642E1,3.466797815E1,1.353932041E2,1.395243238E1,3.521549289E-2,NaN,4.839632655E0,3.225289569E0
3.898752475E1,3.466798033E1,1.353932011E2,1.382112140E1,8.909454810E-2,NaN,4.835038869E0,3.232172051E0
3.998752415E1,3.466797877E1,1.353932019E2,1.383467449E1,4.164131394E-2,NaN,4.832506727E0,3.235956700E0
4.098752272E1,3.466797985E1,1.353931987E2,1.379849541E1,3.379218570E-2,NaN,4.837579232E0,3.228368660E0
4.198752129E1,3.466798166E1,1.353931985E2,1.384048488E1,2.153400378E-2,NaN,4.841582218E0,3.222362279E0
4.298752058E1,3.466798316E1,1.353932020E2,1.384815435E1,5.309657179E-2,NaN,4.851947117E0,3.206734508E0
4.398751879E1,3.466798465E1,1.353932001E2,1.383362673E1,2.091685248E-2,NaN,4.850162412E0,3.209433222E0
4.498751771E1,3.466798300E1,1.353932020E2,1.392993804E1,2.455363366E-2,NaN,4.850396232E0,3.209079841E0
4.598751771E1,3.466798624E1,1.353932041E2,1.393071136E1,2.432740982E-2,NaN,4.852102158E0,3.206499911E0
4.698751569E1,3.466798849E1,1.353932044E2,1.394104473E1,4.458922642E-2,NaN,4.856780074E0,3.199409999E0
4.798751521E1,3.466798622E1,1.353932047E2,1.388497236E1,1.936523134E-2,NaN,4.852075629E0,3.206540054E0
4.898751402E1,3.466798743E1,1.353932077E2,1.384121863E1,2.815655205E-2,NaN,4.847720293E0,3.213120756E0
4.998751259E1,3.466798920E1,1.353932058E2,1.385579491E1,5.915466471E-2,NaN,4.846845720E0,3.214439858E0
5.098751211E1,3.466799018E1,1.353932003E2,1.382778284E1,3.722727993E-2,NaN,4.855852181E0,3.200818119E0
5.198751092E1,3.466799304E1,1.353932089E2,1.392090834E1,2.040995752E-2,NaN,4.847139743E0,3.213996476E0
5.298751080E1,3.466799353E1,1.353932060E2,1.391558700E1,4.139478315E-2,NaN,4.852828479E0,3.205400566E0
5.398750961E1,3.466799646E1,1.353932110E2,1.394117071E1,5.972149892E-2,NaN,4.844092692E0,3.218587116E0
5.498750901E1,3.466799589E1,1.353932149E2,1.384995026E1,8.111104402E-2,NaN,4.844208115E0,3.218413394E0
5.598750758E1,3.466799762E1,1.353932135E2,1.407792020E1,1.282029792E-1,NaN,4.834152912E0,3.233496971E0
5.698750734E1,3.466799494E1,1.353932082E2,1.402515668E1,2.231608477E-1,NaN,4.816654339E0,3.259505793E0
5.798750615E1,3.466799406E1,1.353932058E2,1.426779471E1,1.852034267E-1,NaN,4.794890447E0,3.291437776E0
5.898750496E1,3.466798798E1,1.353932025E2,1.452662570E1,1.826933100E-1,NaN,4.788753196E0,3.300360565E0
5.998750412E1,3.466798097E1,1.353932033E2,1.504834137E1,3.443433046E-1,2.273330340E2,4.783242620E0,3.308342043E0
6.098750353E1,3.466798430E1,1.353932067E2,1.485225329E1,1.627456856E-1,NaN,4.774547393E0,3.320878532E0
6.198750365E1,3.466798015E1,1.353932087E2,1.492748704E1,1.871240577E-1,NaN,4.771420225E0,3.325370064E0
6.298750520E1,3.466797556E1,1.353932014E2,1.490707923E1,4.084896394E-1,NaN,4.773774226E0,3.321989866E0
6.398750198E1,3.466797917E1,1.353932033E2,1.498869022E1,1.714069173E-1,NaN,4.772947260E0,3.323177920E0
6.498750126E1,3.466798516E1,1.353932055E2,1.460501969E1,1.965716047E-1,NaN,4.777584122E0,3.316508253E0
6.598750055E1,3.466798109E1,1.353932033E2,1.434006739E1,3.979091351E-1,NaN,4.775268005E0,3.319842242E0
6.698749959E1,3.466798101E1,1.353932080E2,1.417925576E1,2.416465778E-1,NaN,4.772349038E0,3.324036958E0
6.798749876E1,3.466798498E1,1.353932203E2,1.259032767E1,8.242161257E-1,5.850074077E1,4.779480553E0,3.313774687E0
6.898749781E1,3.466798494E1,1.353932157E2,1.304643051E1,3.082558896E-1,NaN,4.784021808E0,3.307215199E0
6.998749721E1,3.466798283E1,1.353932208E2,1.366122540E1,6.383967323E-2,NaN,4.794870650E0,3.291466615E0
7.098749697E1,3.466798499E1,1.353932168E2,1.371462411E1,7.781594906E-2,NaN,4.803098923E0,3.279447785E0
7.198749626E1,3.466798515E1,1.353932137E2,1.374723625E1,7.726324739E-2,NaN,4.809064683E0,3.270693184E0
7.298749530E1,3.466798482E1,1.353932191E2,1.367899264E1,8.812372587E-2,NaN,4.813267719E0,3.264504695E0
7.398749506E1,3.466798615E1,1.353932176E2,1.367885805E1,9.434122592E-2,NaN,4.818320450E0,3.257042381E0
7.498749423E1,3.466798466E1,1.353932161E2,1.370142851E1,6.417899675E-2,NaN,4.820658520E0,3.253580868E0
7.598749328E1,3.466798054E1,1.353932152E2,1.381854866E1,3.061471452E-2,NaN,4.822797562E0,3.250409314E0
7.698749256E1,3.466797769E1,1.353932188E2,1.387425004E1,3.415106486E-2,NaN,4.822599924E0,3.250702540E0
7.798749256E1,3.466797890E1,1.353932197E2,1.383019799E1,3.976629153E-2,NaN,4.822874681E0,3.250294885E0
7.898749185E1,3.466798505E1,1.353932229E2,1.392517965E1,5.489728845E-2,NaN,4.822886938E0,3.250276698E0
7.998749113E1,3.466798814E1,1.353932234E2,1.397448403E1,6.352207306E-2,NaN,4.825094831E0,3.246998138E0
8.098749065E1,3.466799243E1,1.353932253E2,1.403917169E1,7.732947781E-2,NaN,4.825741202E0,3.246037412E0
8.198748946E1,3.466799483E1,1.353932261E2,1.417143489E1,5.044489190E-2,NaN,4.826317199E0,3.245180940E0
8.298748863E1,3.466799829E1,1.353932253E2,1.413900758E1,3.427660236E-2,NaN,4.830163336E0,3.239453531E0
8.398748815E1,3.466799757E1,1.353932239E2,1.425107459E1,3.645960147E-2,NaN,4.830037622E0,3.239640968E0
8.498748827E1,3.466799575E1,1.353932265E2,1.436756011E1,5.238018605E-2,NaN,4.828092624E0,3.242538920E0
8.598748696E1,3.466799308E1,1.353932291E2,1.437914865E1,3.591743590E-2,NaN,4.828548317E0,3.241860297E0
8.698748636E1,3.466799149E1,1.353932318E2,1.441903727E1,2.840534481E-2,NaN,4.827732544E0,3.243075010E0
8.798748600E1,3.466799059E1,1.353932347E2,1.445519481E1,2.611846153E-2,NaN,4.827278430E0,3.243750914E0
8.898748577E1,3.466799169E1,1.353932355E2,1.450444324E1,3.796757737E-2,NaN,4.823201133E0,3.249810435E0
8.998748493E1,3.466799041E1,1.353932265E2,1.428755881E1,2.134564465E-1,NaN,4.828691636E0,3.241646821E0
9.098748362E1,3.466799089E1,1.353932252E2,1.438347134E1,2.807807475E-1,NaN,4.825553814E0,3.246315977E0
9.198748374E1,3.466799636E1,1.353932217E2,1.435170909E1,5.652765316E-2,NaN,4.823387208E0,3.249534255E0
9.298748314E1,3.466799341E1,1.353932175E2,1.441535429E1,7.996673741E-2,NaN,4.825704076E0,3.246092606E0
9.398748219E1,3.466799049E1,1.353932156E2,1.421049971E1,7.583338334E-2,NaN,4.826947024E0,3.244244051E0
9.498748124E1,3.466799029E1,1.353932171E2,1.444834505E1,8.335899071E-2,NaN,4.825069236E0,3.247036171E0
9.598748147E1,3.466799201E1,1.353932176E2,1.449457055E1,4.077535953E-2,NaN,4.823267089E0,3.249712545E0
9.698748052E1,3.466799358E1,1.353932162E2,1.443832122E1,4.310602192E-2,NaN,4.825224636E0,3.246805237E0
9.798747969E1,3.466799381E1,1.353932153E2,1.448268213E1,4.970382918E-2,NaN,4.824508528E0,3.247869223E0
9.898747933E1,3.466799373E1,1.353932134E2,1.473924764E1,9.748560521E-2,NaN,4.824998910E0,3.247140673E0
9.998747849E1,3.466799109E1,1.353932193E2,1.466638267E1,4.876691249E-2,NaN,4.822100546E0,3.251443273E0
1.009874783E2,3.466798769E1,1.353932222E2,1.452554711E1,2.530570973E-2,NaN,4.819002746E0,3.256032796E0
1.019874774E2,3.466799017E1,1.353932247E2,1.441395565E1,8.457856050E-2,NaN,4.817013566E0,3.258974890E0
1.029874775E2,3.466799359E1,1.353932200E2,1.444761055E1,7.486265680E-2,NaN,4.816688635E0,3.259455111E0
1.039874762E2,3.466799795E1,1.353932181E2,1.428839835E1,8.973712140E-2,NaN,4.816804104E0,3.259284470E0
1.049874755E2,3.466799531E1,1.353932224E2,1.446169341E1,6.561876577E-2,NaN,4.814960948E0,3.262006760E0
1.059874749E2,3.466799555E1,1.353932233E2,1.430623492E1,8.974130390E-2,NaN,4.819260636E0,3.255651080E0
1.069874743E2,3.466800247E1,1.353932203E2,1.449159954E1,4.297809685E-2,NaN,4.819118698E0,3.255861178E0
1.079874746E2,3.466800111E1,1.353932246E2,1.458987653E1,3.860410520E-2,NaN,4.817080250E0,3.258876324E0
1.089874730E2,3.466800152E1,1.353932214E2,1.468679015E1,6.190236923E-2,NaN,4.817008803E0,3.258981931E0
1.099874727E2,3.466799832E1,1.353932209E2,1.461754574E1,3.309736858E-2,NaN,4.818147167E0,3.257298714E0
1.109874722E2,3.466799792E1,1.353932185E2,1.467878004E1,8.635438570E-2,NaN,4.813937028E0,3.263517630E0
1.119874712E2,3.466799593E1,1.353932184E2,1.442758828E1,6.945201267E-2,NaN,4.822261531E0,3.251204508E0
1.129874711E2,3.466800268E1,1.353932163E2,1.459138400E1,6.076234104E-2,NaN,4.825067255E0,3.247039116E0
1.139874706E2,3.466800102E1,1.353932149E2,1.464319231E1,3.929693646E-2,NaN,4.828515784E0,3.241908752E0
1.149874700E2,3.466799807E1,1.353932188E2,1.469180898E1,5.813772163E-2,NaN,4.828363741E0,3.242135195E0
1.159874696E2,3.466799131E1,1.353932128E2,1.459050445E1,6.075779009E-2,NaN,4.827434922E0,3.243518013E0
1.169874690E2,3.466798907E1,1.353932110E2,1.464186823E1,2.640651399E-2,NaN,4.830915316E0,3.238332016E0
1.179874675E2,3.466799289E1,1.353932103E2,1.471356811E1,3.555715514E-2,NaN,4.828093178E0,3.242538094E0
1.189874679E2,3.466799323E1,1.353932133E2,1.466200760E1,2.715893691E-2,NaN,4.825642485E0,3.246184165E0
1.199874668E2,3.466799420E1,1.353932155E2,1.464973674E1,3.718090887E-2,NaN,4.824660575E0,3.247643356E0
1.209874665E2,3.466799065E1,1.353932178E2,1.473445394E1,6.057534771E-2,NaN,4.824034969E0,3.248572555E0
1.219874657E2,3.466798750E1,1.353932214E2,1.475979321E1,4.545291792E-2,NaN,4.823570757E0,3.249261790E0
1.229874645E2,3.466798927E1,1.353932232E2,1.463301171E1,6.113674068E-2,NaN,4.823572400E0,3.249259352E0
1.239874642E2,3.466799300E1,1.353932160E2,1.497501527E1,8.533707663E-2,NaN,4.819663321E0,3.255054916E0
1.249874638E2,3.466799637E1,1.353932214E2,1.502180504E1,1.743188668E-1,NaN,4.817031108E0,3.258948962E0
1.259874626E2,3.466799681E1,1.353932161E2,1.498405954E1,1.991101739E-1,NaN,4.809673083E0,3.269798444E0
1.269874635E2,3.466799753E1,1.353932155E2,1.492923001E1,5.880665226E-2,NaN,4.806633888E0,3.274264451E0
1.279874620E2,3.466799852E1,1.353932168E2,1.460567756E1,4.942822296E-1,NaN,4.798417937E0,3.286293100E0
1.289874616E2,3.466799612E1,1.353932273E2,1.359557290E1,7.061660488E-1,1.066839376E2,4.795156800E0,3.291049726E0
1.299874604E2,3.466799559E1,1.353932147E2,1.367779764E1,2.916757654E-1,NaN,4.787438440E0,3.302267436E0
1.309874599E2,3.466798996E1,1.353932147E2,1.373030751E1,2.269225938E-1,NaN,4.781414322E0,3.310983859E0
1.319874600E2,3.466798916E1,1.353932206E2,1.409727195E1,1.526145940E-1,NaN,4.780521861E0,3.312272297E0
1.329875225E2,3.466798909E1,1.353932188E2,1.412570860E1,2.205567915E-1,NaN,4.776083968E0,3.318668251E0
1.339875258E2,3.466799002E1,1.353932155E2,1.418599696E1,8.846018513E-2,NaN,4.775037385E0,3.320173941E0
1.349875274E2,3.466799027E1,1.353932170E2,1.400924260E1,1.386672737E-1,NaN,4.777910625E0,3.316037860E0
1.359875283E2,3.466799119E1,1.353932173E2,1.402112043E1,6.645343227E-2,NaN,4.774853057E0,3.320439025E0
1.369875250E2,3.466798778E1,1.353932192E2,1.419039319E1,1.416276635E-1,NaN,4.777002016E0,3.317346647E0
1.379875243E2,3.466798528E1,1.353932206E2,1.428992430E1,4.008957053E-2,NaN,4.775425855E0,3.319615179E0
1.389875243E2,3.466798479E1,1.353932214E2,1.415813270E1,1.086725891E-1,NaN,4.785186199E0,3.305530226E0
1.399875300E2,3.466799240E1,1.353932153E2,1.433982423E1,9.456332895E-2,NaN,4.793774597E0,3.293062730E0
1.409875296E2,3.466799165E1,1.353932116E2,1.433194243E1,1.085257746E-1,NaN,4.798593148E0,3.286037254E0
1.419875267E2,3.466799698E1,1.353932149E2,1.443606668E1,1.160748987E-1,NaN,4.799928414E0,3.284086517E0
1.429875314E2,3.466799566E1,1.353932139E2,1.441063075E1,3.412259309E-2,NaN,4.801844705E0,3.281283966E0
1.439875342E2,3.466799684E1,1.353932111E2,1.446492942E1,9.178914907E-2,NaN,4.803627520E0,3.278673463E0
1.449875379E2,3.466799758E1,1.353932169E2,1.456599368E1,4.756600790E-2,NaN,4.806894705E0,3.273881539E0
1.459875374E2,3.466799753E1,1.353932157E2,1.457755748E1,3.400208038E-2,NaN,4.807953361E0,3.272326621E0
1.469875343E2,3.466799869E1,1.353932139E2,1.459670310E1,3.555400364E-2,NaN,4.807888605E0,3.272421763E0
1.479875320E2,3.466799981E1,1.353932166E2,1.482729544E1,9.226260726E-2,NaN,4.803979299E0,3.278158009E0
1.489875283E2,3.466800019E1,1.353932154E2,1.492890283E1,1.075762249E-1,NaN,4.802923929E0,3.279704066E0
1.499875253E2,3.466799990E1,1.353932167E2,1.501871615E1,8.196266613E-2,NaN,4.802328557E0,3.280575782E0
1.509875225E2,3.466800048E1,1.353932106E2,1.509484285E1,9.881924439E-2,NaN,4.801730385E0,3.281451256E0
1.519875200E2,3.466799836E1,1.353932089E2,1.491844455E1,1.642598575E-1,NaN,4.804928996E0,3.276765841E0
1.529875175E2,3.466799525E1,1.353932114E2,1.510051758E1,9.941936604E-2,NaN,4.809203325E0,3.270489323E0
1.539875146E2,3.466799467E1,1.353932060E2,1.495848349E1,8.817877630E-2,NaN,4.817139727E0,3.258788407E0
1.549875125E2,3.466799478E1,1.353932025E2,1.493686459E1,1.309006964E-2,NaN,4.817173225E0,3.258738890E0
1.559875095E2,3.466799253E1,1.353932023E2,1.491825030E1,5.721578400E-2,NaN,4.815423005E0,3.261324626E0
1.569875076E2,3.466799049E1,1.353932073E2,1.520346019E1,1.691125035E-1,NaN,4.816538619E0,3.259676788E0
1.579875057E2,3.466799145E1,1.353932103E2,1.510796054E1,7.064897039E-2,NaN,4.810776754E0,3.268174422E0
1.589875036E2,3.466799228E1,1.353932091E2,1.488815207E1,4.683900433E-2,NaN,4.815748713E0,3.260843659E0
1.599875014E2,3.466799032E1,1.353932048E2,1.475976884E1,3.792039380E-2,NaN,4.811615316E0,3.266939712E0
1.609874997E2,3.466799284E1,1.353932052E2,1.461771144E1,5.884934273E-2,NaN,4.816975816E0,3.259030687E0
1.619874988E2,3.466799520E1,1.353932096E2,1.449145432E1,1.175097476E-1,NaN,4.816420353E0,3.259851532E0
1.629874972E2,3.466799996E1,1.353932106E2,1.473841690E1,3.509489054E-2,NaN,4.816233481E0,3.260127618E0
1.639874946E2,3.466800259E1,1.353932050E2,1.467485799E1,8.502380987E-2,NaN,4.817230132E0,3.258654767E0
1.649874938E2,3.466800588E1,1.353932080E2,1.472702225E1,5.479385492E-2,NaN,4.814074193E0,3.263315292E0
1.659874917E2,3.466800271E1,1.353932122E2,1.472493209E1,4.752731625E-2,NaN,4.813124504E0,3.264715844E0
1.669874908E2,3.466799759E1,1.353932162E2,1.468039501E1,7.536897763E-2,NaN,4.812820257E0,3.265164345E0
1.679874892E2,3.466799923E1,1.353932131E2,1.465724509E1,2.314233448E-2,NaN,4.817549595E0,3.258182459E0
1.689874884E2,3.466800099E1,1.353932136E2,1.455136208E1,6.754462728E-2,NaN,4.819022232E0,3.256003956E0
1.699874865E2,3.466799340E1,1.353932167E2,1.445234319E1,5.460345446E-2,NaN,4.822099761E0,3.251444437E0
1.709874859E2,3.466798978E1,1.353932156E2,1.444553013E1,1.835691691E-2,NaN,4.821515209E0,3.252311197E0
1.719874848E2,3.466798169E1,1.353932183E2,1.440276974E1,3.423783567E-2,NaN,4.821545052E0,3.252266954E0
1.729874829E2,3.466797982E1,1.353932128E2,1.427420049E1,2.328167224E-1,NaN,4.820321843E0,3.254079650E0
1.739874827E2,3.466797982E1,1.353932133E2,1.429112335E1,3.251401624E-2,NaN,4.820288118E0,3.254129606E0
1.749874808E2,3.466798087E1,1.353932104E2,1.435964261E1,4.202172363E-2,NaN,4.821000153E0,3.253074631E0
1.759874798E2,3.466798374E1,1.353932147E2,1.435196482E1,3.831131376E-2,NaN,4.818893073E0,3.256195108E0
1.769874792E2,3.466798900E1,1.353932143E2,1.443387724E1,6.617459564E-2,NaN,4.819204582E0,3.255734055E0
1.779874778E2,3.466798932E1,1.353932082E2,1.427954359E1,2.847372949E-2,NaN,4.820512080E0,3.253797831E0
1.789874769E2,3.466798839E1,1.353932129E2,1.424904908E1,4.963612475E-2,NaN,4.821750418E0,3.251962475E0
1.799874762E2,3.466798618E1,1.353932134E2,1.435507629E1,6.659772956E-2,NaN,4.822785023E0,3.250427919E0
1.809874760E2,3.466798610E1,1.353932132E2,1.414676919E1,7.816945845E-2,NaN,4.824811431E0,3.247419235E0
1.819874742E2,3.466798934E1,1.353932112E2,1.427865865E1,3.614231941E-2,NaN,4.828694912E0,3.241641942E0
1.829874731E2,3.466799297E1,1.353932058E2,1.420654364E1,1.710378075E-1,NaN,4.824290662E0,3.248192827E0
1.839874729E2,3.466799615E1,1.353932073E2,1.437053469E1,6.232342318E-2,NaN,4.826653876E0,3.244680168E0
1.849874715E2,3.466799311E1,1.353932056E2,1.419249438E1,5.577955672E-2,NaN,4.826661364E0,3.244669029E0
1.859874715E2,3.466798995E1,1.353932055E2,1.415493037E1,4.996659861E-2,NaN,4.825820524E0,3.245919484E0
1.869874699E2,3.466798526E1,1.353932064E2,1.413521807E1,1.873459272E-2,NaN,4.823361765E0,3.249572021E0
1.879874694E2,3.466799299E1,1.353932086E2,1.417617083E1,1.323796525E-2,NaN,4.819749060E0,3.254927962E0
1.889874692E2,3.466799001E1,1.353932114E2,1.427864306E1,1.390335879E-1,NaN,4.816679837E0,3.259468114E0
1.899874678E2,3.466798733E1,1.353932043E2,1.434448069E1,1.953707338E-1,NaN,4.813339530E0,3.264398811E0
1.909874675E2,3.466802125E1,1.353932065E2,1.347591800E1,2.851887176E0,3.592657390E2,4.807599792E0,3.272846050E0
1.919874669E2,3.466801325E1,1.353931967E2,1.323949043E1,1.092880027E0,3.358927271E2,4.792211594E0,3.295336868E0
1.929874657E2,3.466801193E1,1.353932119E2,1.299384651E1,6.420617835E-1,4.658524295E1,4.789196393E0,3.299717404E0
1.939874648E2,3.466800363E1,1.353932086E2,1.279565508E1,3.234181636E-1,NaN,4.784909060E0,3.305931385E0
1.949874641E2,3.466800114E1,1.353932100E2,1.290926276E1,2.589143046E-1,NaN,4.777060540E0,3.317262370E0
1.959874636E2,3.466799953E1,1.353932038E2,1.302599420E1,3.918165000E-1,NaN,4.773492179E0,3.322395137E0
1.969874626E2,3.466800002E1,1.353932057E2,1.326606634E1,1.971505837E-1,NaN,4.773928500E0,3.321768160E0
1.979874622E2,3.466800155E1,1.353932000E2,1.344213919E1,9.417500978E-2,NaN,4.772040629E0,3.324479698E0
1.989874618E2,3.466799644E1,1.353931988E2,1.376858306E1,2.946249157E-1,NaN,4.771383782E0,3.325422355E0
1.999874609E2,3.466798395E1,1.353932026E2,1.376067175E1,5.767032868E-1,1.549785247E2,4.777000862E0,3.317348308E0
2.009874595E2,3.466799344E1,1.353931988E2,1.390323183E1,5.941867937E-2,NaN,4.773220019E0,3.322786133E0
2.019874597E2,3.466798953E1,1.353931933E2,1.405731900E1,1.962187542E-1,NaN,4.768714621E0,3.329248848E0
2.029874588E2,3.466799222E1,1.353931938E2,1.390238248E1,1.999218909E-1,NaN,4.772875375E0,3.323281163E0
2.039874579E2,3.466799112E1,1.353931929E2,1.422434443E1,1.162447841E-1,NaN,4.783882263E0,3.307417048E0
2.049874573E2,3.466798620E1,1.353931992E2,1.386151338E1,1.814342712E-1,NaN,4.785584489E0,3.304953575E0
2.059874568E2,3.466798531E1,1.353932029E2,1.403052920E1,4.328822109E-1,NaN,4.785549405E0,3.305004376E0
2.069874562E2,3.466797938E1,1.353931977E2,1.376451849E1,1.076777103E-1,NaN,4.784496354E0,3.306528643E0
2.079874557E2,3.466797878E1,1.353932041E2,1.382520617E1,1.578602559E-1,NaN,4.787477142E0,3.302211326E0
2.089874550E2,3.466798177E1,1.353932085E2,1.369616845E1,2.117767633E-1,NaN,4.793020675E0,3.294159960E0
2.099874545E2,3.466798427E1,1.353932034E2,1.396151982E1,1.385420546E-1,NaN,4.781726031E0,3.310533673E0
2.109874539E2,3.466798150E1,1.353932151E2,1.421929014E1,7.592353830E-1,1.090439972E2,4.780159404E0,3.312795361E0
2.119874529E2,3.466797755E1,1.353932149E2,1.390863117E1,5.343752227E-1,1.097969345E2,4.689107496E0,3.440466237E0
2.129874526E2,3.466798306E1,1.353932095E2,1.436880510E1,6.605446112E-2,1.121161854E2,4.679217879E0,3.453904613E0
2.139874517E2,3.466798223E1,1.353932058E2,1.308219048E1,3.330705882E-1,1.176605752E2,4.699706072E0,3.425974295E0
2.149874518E2,3.466797892E1,1.353932064E2,1.251437226E1,7.542216227E-1,NaN,4.692698389E0,3.435566745E0
2.159874500E2,3.466798130E1,1.353932189E2,1.105517607E1,1.282675364E0,NaN,4.701560941E0,3.423428362E0
2.169874500E2,3.466797949E1,1.353932091E2,1.077735289E1,1.175411288E0,NaN,4.703011042E0,3.421435981E0
2.179874493E2,3.466798128E1,1.353932028E2,1.218561380E1,3.417975707E-1,NaN,4.702004435E0,3.422819207E0
2.189874489E2,3.466798359E1,1.353932064E2,1.283367052E1,8.240539855E-2,NaN,4.720869859E0,3.396752097E0
2.199874485E2,3.466798340E1,1.353932063E2,1.340487701E1,7.884752068E-2,NaN,4.731318911E0,3.382182490E0
2.209874477E2,3.466798336E1,1.353932056E2,1.351479332E1,1.213003181E-1,NaN,4.734937776E0,3.377114343E0
2.219874475E2,3.466798387E1,1.353932062E2,1.387355008E1,2.777441716E-2,NaN,4.745398688E0,3.362399191E0
2.229874464E2,3.466798180E1,1.353932073E2,1.404374209E1,1.070743196E-1,NaN,4.759812714E0,3.341963489E0
2.239874456E2,3.466798242E1,1.353932075E2,1.426059409E1,0.000000000E0,NaN,4.764033097E0,3.335944496E0
2.249874452E2,3.466798242E1,1.353932075E2,1.426059409E1,0.000000000E0,NaN,4.767545593E0,3.330922702E0
2.259874448E2,3.466798182E1,1.353932085E2,1.414472258E1,2.201433123E-2,NaN,4.751041305E0,3.354421493E0
2.269874440E2,3.466798094E1,1.353932066E2,1.444852583E1,5.457822369E-2,NaN,4.754932195E0,3.348903829E0
2.279874430E2,3.466798089E1,1.353932041E2,1.424455598E1,4.761195232E-2,NaN,4.751554996E0,3.353693807E0
2.289874430E2,3.466798047E1,1.353932035E2,1.421651754E1,4.116452149E-2,NaN,4.751544505E0,3.353708671E0
2.299874425E2,3.466797913E1,1.353932065E2,1.438940491E1,6.022842697E-2,NaN,4.751606824E0,3.353620376E0
2.309874412E2,3.466797778E1,1.353932076E2,1.431672411E1,5.347757928E-2,NaN,4.747414764E0,3.359552067E0
2.319874412E2,3.466797446E1,1.353932088E2,1.445489448E1,3.788929899E-2,NaN,4.746391822E0,3.360997130E0
2.329874403E2,3.466797667E1,1.353932085E2,1.431009096E1,3.942901966E-2,NaN,4.743929678E0,3.364471465E0
2.339874402E2,3.466797746E1,1.353932085E2,1.461179653E1,4.584120756E-2,NaN,4.745470239E0,3.362298209E0
2.349874396E2,3.466797746E1,1.353932088E2,1.461749990E1,7.296536220E-2,NaN,4.750007682E0,3.355884988E0
2.359874393E2,3.466797266E1,1.353932100E2,1.467023815E1,4.874595839E-2,NaN,4.741374686E0,3.368071127E0
2.369874386E2,3.466797826E1,1.353932070E2,1.446213430E1,4.053281625E-1,NaN,4.738826193E0,3.371655876E0
2.379874375E2,3.466797902E1,1.353932098E2,1.413279565E1,3.643218191E-1,NaN,4.741530925E0,3.367851173E0
2.389874368E2,3.466797733E1,1.353932075E2,1.400645917E1,3.733065442E-1,NaN,4.747155040E0,3.359919056E0
2.399874363E2,3.466797343E1,1.353932102E2,1.403473122E1,2.376650293E-1,NaN,4.755932932E0,3.347482484E0