"Time (s)","X (m/s^2)","Y (m/s^2)","Z (m/s^2)"
-6.258336361E-5,1.006626709E1,-7.161108398E-1,1.545985107E0
9.892416652E-3,9.477391663E0,-6.388714600E-1,1.560055847E0
1.984741667E-2,9.290879517E0,-2.601589966E-1,1.782044220E0
2.980241668E-2,9.541907501E0,-2.978805542E-1,2.396366730E0
3.975741664E-2,9.549092560E0,-4.243675232E-1,2.566263428E0
4.971241666E-2,9.494456177E0,-6.215075684E-1,2.352957001E0
5.966841668E-2,9.368867340E0,-7.104226685E-1,2.038760376E0
6.962441665E-2,9.396110687E0,-6.345304871E-1,2.110461273E0
7.957941666E-2,9.284293213E0,-6.120771790E-1,2.186652832E0
8.953441668E-2,9.279802551E0,-5.617817688E-1,2.184557190E0
9.948941664E-2,9.272318115E0,-4.893324280E-1,2.357747040E0
1.094444167E-1,9.321565704E0,-4.496649170E-1,2.388732605E0
1.193994167E-1,9.255103912E0,-4.505630493E-1,2.446811829E0
1.293544167E-1,9.454189911E0,-3.992198181E-1,2.422262878E0
1.393094166E-1,9.303303680E0,-1.905537415E-1,2.398162994E0
1.492644167E-1,9.278455353E0,-7.619155884E-2,2.517614594E0
1.592194167E-1,9.044192505E0,-1.429527283E-1,2.390528870E0
1.691744166E-1,9.536518707E0,-2.091151428E-1,2.486030273E0
1.791294166E-1,9.659712524E0,-2.757266235E-1,2.473007355E0
1.890844167E-1,9.551936646E0,-3.582051086E-1,2.749931488E0
1.990394167E-1,9.626781006E0,-4.324507141E-1,2.862946472E0
2.089944166E-1,9.625733185E0,-5.608836365E-1,2.650687866E0
2.189504167E-1,9.717492371E0,-5.839356995E-1,2.234553223E0
2.289054167E-1,9.553583221E0,-6.357279968E-1,2.342179413E0
2.388604166E-1,9.086105347E0,-7.812254333E-1,1.673669586E0
2.488154166E-1,9.273964691E0,-5.200186157E-1,2.141746216E0
2.587704167E-1,9.313632202E0,-3.606001282E-1,2.243235168E0
2.687254167E-1,9.463470612E0,-3.329077148E-1,2.466720428E0
2.786804166E-1,9.570198669E0,-3.893403625E-1,2.581531677E0
2.886354167E-1,9.546996918E0,-5.038522339E-1,2.550396423E0
2.985904167E-1,9.557774506E0,-8.161029053E-1,2.755769348E0
3.085454167E-1,9.713600464E0,-5.957611084E-1,2.480940857E0
3.185004166E-1,9.393416290E0,-4.755610657E-1,2.568059692E0
3.284554167E-1,9.503138123E0,-3.068618774E-1,2.623444519E0
3.384104167E-1,9.401649170E0,-1.673519897E-1,2.277214508E0
3.483654166E-1,9.282946014E0,-1.128652954E-1,2.103874969E0
3.583214167E-1,9.274114380E0,-1.115180969E-1,2.148631897E0
3.682764167E-1,9.260492706E0,-4.580474854E-2,2.149080963E0
3.782314166E-1,9.252409515E0,2.769241333E-2,2.241588593E0
3.881864166E-1,9.471254425E0,1.945953369E-2,2.422562256E0
3.981414167E-1,9.556127930E0,-6.870712280E-2,2.462080078E0
4.080964167E-1,9.553433533E0,-1.803749084E-1,2.352657623E0
4.180514166E-1,9.529034271E0,-2.418969727E-1,2.307451630E0
4.280064167E-1,9.530980225E0,-4.113446045E-1,1.936822357E0
4.379614167E-1,9.585466919E0,-3.793112183E-1,1.700912933E0
4.479164167E-1,9.551188202E0,-3.189866638E-1,1.949096832E0
4.578714166E-1,9.527537384E0,-2.168989563E-1,2.156715088E0
4.678264167E-1,9.591604156E0,-1.784289551E-1,2.019300842E0
4.777814167E-1,9.644893341E0,-1.663041687E-1,2.014211426E0
4.877364166E-1,9.653874664E0,-1.930984497E-1,2.067949677E0
4.976924167E-1,9.585317230E0,-2.577639771E-1,2.082020416E0
5.076474167E-1,9.570647736E0,-1.865121460E-1,2.153421936E0
5.176024167E-1,9.584868164E0,-1.116677856E-1,2.173180847E0
5.275574166E-1,9.557175751E0,-1.044827271E-1,2.131118317E0
5.375124167E-1,9.410780182E0,-1.408570862E-1,2.096240845E0
5.474674167E-1,9.332942047E0,-1.637594604E-1,2.066901855E0
5.574224166E-1,9.344767456E0,-1.782792664E-1,2.037263489E0
5.673774166E-1,9.372609558E0,-2.080673218E-1,2.071841583E0
5.773324167E-1,9.439520416E0,-2.167492676E-1,2.144889679E0
5.872874167E-1,9.515562286E0,-2.585124207E-1,2.132764893E0
5.972424166E-1,9.568552094E0,-3.135978699E-1,2.014959869E0
6.071974167E-1,9.577234039E0,-3.914360046E-1,1.927242279E0
6.171524167E-1,9.576186218E0,-4.385879517E-1,1.943258972E0
6.271074167E-1,9.616003418E0,-4.405339050E-1,1.993105316E0
6.370634167E-1,9.660161591E0,-4.504133606E-1,2.047891388E0
6.470184167E-1,9.697733459E0,-4.719685364E-1,2.003733215E0
6.569734167E-1,9.655970306E0,-4.221221924E-1,1.898202667E0
6.669284166E-1,9.567803650E0,-3.179388428E-1,1.841470642E0
6.768834167E-1,9.445807343E0,-3.017724609E-1,1.886377258E0
6.868384167E-1,9.374705200E0,-2.954855347E-1,1.923649750E0
6.967934166E-1,9.400451660E0,-3.177891541E-1,1.967658234E0
7.067484166E-1,9.464668121E0,-3.577560425E-1,2.025138702E0
7.167034167E-1,9.568552094E0,-3.459306335E-1,2.023492126E0
7.266584167E-1,9.660760345E0,-2.406994629E-1,2.014211426E0
7.366134166E-1,9.706864471E0,-1.728904724E-1,2.033072205E0
7.465684167E-1,9.723928986E0,-1.651066589E-1,2.065255280E0
7.565234167E-1,9.738897858E0,-1.881587219E-1,2.063009949E0
7.664784167E-1,9.743388519E0,-1.369651794E-1,2.014810181E0
7.764344166E-1,9.720486145E0,-7.259902954E-2,1.942809906E0
7.863894167E-1,9.671837311E0,-3.098556519E-2,1.951491852E0
7.963444167E-1,9.645043030E0,-6.735992432E-3,1.978884888E0
8.062994166E-1,9.607620850E0,3.442840576E-2,1.998194733E0
8.162544167E-1,9.605674896E0,2.664459229E-2,2.017354889E0
8.262094167E-1,9.622290344E0,-3.757186890E-2,2.000589752E0
8.361644167E-1,9.636810150E0,-6.676116943E-2,1.959874420E0
8.461194166E-1,9.663903809E0,-1.082249451E-1,1.944755859E0
8.560744167E-1,9.620643768E0,-1.419049072E-1,1.946252747E0
8.660294167E-1,9.541159058E0,-1.362167358E-1,1.973496094E0
8.759844166E-1,9.485474854E0,-1.498384094E-1,1.999691620E0
8.859394167E-1,9.467811584E0,-1.859133911E-1,1.993255005E0
8.958944167E-1,9.483379211E0,-2.251318359E-1,1.984123993E0
9.058494167E-1,9.500743103E0,-2.746788025E-1,2.006128235E0
9.158044166E-1,9.493258667E0,-2.853067017E-1,2.073937225E0
9.257604167E-1,9.502539368E0,-3.022215271E-1,2.173629913E0
9.357154167E-1,9.539961548E0,-2.951861572E-1,2.202669525E0
9.456704166E-1,9.579629059E0,-3.089575195E-1,2.082020416E0
9.556254167E-1,9.572444000E0,-2.950364685E-1,1.960024109E0
9.655804167E-1,9.544901276E0,-2.595602417E-1,1.977687378E0
9.755354167E-1,9.559421082E0,-2.495310974E-1,2.032174072E0
9.854904166E-1,9.568552094E0,-2.676434326E-1,2.054777069E0
9.954454167E-1,9.598040771E0,-3.397933960E-1,2.097288666E0
1.005400417E0,9.589059448E0,-4.005670166E-1,2.133213959E0
1.015355417E0,9.534722443E0,-4.384382629E-1,2.129771118E0
1.025310417E0,9.497000885E0,-4.644841003E-1,2.126178589E0
1.035265417E0,9.479936371E0,-5.051994324E-1,2.117646332E0
1.045220417E0,9.497000885E0,-5.457650757E-1,2.117197266E0
1.055174708E0,9.561816101E0,-5.081932068E-1,2.124082947E0
1.065130708E0,9.610914001E0,-3.757186890E-1,2.160008240E0
1.075085708E0,9.584568787E0,-2.824626160E-1,2.233355713E0
1.085040708E0,9.524693298E0,-2.329156494E-1,2.248474274E0
1.094995708E0,9.483528900E0,-2.154020691E-1,2.209405518E0
1.104950708E0,9.478888550E0,-2.330653381E-1,2.124232635E0
1.114905708E0,9.539362793E0,-2.606080627E-1,2.049238586E0
1.124860708E0,9.591454468E0,-3.290158081E-1,1.974094849E0
1.134815708E0,9.594747620E0,-3.468287659E-1,1.952689362E0
1.144770708E0,9.555529175E0,-3.854484558E-1,1.980232086E0
1.154725708E0,9.525142365E0,-4.441264343E-1,2.022144928E0
1.164680708E0,9.513316956E0,-4.924758911E-1,2.037562866E0
1.174635708E0,9.562414856E0,-5.004093933E-1,2.057770844E0
1.184590708E0,9.602531433E0,-4.785548401E-1,2.077230377E0
1.194545708E0,9.621841278E0,-4.052073669E-1,2.097737732E0
1.204500708E0,9.617500305E0,-3.722758484E-1,2.140997772E0
1.214456708E0,9.618997192E0,-3.290158081E-1,2.145488434E0
1.224411708E0,9.634864197E0,-2.642005920E-1,2.094594269E0
1.234366708E0,9.664801941E0,-2.113604736E-1,2.024090881E0
1.244321708E0,9.717492371E0,-1.128652954E-1,2.000739441E0
1.254276708E0,9.705816650E0,-7.858657837E-2,2.001038818E0
1.264231708E0,9.604776764E0,-1.959425354E-1,2.021695862E0
1.274186708E0,9.452693024E0,-3.068618774E-1,1.997296600E0
1.284141708E0,9.444460144E0,-3.296145630E-1,1.891616364E0
1.294096708E0,9.490863647E0,-3.737727356E-1,1.879940643E0
1.304051708E0,9.444460144E0,-4.303550720E-1,1.976789246E0
1.314006708E0,9.452243958E0,-3.432362366E-1,2.044598236E0
1.323961708E0,9.455537109E0,-3.191363525E-1,2.074535980E0
1.333916708E0,9.471404114E0,-1.969903564E-1,2.089504852E0
1.343871708E0,9.501940613E0,-2.230361938E-1,2.094145203E0
1.353827708E0,9.507479095E0,-2.168989563E-1,2.077080688E0
1.363782708E0,9.639205170E0,-1.380130005E-1,2.070045319E0
1.373737708E0,9.652228088E0,-9.325607300E-2,2.130220184E0
1.383692708E0,9.544901276E0,-2.076182556E-1,2.166295166E0
1.393647708E0,9.520352325E0,-2.764750671E-1,2.147135010E0
1.403602708E0,9.428144073E0,-3.775149536E-1,2.143991547E0
1.413557708E0,9.411528625E0,-4.305047607E-1,2.158511353E0
1.423512708E0,9.445058899E0,-4.713697815E-1,2.172881470E0
1.433467708E0,9.517657928E0,-4.724176025E-1,2.177821198E0
1.443422708E0,9.565408630E0,-4.643344116E-1,2.143542480E0
1.453377708E0,9.670041046E0,-3.975732422E-1,2.080373840E0
1.463332708E0,9.697134705E0,-3.372486877E-1,2.117047577E0
1.473287708E0,9.709858246E0,-3.224295044E-1,2.161804504E0
1.483242708E0,9.731563110E0,-3.124003601E-1,2.100132751E0
1.493198708E0,9.667047272E0,-2.053729248E-1,2.052980804E0
1.503153708E0,9.640702057E0,-1.242416382E-2,2.057321777E0
1.513108708E0,9.656868439E0,1.528321838E-1,2.062560883E0
1.523063708E0,9.652078400E0,3.083587646E-1,2.125879211E0
1.533018708E0,9.574988708E0,3.365002441E-1,2.214045868E0
1.542973708E0,9.499994659E0,3.674858093E-1,2.263742523E0
1.552928708E0,9.448801117E0,3.125500488E-1,2.261497192E0
1.562883708E0,9.367819519E0,2.062710571E-1,2.160756683E0
1.572838708E0,9.214687958E0,9.190887451E-2,2.039059753E0
1.582793708E0,9.119635620E0,-2.215393066E-2,1.898502045E0
1.592748708E0,9.165739746E0,-6.182144165E-2,1.882185974E0
1.602703708E0,9.233249359E0,-2.978805542E-2,2.009421387E0
1.612658708E0,9.307045898E0,-3.457809448E-2,2.189496918E0
1.622613708E0,9.376052399E0,-9.999206543E-2,2.516417084E0
1.632568708E0,9.370663605E0,-2.228865051E-1,2.955454102E0
1.642524708E0,9.373507690E0,-4.117936707E-1,3.291654968E0
1.652479708E0,9.231602783E0,-6.891668701E-1,3.435655518E0
1.662434708E0,9.421707458E0,-8.379574585E-1,3.544329529E0
1.672389708E0,9.931846619E0,-7.882608032E-1,3.582051086E0
1.682344708E0,9.602082367E0,-6.457571411E-1,3.896098022E0
1.692299708E0,9.154513092E0,-4.959187317E-1,4.309238892E0
1.702254708E0,9.396859131E0,-5.562432861E-1,4.223317566E0
1.712209708E0,9.910890198E0,-3.775149536E-1,3.833827515E0
1.722164708E0,9.880054321E0,-1.359173584E-1,3.565585327E0
1.732119708E0,9.916129303E0,2.395019531E-3,3.344944153E0
1.742074708E0,9.794132996E0,1.865121460E-1,3.025807800E0
1.752029708E0,9.560618591E0,2.749781799E-1,2.625540161E0
1.761984708E0,9.301956482E0,2.941383362E-1,2.306852875E0
1.771939708E0,9.088650055E0,3.676354980E-1,2.192341003E0
1.781895708E0,8.908724213E0,4.168830872E-1,2.297572174E0
1.791850708E0,8.775052185E0,5.258564758E-1,2.498454437E0
1.801805708E0,8.783135376E0,6.474037170E-1,2.625240784E0
1.811760708E0,8.818461914E0,6.530918884E-1,2.731968842E0
1.821715708E0,8.825197906E0,5.596861267E-1,2.823877716E0
1.831670708E0,8.743467865E0,5.050497437E-1,2.886597290E0
1.841625708E0,8.695417786E0,4.611909485E-1,3.008743286E0
1.851580708E0,8.804840240E0,3.441343689E-1,3.130440216E0
1.861535708E0,8.950187988E0,2.514770508E-1,3.306474152E0
1.871490708E0,8.905880127E0,1.796264648E-1,3.470383301E0
1.881445708E0,8.875942383E0,1.429527283E-1,3.396736450E0
1.891400708E0,8.928034058E0,4.640350342E-2,3.238814850E0
1.901355708E0,8.866661682E0,-1.320254517E-1,3.149600372E0
1.911310708E0,8.815318451E0,-8.322692871E-2,3.317401428E0
1.921266708E0,8.573421478E0,4.849914551E-2,3.609294434E0
1.931221708E0,8.481961670E0,5.119354248E-2,3.659589844E0
1.941176708E0,8.638236694E0,8.158035278E-2,3.471880188E0
1.951131708E0,8.868158569E0,1.321751404E-1,3.289559326E0
1.961086708E0,9.146429901E0,2.260299683E-2,3.314108276E0
1.971041708E0,9.270821228E0,-4.939727783E-2,3.565285950E0
1.980996708E0,9.224268036E0,-3.742218018E-2,3.698209534E0
1.990951708E0,9.263935547E0,-1.175056458E-1,3.505410461E0
2.000906708E0,9.278305664E0,-1.787283325E-1,3.440894623E0
2.010861708E0,9.189839630E0,-1.360670471E-1,3.649560699E0
2.020816708E0,9.029822388E0,-1.294807434E-1,3.839964752E0
2.030771708E0,8.849148102E0,-1.875599670E-1,3.787723389E0
2.040726708E0,8.715176697E0,-2.248324585E-1,3.733985138E0
2.050681708E0,8.617280273E0,-1.859133911E-1,3.799099731E0
2.060639458E0,8.608897705E0,-8.262817383E-2,3.792962494E0
2.070595458E0,8.563542023E0,1.240919495E-1,3.757635956E0
2.080550458E0,8.513096924E0,3.935316467E-1,3.745211792E0
2.090505458E0,8.529113617E0,5.908213806E-1,3.671564941E0
2.100460458E0,8.484805756E0,7.134164429E-1,3.622766418E0
2.110415458E0,8.475525055E0,7.095245361E-1,3.698359222E0
2.120370458E0,8.471184082E0,6.051914978E-1,3.880081329E0
2.130325458E0,8.484356689E0,4.724176025E-1,3.966302032E0
2.140280458E0,8.515941010E0,3.511697388E-1,3.816014557E0
2.150235458E0,8.549321594E0,2.040257263E-1,3.782035217E0
2.160190458E0,8.682694244E0,4.595443726E-2,3.859424286E0
2.170145458E0,8.798253937E0,1.582209778E-1,3.877985687E0
2.180100458E0,8.886121216E0,2.559677124E-1,3.808829498E0
2.190055458E0,8.921896820E0,2.761756897E-1,3.671564941E0
2.200010458E0,8.858877869E0,3.444337463E-1,3.646716614E0
2.209966458E0,8.977131958E0,3.873944092E-1,3.907474365E0
2.219921458E0,8.832083588E0,2.613565063E-1,4.260590057E0
2.229876458E0,8.696465607E0,2.894979858E-1,4.316873016E0
2.239831458E0,8.591384125E0,5.113366699E-1,4.164789276E0
2.249786458E0,8.584049377E0,6.015989685E-1,3.979025574E0
2.259741458E0,8.649762726E0,6.236032104E-1,3.895648956E0
2.269696458E0,8.720415802E0,6.987469482E-1,4.039350128E0
2.279651458E0,8.849148102E0,7.553292847E-1,4.328698425E0
2.289606458E0,9.114845581E0,7.069798279E-1,4.558769989E0
2.299561458E0,9.572743378E0,7.219487000E-1,4.517306213E0
2.309516458E0,1.038645126E1,9.993218994E-1,4.126169586E0
2.319471458E0,1.121003860E1,1.328188019E0,3.708837433E0
2.329426458E0,1.218660782E1,1.494941254E0,3.310964813E0
2.339381458E0,1.326047470E1,1.624871063E0,3.310366058E0
2.349336458E0,1.381567017E1,1.135388947E0,3.478616180E0
2.359292458E0,1.329340622E1,-1.395098877E-1,4.049379272E0
2.369247458E0,1.261411880E1,-1.020877075E0,4.796625366E0
2.379202458E0,1.214589249E1,-1.494791565E0,5.190306702E0
2.389157458E0,1.150821854E1,-1.539847870E0,5.319637756E0
2.399112458E0,1.093131821E1,-9.675878906E-1,5.127587128E0
2.409067458E0,1.050650162E1,-1.706451416E-1,4.205803986E0
2.419022458E0,1.034543655E1,4.183799744E-1,2.670895844E0
2.428977458E0,1.023571472E1,7.532336426E-1,1.513352966E0
2.438932458E0,1.030187714E1,9.547146606E-1,9.190887451E-1
2.448887458E0,1.019020935E1,8.906478882E-1,5.105882263E-1
2.458842458E0,9.850116577E0,5.914201355E-1,4.001179504E-1
2.468797458E0,9.489366760E0,2.977308655E-1,4.882846069E-1
2.478752458E0,9.201215973E0,-5.089416504E-3,5.882766724E-1
2.488707458E0,8.868457947E0,-2.859054565E-1,4.471202087E-1
2.498663458E0,8.467292175E0,-5.189707947E-1,3.448828125E-1
2.508618458E0,8.212372284E0,-6.161187744E-1,5.167254639E-1
2.518573458E0,8.298592987E0,-4.275109863E-1,7.842192078E-1
2.528528458E0,8.630752258E0,-2.791694641E-1,9.780661011E-1
2.538483458E0,8.981023865E0,-3.188369751E-1,1.067879333E0
2.548438458E0,9.196425934E0,-4.659809875E-1,9.780661011E-1
2.558393458E0,9.159003754E0,-8.622070312E-2,1.404080200E0
2.568348458E0,9.293723602E0,5.568420410E-1,1.860331421E0
2.578303458E0,9.764494629E0,5.513035583E-1,1.901645508E0
2.588258458E0,1.007704468E1,3.855981445E-1,2.185155945E0
2.598213458E0,1.019155655E1,2.234852600E-1,2.459834747E0
2.608168458E0,1.006312363E1,1.562750244E-1,2.622396698E0
2.618123458E0,9.833650818E0,1.799258423E-1,2.679278412E0
2.628078458E0,9.342372437E0,1.607656860E-1,2.571801910E0
2.638033458E0,8.942104797E0,6.122268677E-2,2.419418793E0
2.647989458E0,8.717122650E0,2.709365845E-2,2.252366180E0
2.657944458E0,8.386609955E0,-9.086105347E-2,2.107168121E0
2.667899458E0,8.308472443E0,-3.716770935E-1,2.083666992E0
2.677854458E0,8.391549683E0,-4.923262024E-1,2.128423920E0
2.687809458E0,7.994874573E0,-7.173083496E-1,2.439926147E0
2.697764458E0,7.654183044E0,-8.285270691E-1,2.543061676E0
2.707719458E0,7.560028839E0,-7.695497131E-1,2.301464081E0
2.717674458E0,7.563022614E0,-7.704478455E-1,2.188598785E0
2.727629458E0,7.517517242E0,-1.035247192E0,2.377056885E0
2.737584458E0,7.719147949E0,-1.191971283E0,2.584824829E0
2.747539458E0,8.405770111E0,-1.097817078E0,2.670596466E0
2.757494458E0,8.751401367E0,-9.425898743E-1,2.669548645E0
2.767449458E0,8.974138184E0,-8.223898315E-1,2.702929230E0
2.777404458E0,9.127120056E0,-7.409591675E-1,2.622097321E0
2.787360458E0,9.003327484E0,-7.077282715E-1,2.675386505E0
2.797315458E0,8.945248260E0,-6.908134460E-1,2.996917877E0
2.807270458E0,9.092991028E0,-4.611909485E-1,3.238515472E0
2.817225458E0,8.957522736E0,-4.093986511E-1,3.306773529E0
2.827180458E0,8.845555573E0,-4.683760071E-1,3.376977539E0
2.837135458E0,9.050329742E0,-5.337899780E-1,3.369343414E0
2.847090458E0,8.743318176E0,-4.144880676E-1,3.434458008E0
2.857045458E0,8.576115875E0,-3.138972473E-1,3.237767029E0
2.867000458E0,8.530610504E0,-2.820135498E-1,2.888692932E0
2.876955458E0,8.545279999E0,-3.583547974E-1,2.682122498E0
2.886910458E0,8.695717163E0,-1.046324158E-1,2.865191803E0
2.896865458E0,8.853788452E0,1.689985657E-1,3.191962280E0
2.906820458E0,8.817264404E0,1.261875916E-1,3.480412445E0
2.916775458E0,8.534203033E0,-5.613327026E-2,3.540437622E0
2.926730458E0,8.416098633E0,-3.306623840E-1,3.483855286E0
2.936686458E0,8.674012299E0,-5.037025452E-1,3.329975281E0
2.946641458E0,9.170230408E0,-5.706134033E-1,3.056344299E0
2.956596458E0,9.629325714E0,-6.393205261E-1,2.819985809E0
2.966551458E0,9.795180817E0,-7.927514648E-1,2.877466278E0
2.976506458E0,9.626331940E0,-9.735754395E-1,3.191662903E0
2.986461458E0,9.177116089E0,-1.072968750E0,3.700754242E0
2.996416458E0,8.657396851E0,-1.122066650E0,4.070186005E0
3.006371458E0,8.353379059E0,-1.036893768E0,4.311334534E0
3.016326458E0,8.670569458E0,-7.093748474E-1,4.549788666E0
3.026281458E0,9.230704651E0,-4.432283020E-1,4.896617432E0
3.036236458E0,9.782606964E0,-2.674937439E-1,5.477110291E0
3.046191458E0,1.022388931E1,-1.222956848E-1,6.121669922E0
3.056144542E0,1.025756927E1,-2.110610962E-2,6.322402496E0
3.066099542E0,9.991273041E0,-7.858657837E-2,5.979016571E0
3.076054542E0,9.659862213E0,-3.068618774E-2,5.484295349E0
3.086010542E0,9.384884033E0,4.790039062E-3,5.135370941E0
3.095965542E0,9.066645813E0,2.387535095E-1,5.174739075E0
3.105920542E0,8.891060944E0,5.694158936E-1,5.334906006E0
3.115875542E0,9.547745361E0,6.788383484E-1,5.038073273E0
3.125830542E0,1.099703156E1,-4.670288086E-1,4.025279388E0
3.135785542E0,1.253223907E1,-1.969005432E0,1.740281067E0
3.145740542E0,1.295076874E1,-2.800825653E0,1.173858948E0
3.155695542E0,1.198198334E1,-3.047662354E0,3.013683014E0
3.165650542E0,1.138382721E1,-1.620081024E0,5.032385101E0
3.175605542E0,1.178993271E1,-1.377136230E-2,5.996081085E0
3.185560542E0,1.206595871E1,2.562670898E-1,5.109923859E0
3.195515542E0,1.149160309E1,-2.170486450E-2,3.168012085E0
3.205470542E0,1.041324554E1,-1.565744019E-1,2.054926758E0
3.215425542E0,9.561666412E0,-3.031196594E-1,1.646575928E0
3.225380542E0,8.833879852E0,-2.788700867E-1,1.215023346E0
3.235336542E0,8.126600647E0,-2.824626160E-1,5.116360474E-1
3.245291542E0,7.879464569E0,-2.951861572E-1,-1.468446350E-1
3.255246542E0,8.485853577E0,-5.147795105E-1,-5.707630920E-1
3.265201542E0,9.623637543E0,-9.620494080E-1,-5.207670593E-1
3.275156542E0,1.064496368E1,-1.266965332E0,3.622467041E-2
3.285111542E0,1.111678253E1,-1.309177551E0,9.753717041E-1
3.295066542E0,1.096380066E1,-1.546134796E0,2.033670959E0
3.305021542E0,1.064361649E1,-1.768272858E0,2.803070984E0
3.314976542E0,1.059242294E1,-1.615440674E0,2.899769897E0
3.324931542E0,9.924362183E0,-1.109792175E0,2.462229767E0
3.334886542E0,9.241931305E0,-5.188211060E-1,1.926044769E0
3.344841542E0,9.866432648E0,-1.188528442E-1,1.694176941E0
3.354796542E0,9.896220703E0,-9.729766846E-2,1.688638458E0
3.364751542E0,9.157057800E0,-2.677931213E-1,1.646276550E0
3.374707542E0,8.649163971E0,-3.719764709E-1,1.629511414E0
3.384662542E0,8.280031586E0,-3.185375977E-1,1.886826324E0
3.394617542E0,8.220605164E0,-1.498384094E-1,2.161654816E0
3.404572542E0,8.377179565E0,2.050735474E-2,2.262095947E0
3.414527542E0,8.429720306E0,1.496887207E-2,2.411185913E0
3.424482542E0,8.525670776E0,-2.564167786E-1,2.546654205E0
3.434437542E0,8.712182922E0,-5.029541016E-1,2.414029999E0
3.444392542E0,8.731193390E0,-5.896238708E-1,2.325713654E0
3.454347542E0,8.682394867E0,-6.228547668E-1,2.343376923E0
3.464302542E0,8.847202148E0,-5.025050354E-1,2.301613770E0
3.474257542E0,8.661588135E0,-3.279679871E-1,2.333198090E0
3.484212542E0,8.203540649E0,-1.552272034E-1,2.440524902E0
3.494167542E0,8.052654419E0,-5.358856201E-2,2.378853149E0
3.504122542E0,7.841443634E0,1.646575928E-2,2.301314392E0
3.514077542E0,7.996521149E0,-2.350112915E-2,2.494113464E0
3.524033542E0,8.501121826E0,4.355941772E-2,2.729873199E0
3.533988542E0,8.445587311E0,1.950444031E-1,3.128643951E0
3.543943542E0,8.502019958E0,4.700225830E-2,3.234174500E0
3.553898542E0,8.790170746E0,3.338058472E-2,3.226240997E0
3.563853542E0,8.931925964E0,2.260299683E-2,3.175047455E0
3.573808542E0,8.964109039E0,-6.301895142E-2,3.363804932E0
3.583763542E0,8.955876160E0,-1.757345581E-1,3.562441864E0
3.593718542E0,8.807384949E0,-1.561253357E-1,3.577859802E0
3.603673542E0,8.755742340E0,-4.296066284E-2,3.631897430E0
3.613628542E0,8.729546814E0,8.352630615E-2,3.672762451E0
3.623583542E0,8.669521637E0,8.562194824E-2,3.808979187E0
3.633538542E0,8.518186340E0,-5.104385376E-2,4.063899078E0
3.643493542E0,8.403973846E0,-2.032772827E-1,4.046684875E0
3.653448542E0,8.429420929E0,-5.484594727E-1,3.574716339E0
3.663403542E0,8.441545715E0,-6.864724731E-1,3.367846527E0
3.673359542E0,8.401279449E0,-8.693920898E-1,3.479664001E0
3.683314542E0,8.397088165E0,-8.190966797E-1,3.682492218E0
3.693269542E0,8.425978088E0,-7.423063660E-1,3.803889771E0
3.703224542E0,8.500523071E0,-6.198609924E-1,3.752247162E0
3.713179542E0,8.617429962E0,-5.990542603E-1,3.623664551E0
3.723134542E0,8.647816772E0,-6.367758179E-1,3.469485168E0
3.733089542E0,8.562943268E0,-4.652325439E-1,3.388503571E0
3.743044542E0,8.577014008E0,-4.282594299E-1,3.465443573E0
3.752999542E0,8.784332886E0,-6.369255066E-1,3.561094666E0
3.762954542E0,8.945697327E0,-7.753875732E-1,3.730991364E0
3.772909542E0,9.056017914E0,-8.482859802E-1,3.940555573E0
3.782864542E0,9.245374146E0,-8.430468750E-1,4.045936432E0
3.792819542E0,9.198521576E0,-7.063810730E-1,3.939956818E0
3.802774542E0,9.005273438E0,-6.050418091E-1,3.879332886E0
3.812729542E0,8.873996429E0,-7.090754700E-1,4.032763824E0
3.822685542E0,8.868907013E0,-6.276448059E-1,4.270768890E0
3.832640542E0,8.919801178E0,-5.569917297E-1,4.586761780E0
3.842595542E0,8.878337402E0,-5.510041809E-1,4.954397278E0
3.852550542E0,8.862320709E0,-4.806504822E-1,5.142256622E0
3.862505542E0,8.831484833E0,-5.306465149E-1,5.209167480E0
3.872460542E0,9.318721619E0,-5.911207581E-1,4.884941711E0
3.882415542E0,1.043075912E1,-2.294728088E-1,4.339176636E0
3.892370542E0,1.177032349E1,2.550695801E-1,3.569028168E0
3.902325542E0,1.322963882E1,3.586541748E-1,2.217937775E0
3.912280542E0,1.473206451E1,6.454577637E-1,1.832788696E0
3.922235542E0,1.433688629E1,4.046086121E-1,3.260519714E0
3.932190542E0,1.253852600E1,-4.655319214E-1,5.069358215E0
3.942145542E0,1.207718536E1,-1.031504974E0,4.798721008E0
3.952100542E0,1.141406433E1,-1.489103394E0,3.267255707E0
3.962055542E0,1.090587112E1,-1.732048187E0,2.422562256E0
3.972011542E0,1.040441391E1,-1.767225037E0,2.026485901E0
3.981966542E0,9.805659027E0,-1.554667053E0,1.750609589E0
3.991921542E0,9.260193329E0,-1.098116455E0,1.492246857E0
4.001876542E0,8.718469849E0,-6.027964783E-1,1.317709808E0
4.011831542E0,8.287815399E0,-1.459465027E-1,1.038839722E0
4.021786542E0,8.125403137E0,2.899470520E-1,5.990542603E-1
4.031741542E0,8.165370026E0,4.939727783E-1,3.701802063E-1
4.041696542E0,8.335266724E0,4.888833618E-1,4.926255798E-1
4.051651542E0,8.788224792E0,3.734733582E-1,9.334588623E-1
4.061605792E0,9.179660797E0,3.059637451E-1,1.733545074E0
4.071560792E0,9.579629059E0,2.107617188E-1,2.374212799E0
4.081515792E0,9.962233429E0,-1.959425354E-1,2.659519501E0
4.091470792E0,1.010069550E1,-5.954617310E-1,2.929258575E0
4.101425792E0,9.975855103E0,-8.147557068E-1,3.149001617E0
4.111381792E0,9.718091125E0,-7.978408813E-1,3.306025085E0
4.121336792E0,9.505233765E0,-6.724017334E-1,3.270099792E0
4.131291792E0,9.215885468E0,-8.361611938E-1,2.879262543E0
4.141246792E0,9.016949158E0,-9.400451660E-1,2.434986420E0
4.151201792E0,8.521479492E0,-9.237290955E-1,2.251168671E0
4.161156792E0,7.879614258E0,-8.628057861E-1,2.274969177E0
4.171111792E0,7.681576080E0,-6.833290100E-1,2.213896179E0
4.181066792E0,7.727530518E0,-3.650907898E-1,2.132315826E0
4.191021792E0,7.777376862E0,-1.654060364E-1,2.146985321E0
4.200976792E0,7.805368652E0,-9.639953613E-2,2.261048126E0
4.210931792E0,7.990383911E0,-1.243913269E-1,2.475851440E0
4.220886792E0,8.177045746E0,-9.520202637E-2,2.840792542E0
4.230841792E0,8.267308044E0,-1.567240906E-1,3.179538116E0
4.240796792E0,8.385711823E0,-4.537065125E-1,3.330873413E0
4.250751792E0,8.653205566E0,-7.285350037E-1,3.226390686E0
4.260706792E0,8.699758759E0,-8.277786255E-1,3.036286011E0
4.270662792E0,8.492439880E0,-8.984317017E-1,3.110082550E0
4.280617792E0,8.512947235E0,-7.849676514E-1,3.238515472E0
4.290572792E0,8.730594635E0,-6.613247681E-1,3.187022552E0
4.300527792E0,8.836873627E0,-7.432044983E-1,3.163820801E0
4.310482792E0,8.983269196E0,-7.165599060E-1,3.204685822E0
4.320437792E0,9.076525269E0,-6.866221619E-1,3.202590179E0
4.330392792E0,9.099577332E0,-6.397695923E-1,3.248694305E0
4.340347792E0,9.042096863E0,-6.566844177E-1,3.776945801E0
4.350302792E0,8.841513977E0,-7.768844604E-1,3.832779694E0
4.360257792E0,8.769364014E0,-8.669970703E-1,3.745062103E0
4.370212792E0,8.763825531E0,-8.702902222E-1,3.731739807E0
4.380167792E0,8.607999573E0,-7.268884277E-1,3.745062103E0
4.390122792E0,8.519982605E0,-6.959028625E-1,3.649860077E0
4.400077792E0,8.484356689E0,-6.968009949E-1,3.497626648E0
4.410033792E0,8.524173889E0,-5.249583435E-1,3.351380768E0
4.419988792E0,8.601113892E0,-4.441264343E-1,3.307971039E0
4.429943792E0,8.630303192E0,-3.396437073E-1,3.361559601E0
4.439898792E0,8.539442139E0,-1.749861145E-1,3.508703613E0
4.449853792E0,8.535699921E0,-2.847079468E-1,3.695215759E0
4.459808792E0,8.629105682E0,-6.195616150E-1,3.918401642E0
4.469763792E0,8.726103973E0,-1.023272095E0,3.854933624E0
4.479718792E0,8.782686310E0,-1.005159760E0,3.575913849E0
4.489673792E0,8.716224518E0,-1.019230499E0,3.285817108E0
4.499628792E0,8.681197357E0,-1.115779724E0,3.048859863E0
4.509583792E0,8.581804047E0,-1.064286804E0,3.124602356E0
4.519538792E0,8.751850433E0,-9.924362183E-1,3.513343964E0
4.529493792E0,9.060358887E0,-8.394543457E-1,3.962410126E0
4.539448792E0,9.320368195E0,-5.069956970E-1,4.227508850E0
4.549403792E0,9.478888550E0,-1.785786438E-1,4.229903870E0
4.559359792E0,9.551637268E0,-1.202000427E-1,4.280049591E0
4.569314792E0,9.245224457E0,1.193019104E-1,4.278253326E0
4.579269792E0,9.079369354E0,1.983375549E-1,4.183051300E0
4.589224792E0,9.135053558E0,1.378633118E-1,4.042792969E0
4.599179792E0,9.159602509E0,-1.203497314E-1,4.189936981E0
4.609134792E0,9.073980560E0,-2.213896179E-1,4.644841003E0
4.619089792E0,9.030421143E0,-1.049317932E-1,5.138065338E0
4.629044792E0,8.947493591E0,-1.166075134E-1,5.476511536E0
4.638999792E0,8.746461639E0,-1.558259583E-1,5.598208466E0
4.648954792E0,8.835975494E0,-1.468446350E-1,5.325924683E0
4.658909792E0,9.610464935E0,-1.956431580E-1,4.755760345E0
4.668864792E0,1.050365753E1,-1.076710968E0,4.193230133E0
4.678819792E0,1.153980286E1,-2.037712555E0,3.127296753E0
4.688774792E0,1.215696945E1,-2.366279297E0,2.625091095E0
4.698729792E0,1.204410416E1,-1.461860046E0,3.498674469E0
4.708685792E0,1.223585541E1,8.083190918E-2,4.541705475E0
4.718640792E0,1.282802399E1,1.075812836E0,4.962181091E0
4.728595792E0,1.283146683E1,1.216220856E0,4.754862213E0
4.738550792E0,1.210427902E1,1.049916687E0,3.801345062E0
4.748505792E0,1.145986908E1,3.849993896E-1,2.644850006E0
4.758460792E0,1.022748184E1,-4.725672913E-1,2.023791504E0
4.768415792E0,9.358987885E0,-1.250499573E0,1.725611572E0
4.778370792E0,9.050928497E0,-1.691033478E0,1.448088684E0
4.788325792E0,8.994346161E0,-2.003583527E0,1.065184937E0
4.798280792E0,9.046437836E0,-2.240241394E0,6.764433289E-1
4.808235792E0,9.179810486E0,-2.203268280E0,4.438270569E-1
4.818190792E0,9.277856598E0,-2.036065979E0,5.839356995E-1
4.828145792E0,9.306297455E0,-1.836381226E0,9.611512756E-1
4.838100792E0,9.485025787E0,-1.639241180E0,1.348695374E0
4.848055792E0,9.813742218E0,-1.276844788E0,1.745220795E0
4.858011792E0,1.024858795E1,-8.247848511E-1,2.017654266E0
4.867966792E0,1.001133133E1,-4.173321533E-1,2.270927582E0
4.877921792E0,9.854756927E0,-2.927911377E-1,2.643951874E0
4.887876792E0,1.071067703E1,-2.026785278E-1,2.773432617E0
4.897831792E0,1.022688309E1,-1.546284485E-1,2.828817444E0
4.907786792E0,9.427096252E0,-5.155279541E-1,2.731819153E0
4.917741792E0,8.936266937E0,-9.297166443E-1,2.455344086E0
4.927696792E0,8.698411560E0,-1.205892334E0,2.208657074E0
4.937651792E0,8.535101166E0,-1.437610474E0,2.167492676E0
4.947606792E0,8.438102875E0,-1.377136230E0,2.154320068E0
4.957561792E0,8.532556458E0,-1.135538635E0,2.010319519E0
4.967516792E0,8.563991089E0,-7.870632935E-1,1.951940918E0
4.977471792E0,8.492739258E0,-5.947132874E-1,2.242636414E0
4.987426792E0,8.399034119E0,-3.951782227E-1,2.722688141E0
4.997381792E0,8.693471832E0,-1.200503540E-1,3.058889008E0
5.007337792E0,8.961564331E0,7.828720093E-2,3.084485779E0
5.017292792E0,8.884774017E0,-1.026864624E-1,3.010539551E0
5.027247792E0,8.929980011E0,-4.414320374E-1,2.948568420E0
5.037202792E0,9.098230133E0,-5.854325867E-1,2.697390747E0
5.047157792E0,9.123078461E0,-4.305047607E-1,2.483186188E0
5.057113083E0,8.832981720E0,-5.837860107E-1,2.542612610E0
5.067068083E0,7.934849396E0,-5.447172546E-1,2.704725494E0
5.077023083E0,7.356751556E0,-4.246669006E-1,2.646945648E0
5.086978083E0,7.355703735E0,-3.975732422E-1,2.604284363E0
5.096933083E0,7.617209930E0,-3.204835510E-1,2.707569580E0
5.106888083E0,7.933801575E0,-1.636097717E-1,2.883304138E0
5.116843083E0,8.203540649E0,-3.936813354E-2,3.062331848E0
5.126798083E0,8.556207275E0,-1.556762695E-2,3.374582520E0
5.136753083E0,8.940009155E0,6.361770630E-2,3.536396027E0
5.146708083E0,8.982820129E0,1.454974365E-1,3.566333771E0
5.156664083E0,8.951535187E0,-1.990859985E-2,3.727548523E0
5.166619083E0,9.139394531E0,-3.676354980E-1,3.948489075E0
5.176574083E0,9.143136749E0,-6.451583862E-1,3.946692810E0
5.186529083E0,9.068442078E0,-9.002279663E-1,3.767665100E0
5.196484083E0,8.976832581E0,-9.467811584E-1,3.741768951E0
5.206439083E0,8.743617554E0,-9.626481628E-1,3.995790710E0
5.216394083E0,8.499774628E0,-8.725355530E-1,4.405488739E0
5.226349083E0,8.265811157E0,-6.896159363E-1,4.516108704E0
5.236304083E0,8.200696564E0,-4.219725037E-1,4.210893402E0
5.246259083E0,8.141120453E0,-1.323248291E-1,3.741319885E0
5.256214083E0,8.112529907E0,1.630110168E-1,3.406915283E0
5.266169083E0,8.028255157E0,2.375559998E-1,3.335962830E0
5.276124083E0,7.968978424E0,7.948471069E-2,3.440146179E0
5.286079083E0,8.192613373E0,-2.609074402E-1,3.534300385E0
5.296034083E0,8.799750824E0,-7.637118530E-1,3.629502411E0
5.305990083E0,9.311386871E0,-9.607022095E-1,3.870052185E0
5.315945083E0,9.329349518E0,-1.113384705E0,4.254303131E0
5.325900083E0,9.068142700E0,-1.325792999E0,4.513863373E0
5.335855083E0,8.918453979E0,-1.416055298E0,4.522844696E0
5.345810083E0,8.962312775E0,-1.336121521E0,4.426295471E0
5.355765083E0,8.824299774E0,-1.291514282E0,4.448000336E0
5.365720083E0,8.589737549E0,-1.311422882E0,4.536616058E0
5.375675083E0,8.520880737E0,-1.298100586E0,4.639302521E0
5.385630083E0,8.486751709E0,-1.302591248E0,4.598736877E0
5.395585083E0,8.325536957E0,-1.279389496E0,4.468208313E0
5.405540083E0,8.198750610E0,-1.325343933E0,4.386029205E0
5.415495083E0,8.177345123E0,-1.387165375E0,4.325255585E0
5.425450083E0,8.235274658E0,-1.347497864E0,4.454436951E0
5.435405083E0,8.384813690E0,-1.364861755E0,4.759203186E0
5.445360083E0,8.425229645E0,-1.312919769E0,5.068310394E0
5.455316083E0,8.325836334E0,-1.266965332E0,5.402565308E0
5.465271083E0,8.397686920E0,-1.257534943E0,5.359604645E0
5.475226083E0,8.693771210E0,-1.339414673E0,4.987777863E0
5.485181083E0,1.015099091E1,-9.289682007E-1,4.132157135E0
5.495136083E0,1.228061234E1,-1.411564636E-1,3.367397461E0
5.505091083E0,1.397598679E1,1.924996948E-1,2.186203766E0
5.515046083E0,1.555460403E1,6.477030945E-1,1.449286194E0
5.525001083E0,1.527079422E1,5.553451538E-1,2.481240234E0
5.534956083E0,1.251981491E1,-1.670526123E-1,5.018014984E0
5.544911083E0,1.044557831E1,-5.043013000E-1,5.913452911E0
5.554866083E0,9.303752747E0,-7.110214233E-1,4.664150848E0
5.564821083E0,8.439450073E0,-9.404942322E-1,3.502266998E0
5.574776083E0,7.833959198E0,-9.723779297E-1,3.131488037E0
5.584731083E0,7.987240448E0,-9.187893677E-1,2.783910828E0
5.594686083E0,8.632249146E0,-7.583230591E-1,1.860331421E0
5.604642083E0,9.005572815E0,-5.423222351E-1,8.702902222E-1
5.614597083E0,9.139544220E0,-4.561015320E-1,6.959028625E-1
5.624552083E0,9.191486206E0,-3.303630066E-1,7.445516968E-1
5.634507083E0,9.220076752E0,4.191284180E-3,7.152127075E-1
5.644462083E0,9.118138733E0,3.106040955E-1,7.027885437E-1
5.654417083E0,9.047635345E0,2.600093079E-1,8.466394043E-1
5.664372083E0,9.332642670E0,-6.735992432E-3,9.265731812E-1
5.674327083E0,9.894574127E0,-4.472698975E-1,8.819659424E-1
5.684282083E0,1.044932053E1,-7.029382324E-1,9.443861389E-1
5.694237083E0,1.088596252E1,-8.416996765E-1,1.379980316E0
5.704192083E0,1.100286942E1,-1.240021362E0,2.200873260E0
5.714147083E0,1.105855362E1,-1.723366241E0,2.673440552E0
5.724102083E0,1.100421661E1,-1.858984222E0,2.627785492E0
5.734057083E0,1.048614395E1,-1.582958221E0,2.630779266E0
5.744012083E0,9.898016968E0,-1.289867706E0,2.845732269E0
5.753968083E0,9.551038513E0,-1.036744080E0,2.726280670E0
5.763923083E0,9.364825745E0,-8.592132568E-1,2.344275055E0
5.773878083E0,9.220525818E0,-8.186476135E-1,1.953437805E0
5.783833083E0,9.107959900E0,-7.053332520E-1,1.841620331E0
5.793788083E0,9.006021881E0,-5.495072937E-1,2.076332245E0
5.803743083E0,8.787626038E0,-7.120692444E-1,2.502945099E0
5.813698083E0,8.441994781E0,-1.316961365E0,2.831062775E0
5.823653083E0,8.591533813E0,-1.797611847E0,2.858006744E0
5.833608083E0,8.806187439E0,-2.156266022E0,2.681374054E0
5.843563083E0,8.700806580E0,-2.329605560E0,2.572999420E0
5.853518083E0,8.596024475E0,-2.278861084E0,2.490520935E0
5.863473083E0,8.598120117E0,-2.272125092E0,2.580034790E0
5.873428083E0,8.615633698E0,-2.310744781E0,2.796484680E0
5.883383083E0,8.842412109E0,-2.324516144E0,2.742447052E0
5.893338083E0,9.152267761E0,-2.360291748E0,2.522105255E0
5.903294083E0,9.269773407E0,-2.454595642E0,2.424508209E0
5.913249083E0,9.423503723E0,-2.352957001E0,2.368374939E0
5.923204083E0,9.554780731E0,-2.135608978E0,2.103126526E0
5.933159083E0,9.258696442E0,-1.865869904E0,1.899699554E0
5.943114083E0,8.834328918E0,-1.630259857E0,1.875449982E0
5.953069083E0,8.485853577E0,-1.545835419E0,2.117496643E0
5.963024083E0,8.296946411E0,-1.376537476E0,2.436632996E0
5.972979083E0,8.262967072E0,-1.281036072E0,2.726280670E0
5.982934083E0,8.284522247E0,-1.247056732E0,2.820883942E0
5.992889083E0,8.210725708E0,-1.356479187E0,2.844534760E0
6.002844083E0,8.869954834E0,-1.289418640E0,2.768642578E0
6.012799083E0,9.029822388E0,-8.611592102E-1,2.102976837E0
6.022754083E0,8.125552826E0,-6.851252747E-1,1.563049622E0
6.032709083E0,7.884853363E0,-7.626640320E-1,1.738933868E0
6.042664083E0,8.358767853E0,-1.021475830E0,2.172731781E0
6.052620083E0,8.876990204E0,-1.467398529E0,2.175126801E0
6.062574917E0,9.519154816E0,-1.874551849E0,1.778002625E0
6.072529917E0,1.034259247E1,-2.166893921E0,1.405577087E0
6.082484917E0,1.081725540E1,-2.647694092E0,1.575773163E0
6.092439917E0,1.081905167E1,-3.306474152E0,2.161954193E0
6.102394917E0,1.066172882E1,-3.834875336E0,2.160157928E0
6.112349917E0,1.061906754E1,-3.887715454E0,1.538350983E0
6.122304917E0,1.053584061E1,-3.731290741E0,1.002914429E0
6.132259917E0,1.027283752E1,-3.473676453E0,8.937913513E-1
6.142214917E0,1.023197250E1,-3.036286011E0,9.936337280E-1
6.152169917E0,1.034438873E1,-2.566712494E0,1.119372253E0
6.162124917E0,1.029828461E1,-2.011666718E0,1.098715210E0
6.172079917E0,1.018122803E1,-1.380130005E0,9.298663330E-1
6.182034917E0,1.010129425E1,-9.095086670E-1,7.842192078E-1
6.191989917E0,1.005698639E1,-6.508465576E-1,6.828799438E-1
6.201945917E0,9.876162415E0,-7.158114624E-1,7.027885437E-1
6.211900917E0,9.662257233E0,-9.590556335E-1,7.747888184E-1
6.221855917E0,9.642498322E0,-1.051862640E0,9.229806519E-1
6.231810917E0,9.850865021E0,-1.128503265E0,1.172062683E0
6.241765917E0,1.012165192E1,-1.168470154E0,1.435215454E0
6.251720917E0,1.014171021E1,-1.174158325E0,1.481918335E0
6.261675917E0,9.840536499E0,-1.180295563E0,1.399439850E0
6.271630917E0,9.524094543E0,-1.099313965E0,1.295406189E0
6.281585917E0,9.265582123E0,-9.633966064E-1,1.196312256E0
6.291540917E0,9.071435852E0,-7.731422424E-1,1.062939606E0
6.301495917E0,8.981323242E0,-6.243516541E-1,9.252259827E-1
6.311450917E0,8.862021332E0,-6.259982300E-1,9.092092896E-1
6.321405917E0,8.710686035E0,-7.116201782E-1,1.169517975E0
6.331360917E0,8.701105957E0,-7.223977661E-1,1.379381561E0
6.341315917E0,8.841813354E0,-6.456074524E-1,1.333576813E0
6.351271917E0,9.163644104E0,-6.566844177E-1,1.253942413E0
6.361226917E0,9.509874115E0,-7.667056274E-1,1.284778290E0
6.371181917E0,9.795031128E0,-9.430389404E-1,1.404678955E0
6.381136917E0,9.884694672E0,-1.010698242E0,1.553619232E0
6.391091917E0,9.825118561E0,-8.666976929E-1,1.594633942E0
6.401046917E0,9.631271667E0,-7.045848083E-1,1.496438141E0
6.411001917E0,9.329199829E0,-5.471122742E-1,1.422940979E0
6.420956917E0,9.036408691E0,-5.272036743E-1,1.421444092E0
6.430911917E0,8.948691101E0,-6.152206421E-1,1.642534332E0
6.440866917E0,9.269773407E0,-5.541476440E-1,1.968406677E0
6.450821917E0,1.009530670E1,-5.050497437E-1,2.133064270E0
6.460776917E0,1.095032867E1,-3.881428528E-1,1.972897339E0
6.470731917E0,1.153935379E1,-1.709445190E-1,1.699715424E0
6.480686917E0,1.191297684E1,-8.592132568E-2,1.606159973E0
6.490641917E0,1.174996582E1,5.209167480E-2,2.077529755E0
6.500597917E0,1.118174744E1,1.999841309E-1,2.816393280E0
6.510552917E0,1.067774551E1,2.317181396E-1,3.399430847E0
6.520507917E0,1.005713608E1,1.227447510E-1,3.732039185E0
6.530462917E0,9.414372711E0,-2.233355713E-1,3.701652374E0
6.540417917E0,8.819060669E0,-7.917036438E-1,3.311563568E0
6.550372917E0,8.206534424E0,-1.046473846E0,2.917582855E0
6.560327917E0,7.952812042E0,-1.090781708E0,2.577490082E0
6.570282917E0,7.942782898E0,-1.051263885E0,2.419867859E0
6.580237917E0,8.137976990E0,-9.849517822E-1,2.455194397E0
6.590192917E0,8.429720306E0,-1.082848206E0,2.654579773E0
6.600147917E0,8.605903931E0,-1.280437317E0,2.967129822E0
6.610102917E0,8.880133667E0,-1.485660553E0,3.230282593E0
6.620057917E0,9.236243134E0,-1.416654053E0,3.260370026E0
6.630012917E0,9.440268860E0,-1.114282837E0,3.298989716E0
6.639967917E0,9.449549561E0,-1.158141632E0,3.309168549E0
6.649923917E0,9.529183960E0,-1.238674164E0,2.929857330E0
6.659878917E0,9.621691589E0,-1.159339142E0,2.476300507E0
6.669833917E0,9.764045563E0,-9.722282410E-1,2.175426178E0
6.679788917E0,9.861792297E0,-8.080197144E-1,2.073488159E0
6.689743917E0,9.933942261E0,-6.843768311E-1,2.186203766E0
6.699698917E0,9.985884247E0,-6.179150391E-1,2.498604126E0
6.709653917E0,9.996811523E0,-7.325765991E-1,2.799478455E0
6.719608917E0,9.789193268E0,-7.951464844E-1,2.921175385E0
6.729563917E0,9.535470886E0,-7.737409973E-1,2.742147675E0
6.739518917E0,9.314230957E0,-7.391629028E-1,2.523901520E0
6.749473917E0,9.156309357E0,-6.152206421E-1,2.570754089E0
6.759428917E0,9.195228424E0,-5.364843750E-1,2.822380829E0
6.769383917E0,9.370962982E0,-5.498066711E-1,3.062780914E0
6.779338917E0,9.547595673E0,-6.283932495E-1,2.993025970E0
6.789293917E0,9.811496887E0,-6.548881531E-1,2.778971100E0
6.799248917E0,9.934091949E0,-6.406677246E-1,2.699486389E0
6.809204917E0,9.816436615E0,-3.896397400E-1,2.920277252E0
6.819159917E0,9.662257233E0,-2.881507874E-1,3.169508972E0
6.829114917E0,9.577832794E0,-2.971321106E-1,3.265908508E0
6.839069917E0,9.438023529E0,-3.712280273E-1,3.334915009E0
6.849024917E0,9.201665039E0,-3.306623840E-1,3.198997650E0
6.858979917E0,9.085356903E0,-2.731819153E-1,3.254532166E0
6.868934917E0,9.029972076E0,-2.978805542E-1,3.082240448E0
6.878889917E0,8.943302307E0,-4.261637878E-1,3.030897217E0
6.888844917E0,9.014703827E0,-5.736071777E-1,3.136427765E0
6.898799917E0,9.160051575E0,-6.942562866E-1,3.203787689E0
6.908754917E0,9.325607300E0,-7.381150818E-1,3.106939087E0
6.918709917E0,9.403894501E0,-8.964857483E-1,3.029699707E0
6.928664917E0,9.401349792E0,-1.021625519E0,2.994822235E0
6.938619917E0,9.208850098E0,-1.016685791E0,3.034639435E0
6.948574917E0,8.922495575E0,-9.337582397E-1,3.206931152E0
6.958530917E0,8.708590393E0,-7.671546936E-1,3.468587036E0
6.968485917E0,8.616531830E0,-4.694238281E-1,3.495231628E0
6.978440917E0,8.692573700E0,-2.406994629E-1,3.197949829E0
6.988395917E0,8.832832031E0,-2.469863892E-2,2.802621918E0
6.998350917E0,8.963659973E0,3.112028503E-1,2.562221832E0
7.008305917E0,9.137598267E0,6.658154297E-1,2.681224365E0
7.018260917E0,9.303004303E0,7.375163269E-1,2.950364685E0
7.028215917E0,9.504784698E0,5.914201355E-1,2.965183868E0
7.038170917E0,9.642797699E0,2.959346008E-1,2.743494873E0
7.048125917E0,9.542955322E0,-9.684860229E-2,2.664459229E0
7.058083417E0,9.335636444E0,-3.962260437E-1,2.818788300E0
7.068038417E0,9.148675232E0,-6.441105652E-1,2.959346008E0
7.077993417E0,9.038204956E0,-8.247848511E-1,3.024610291E0
7.087948417E0,8.920399933E0,-8.321195984E-1,3.103496246E0
7.097903417E0,8.832682343E0,-7.765850830E-1,3.117417297E0
7.107858417E0,8.886719971E0,-8.223898315E-1,3.154989166E0
7.117814417E0,8.911867676E0,-8.677455139E-1,3.215014343E0
7.127769417E0,8.977281647E0,-6.559359741E-1,3.290457458E0
7.137724417E0,9.175469513E0,-2.841091919E-1,3.459006958E0
7.147679417E0,9.401798859E0,-3.308120728E-2,3.705394592E0
7.157634417E0,9.367969208E0,-1.496887207E-3,3.844006348E0
7.167589417E0,9.190438385E0,-8.292755127E-2,3.819607086E0
7.177544417E0,8.994346161E0,-6.331832886E-2,3.850592651E0
7.187499417E0,8.792865143E0,-1.287322998E-1,3.796854401E0
7.197454417E0,8.428373108E0,-1.026864624E-1,3.570375366E0
7.207409417E0,8.309819641E0,-1.291813660E-1,3.181035004E0
7.217364417E0,8.399333496E0,-2.423460388E-1,3.133883057E0
7.227319417E0,8.576714630E0,-3.085084534E-1,3.336411896E0
7.237274417E0,8.734187164E0,-1.850152588E-1,3.597768402E0
7.247229417E0,8.797804871E0,1.272354126E-2,3.831731873E0
7.257184417E0,8.559500427E0,2.212399292E-1,4.118535461E0
7.267140417E0,8.374634857E0,2.463876343E-1,4.294569397E0
7.277095417E0,8.361013184E0,1.378633118E-1,4.292024689E0
7.287050417E0,8.255632324E0,4.116439819E-2,4.267475739E0
7.297005417E0,8.397088165E0,-4.041595459E-3,4.036506042E0
7.306960417E0,8.553812256E0,1.493893433E-1,3.736080780E0
7.316915417E0,8.512647858E0,3.158432007E-1,3.588338013E0
7.326870417E0,8.309370575E0,4.195774841E-1,3.649860077E0
7.336825417E0,8.155191193E0,4.676275635E-1,3.717369690E0
7.346780417E0,8.298592987E0,4.046086121E-1,3.671564941E0
7.356735417E0,8.683143311E0,3.043171692E-1,3.529061279E0
7.366690417E0,8.837322693E0,1.718426514E-1,3.642675018E0
7.376645417E0,8.890911255E0,1.929487610E-1,3.913312225E0
7.386600417E0,9.011260986E0,3.082090759E-1,4.012406158E0
7.396555417E0,8.959319000E0,4.722679138E-1,3.879482574E0
7.406510417E0,8.922794952E0,6.985972595E-1,3.797153778E0
7.416466417E0,8.802295532E0,7.500901794E-1,3.763922882E0
7.426421417E0,8.664432220E0,6.649172974E-1,3.770209808E0
7.436376417E0,8.520731049E0,7.126679993E-1,3.727997589E0
7.446331417E0,8.410859528E0,8.096662903E-1,3.506158905E0
7.456286417E0,8.225395203E0,8.431965637E-1,3.422632599E0
7.466241417E0,7.863148499E0,6.307882690E-1,3.476520538E0
7.476196417E0,7.639064484E0,2.844085693E-1,3.381019135E0
7.486151417E0,7.699987793E0,2.880010986E-1,3.366349640E0
7.496106417E0,7.905660095E0,5.465135193E-1,3.512296143E0
7.506061417E0,7.915389862E0,6.322851562E-1,3.641327820E0
7.516016417E0,8.066425781E0,6.228547668E-1,3.773053894E0
7.525971417E0,8.521629181E0,5.257067871E-1,4.063300323E0
7.535926417E0,8.826844482E0,5.792953491E-1,4.264182587E0
7.545881417E0,9.246272278E0,7.083270264E-1,4.267026672E0
7.555836417E0,9.125024414E0,7.228468323E-1,4.178560638E0
7.565792417E0,8.934320984E0,7.780819702E-1,4.035757599E0
7.575747417E0,8.834328918E0,7.098239136E-1,3.967050476E0
7.585702417E0,8.483757935E0,6.008505249E-1,4.386927338E0
7.595657417E0,8.429121552E0,4.785548401E-1,4.862638092E0
7.605612417E0,8.690927124E0,6.227050781E-2,5.207371216E0
7.615567417E0,9.119635620E0,-4.709207153E-1,5.546266479E0
7.625522417E0,9.467212830E0,-9.683363342E-1,5.790558472E0
7.635477417E0,9.342222748E0,-1.367556152E0,6.084547119E0
7.645432417E0,8.847351837E0,-1.604064331E0,6.367309113E0
7.655387417E0,8.535101166E0,-1.683099976E0,5.744304657E0
7.665342417E0,8.420589294E0,-1.484013977E0,4.797224121E0
7.675297417E0,8.018076324E0,-1.541943512E0,4.442910919E0
7.685252417E0,7.536827087E0,-1.772164764E0,4.640649719E0
7.695207417E0,7.744894409E0,-1.307680664E0,5.255421295E0
7.705162417E0,8.288563843E0,-5.926176453E-1,5.936355286E0
7.715118417E0,8.913514252E0,-2.874023438E-1,6.125561829E0
7.725073417E0,9.267228699E0,-1.597178650E-1,5.878126373E0
7.735028417E0,9.092541962E0,7.604187012E-2,5.480104065E0
7.744983417E0,8.929381256E0,-4.475692749E-2,4.953499146E0
7.754938417E0,9.655221863E0,1.556762695E-2,3.970193939E0
7.764893417E0,1.154189850E1,6.283932495E-1,1.691931610E0
7.774848417E0,1.344698685E1,1.182690582E0,5.195695496E-1
7.784803417E0,1.596355362E1,1.543590088E0,1.402433624E0
7.794758417E0,1.780891617E1,1.538800049E0,3.500770111E0
7.804713417E0,1.762420029E1,2.956950989E0,4.265380096E0
7.814668417E0,1.605606125E1,2.392474823E0,4.284989319E0
7.824623417E0,1.458926147E1,1.463656311E0,2.953807526E0
7.834578417E0,1.339070389E1,1.954934692E0,8.333171082E-1
7.844533417E0,1.274045609E1,2.705623627E0,-4.424798584E-1
7.854488417E0,1.250679199E1,2.933449860E0,-1.027762756E0
7.864443417E0,1.261426849E1,2.665057983E0,-1.465751953E0
7.874399417E0,1.278865585E1,2.064506836E0,-1.154399414E0
7.884354417E0,1.263806900E1,1.540596313E0,1.019380188E-1
7.894309417E0,1.214679062E1,1.324296112E0,1.141077118E0
7.904264417E0,1.107741440E1,1.104253693E0,1.404529266E0
7.914219417E0,1.015233810E1,6.991960144E-1,1.232686615E0
7.924174417E0,9.275611267E0,4.805007935E-2,9.601034546E-1
7.934129417E0,8.362809448E0,-6.610253906E-1,8.538244629E-1
7.944084417E0,7.885003052E0,-1.321601715E0,7.186555481E-1
7.954039417E0,7.779472504E0,-1.864672394E0,4.502636719E-1
7.963994417E0,7.790848846E0,-2.386636963E0,1.523831177E-1
7.973949417E0,7.769892426E0,-3.053200836E0,3.938310242E-1
7.983904417E0,7.289541321E0,-3.208128662E0,8.677455139E-1
7.993859417E0,6.846163330E0,-2.039059753E0,1.570384369E0
8.003814417E0,7.261998596E0,-6.971003723E-1,1.967957611E0
8.013770417E0,7.900870056E0,2.058219910E-1,1.698517914E0
8.023725417E0,8.117769012E0,7.420069885E-1,1.459465027E0
8.033680417E0,7.933951263E0,8.448431396E-1,1.793869629E0
8.043635417E0,7.789202271E0,4.752616882E-1,2.237097931E0
8.053590417E0,7.505991211E0,1.619631958E-1,2.310445404E0
8.063542417E0,7.265441437E0,7.319778442E-2,2.238145752E0
8.073497417E0,7.079977112E0,2.999761963E-1,2.306703186E0
8.083452417E0,6.972051544E0,1.151106262E-1,2.319576416E0
8.093407417E0,6.897656250E0,3.326083374E-1,2.159858551E0
8.103362417E0,6.305487671E0,5.614823914E-1,2.004781036E0
8.113317417E0,5.687273254E0,3.525169373E-1,2.743345184E0
8.123272417E0,5.598657532E0,2.568658447E-1,2.935096436E0
8.133227417E0,5.355413361E0,6.179150391E-1,2.356848907E0
8.143182417E0,5.132826233E0,7.526348877E-1,1.705553284E0
8.153137417E0,5.237758026E0,1.200054474E0,1.150956573E0
8.163092417E0,5.934559021E0,1.750609589E0,1.049168243E0
8.173048417E0,7.461383972E0,2.327509918E0,1.323397980E0
8.183003417E0,8.613538055E0,2.487676849E0,2.285447388E0
8.192958417E0,9.444759521E0,1.794169006E0,3.597319336E0
8.202913417E0,1.114701965E1,5.092410278E-1,4.238735504E0
8.212868417E0,1.298205368E1,-3.796105957E-1,4.711751862E0
8.222823417E0,1.387195313E1,-3.594026184E-1,5.048551483E0
8.232778417E0,1.429317719E1,-7.911048889E-1,4.512665863E0
8.242733417E0,1.408271484E1,-9.575587463E-1,3.518283691E0
8.252688417E0,1.243988113E1,-2.071691895E-1,3.630400543E0
8.262643417E0,1.106154739E1,4.698728943E-1,4.728966064E0
8.272598417E0,1.154998169E1,3.246748352E-1,6.031407623E0
8.282553417E0,1.260199402E1,-4.773573303E-1,6.850055237E0
8.292508417E0,1.225561432E1,-1.087638245E0,6.897955627E0
8.302463417E0,1.182391205E1,-1.457818451E0,6.054908752E0
8.312418417E0,1.201401672E1,-1.192270660E0,2.820584564E0
8.322374417E0,1.383752472E1,-1.890718231E0,-1.137634277E0
8.332329417E0,1.471035965E1,-3.077450409E0,-5.069507904E0
8.342284417E0,1.298519714E1,-3.618275757E0,-6.158942413E0
8.352239417E0,1.068373306E1,-4.241729279E0,-5.028343506E0
8.362194417E0,1.006327332E1,-3.347937927E0,-2.922223206E0
8.372149417E0,8.064928894E0,-9.762698364E-1,4.408332825E-1
8.382104417E0,7.594756622E0,-1.154100037E-1,2.934946747E0
8.392059417E0,1.000309845E1,-1.476230164E0,3.354374542E0
8.402014417E0,1.036444702E1,-2.231409760E0,1.938618622E0
8.411969417E0,9.344917145E0,-1.624272308E0,1.177451477E0
8.421924417E0,9.857750702E0,-9.500743103E-1,1.004860382E0
8.431879417E0,1.059586578E1,-6.465055847E-1,1.095571747E0
8.441834417E0,1.164668060E1,-3.900888062E-1,1.491348724E0
8.451789417E0,1.185444855E1,1.552272034E-1,2.297123108E0
8.461744417E0,1.197734299E1,4.490661621E-2,2.932551727E0
8.471699417E0,1.182346298E1,-3.442840576E-2,2.753823395E0
8.481655417E0,1.100646194E1,-8.083190918E-2,2.799029388E0
8.491610417E0,1.098460739E1,-5.349874878E-1,3.347039795E0
8.501565417E0,1.055530014E1,-1.015488281E0,3.939058685E0
8.511520417E0,9.773925018E0,-9.075627136E-1,4.430187378E0
8.521475417E0,8.643924866E0,-5.495072937E-1,3.984414368E0
8.531430417E0,7.604935455E0,-2.020797729E-1,2.912942505E0
8.541385417E0,6.792275391E0,-1.257385254E-2,1.700763245E0
8.551340417E0,6.049819336E0,-2.369572449E-1,1.059945831E0
8.561295417E0,5.299280090E0,-6.364764404E-1,7.765850830E-1
8.571250417E0,4.543352051E0,-1.278790741E0,1.043629761E0
8.581205417E0,4.331841888E0,-1.983674927E0,1.975891113E0
8.591160417E0,5.183271332E0,-2.850522308E0,3.031346283E0
8.601115417E0,6.449039154E0,-3.341052246E0,3.912863159E0
8.611070417E0,7.638914795E0,-2.329605560E0,5.005441132E0
8.621025417E0,8.517737274E0,-8.005352783E-1,5.960904236E0
8.630981417E0,8.489595795E0,5.653742981E-1,5.606890411E0
8.640936417E0,8.054001617E0,1.761686554E0,4.800666962E0
8.650891417E0,7.676786041E0,2.193239136E0,4.371509399E0
8.660846417E0,7.077582092E0,1.701511688E0,4.231400757E0
8.670801417E0,6.493347015E0,3.462300110E-1,4.559518433E0
8.680756417E0,5.886808319E0,-1.056353302E0,5.074148254E0
8.690711417E0,6.080355835E0,-2.078427887E0,4.960534515E0
8.700666417E0,6.694378967E0,-2.772384796E0,4.400399323E0
8.710621417E0,7.059020691E0,-3.177143097E0,3.204685822E0
8.720576417E0,6.787335663E0,-3.153043213E0,1.909129944E0
8.730531417E0,6.164181519E0,-3.030148773E0,8.909472656E-1
8.740486417E0,5.996230774E0,-1.921554108E0,-1.897753601E0
8.750441417E0,8.110134888E0,-3.987707520E-1,-6.503675537E0
8.760396417E0,1.124506577E1,1.181942139E0,-9.817185059E0
8.770351417E0,1.456650879E1,2.644550629E0,-1.018811371E1
8.780307417E0,1.901750290E1,3.982917480E0,-7.349416809E0
8.790262417E0,2.277618668E1,5.245092773E0,3.511697388E-1
8.800217417E0,2.109084137E1,5.509892120E0,7.332501984E0
8.810172417E0,1.956656113E1,4.013903046E0,8.129893799E0
8.820127417E0,1.837144638E1,1.019380188E-1,4.787344666E0
8.830082417E0,1.571132813E1,-2.974913635E0,1.020877075E0
8.840037417E0,1.419513107E1,-3.839815063E0,-7.843688965E-1
8.849992417E0,1.255169861E1,-3.872297516E0,-1.171613617E0
8.859947417E0,1.145268402E1,-2.843636627E0,-2.200424194E-1
8.869902417E0,1.087368805E1,-1.705852661E0,2.073937225E0
8.879857417E0,1.004561005E1,-8.581654358E-1,4.174519043E0
8.889812417E0,9.053622894E0,-4.248165894E-1,5.215604095E0
8.899767417E0,8.562943268E0,-2.980302429E-1,4.926704865E0
8.909722417E0,8.580157471E0,-3.353027344E-1,3.529210968E0
8.919677417E0,8.780291290E0,-3.670367432E-1,2.311044159E0
8.929632417E0,8.305927734E0,-1.842668152E-1,1.348395996E0
8.939588417E0,6.983876953E0,-2.457888794E-1,1.097068634E0
8.949543417E0,5.700894928E0,-2.432441711E-1,1.052162018E0
8.959498417E0,4.875960388E0,4.475692749E-1,7.306306458E-1
8.969453417E0,3.808081055E0,1.284179535E0,9.054670715E-1
8.979408417E0,2.874322815E0,1.822011108E0,1.479822693E0
8.989363417E0,2.361189880E0,2.512375488E0,2.012415161E0
8.999318417E0,2.517913971E0,3.356619873E0,2.413880310E0
9.009273417E0,3.991000671E0,4.039948883E0,2.632725220E0
9.019228417E0,6.206393738E0,4.051025848E0,3.029849396E0
9.029183417E0,8.467741241E0,3.497776337E0,3.230132904E0
9.039138417E0,8.787925415E0,1.957629089E0,2.702779541E0
9.049093417E0,8.596623230E0,8.822653198E-1,2.517614594E0
9.059048417E0,8.651259613E0,-3.857478333E-1,3.625909882E0
9.069004083E0,8.582103424E0,-1.493743744E0,5.263504486E0
9.078960083E0,9.047785034E0,-1.832489319E0,5.912554779E0
9.088915083E0,1.004052063E1,-1.744472351E0,5.254972229E0
9.098870083E0,1.009859985E1,-1.816023560E0,4.215084686E0
9.108825083E0,9.061257019E0,-2.045047302E0,3.920197906E0
9.118780083E0,7.272027740E0,-2.024839325E0,3.805985413E0
9.128735083E0,6.578519897E0,-1.988914032E0,2.631228333E0
9.138690083E0,8.178692322E0,-2.508483582E0,9.545649719E-1
9.148645083E0,1.015862503E1,-2.785856781E0,-2.384241943E0
9.158600083E0,1.111678253E1,-2.657573547E0,-5.031187592E0
9.168555083E0,1.104672821E1,-2.900668030E0,-3.844904480E0
9.178510083E0,1.147513733E1,-1.868564301E0,1.149609375E-1
9.188465083E0,1.343531113E1,-1.182989960E0,2.544558563E0
9.198420083E0,1.495510071E1,-9.771679688E-1,2.640808411E0
9.208375083E0,1.466171082E1,-6.571334839E-1,3.323838043E0
9.218330083E0,1.376537476E1,-7.765850830E-1,3.444786530E0
9.228286083E0,1.396251480E1,-1.042282562E0,1.463356934E0
9.238241083E0,1.479448471E1,-1.050964508E0,-6.018983459E-1
9.248196083E0,1.537587570E1,-1.114881592E0,-1.462458801E0
9.258151083E0,1.553259979E1,-1.300495605E0,1.047821045E-2
9.268106083E0,1.515343826E1,-1.203946381E0,3.075654144E0
9.278061083E0,1.551254150E1,-1.186582489E0,5.162015533E0
9.288016083E0,1.584993988E1,-1.527124329E0,5.966143341E0
9.297971083E0,1.545925232E1,-1.531764679E0,5.735023956E0
9.307926083E0,1.432386337E1,-1.787283325E0,4.883295135E0
9.317881083E0,1.283640656E1,-1.804946594E0,4.270020447E0
9.327836083E0,1.098760117E1,-1.202748871E0,4.244573364E0
9.337791083E0,9.219178619E0,-4.055067444E-1,3.975732422E0
9.347746083E0,8.165819092E0,2.143542480E-1,3.250640259E0
9.357701083E0,7.241042175E0,6.718029785E-1,2.732717285E0
9.367656083E0,6.457571411E0,1.779798889E-1,2.863395538E0
9.377611083E0,5.598208466E0,-4.058061218E-1,2.872227173E0
9.387567083E0,4.355492706E0,-1.111289062E0,3.232527924E0
9.397522083E0,3.614982605E0,-2.264640656E0,4.287234650E0
9.407477083E0,3.316353607E0,-2.806064758E0,4.900958405E0
9.417432083E0,2.858006744E0,-2.627635803E0,5.278173981E0
9.427387083E0,2.515968018E0,-2.408341827E0,5.218448181E0
9.437342083E0,2.061213684E0,-2.027234344E0,4.024680634E0
9.447297083E0,1.578766937E0,-1.714235229E0,2.135908356E0
9.457252083E0,1.118025055E0,-1.491199036E0,3.293151855E-1
9.467207083E0,1.504371643E-1,-1.405277710E0,-6.477030945E-1
9.477162083E0,-5.954617310E-1,-1.577868805E0,-1.570384369E0
9.487117083E0,-1.015488281E0,-1.721719666E0,-2.236349487E0
9.497072083E0,-8.933422852E-1,-1.798659668E0,-2.611469421E0
9.507027083E0,-7.828720093E-1,-1.580413513E0,-2.754871216E0
9.516982083E0,-5.301974487E-1,-9.654922485E-1,-2.795736237E0
9.526937083E0,7.466473389E-1,1.257385254E-2,-2.760260010E0
9.536893083E0,2.342628479E0,1.050365753E0,-1.888622589E0
9.546848083E0,4.156107330E0,1.001267853E0,-2.681673431E0
9.556803083E0,7.782915344E0,-2.161505127E-1,-7.370522919E0
9.566758083E0,1.347617615E1,-8.430468750E-1,-1.285826111E1
9.576713083E0,1.991593460E1,-2.887495422E-1,-1.646111893E1
9.586668083E0,2.959914825E1,5.396278381E-1,-1.690300003E1
9.596623083E0,3.732832535E1,2.184407501E0,-1.040097107E1
9.606578083E0,3.820834534E1,2.525697784E0,-1.362017670E0
9.616533083E0,3.312087479E1,2.384691010E0,9.820777588E0
9.626488083E0,2.758718216E1,-3.719764709E-1,1.693997314E1
9.636443083E0,2.466705460E1,-3.555705872E0,7.899822235E0
9.646398083E0,2.536101151E1,-3.093766479E0,-1.523382111E0
9.656353083E0,2.231095413E1,-2.500250702E0,-3.903732147E0
9.666308083E0,1.782927383E1,-1.826950836E0,-3.916605377E0
9.676263083E0,1.477397736E1,-7.180567932E-1,-3.394042053E0
9.686219083E0,1.276560379E1,-2.817141724E-1,-1.960024109E0
9.696174083E0,1.132305359E1,-2.091151428E-1,-3.526666260E-1
9.706129083E0,1.089419540E1,-1.057700500E0,5.813909912E-1
9.716084083E0,1.188857758E1,-2.814746704E0,-5.493576050E-2
9.726039083E0,1.262160324E1,-3.800446930E0,-1.117575989E0
9.735994083E0,1.209649521E1,-4.381538544E0,-1.258882141E0
9.745949083E0,1.112022537E1,-4.626578979E0,-6.116281128E-1
9.755904083E0,9.718689880E0,-5.037025452E0,4.596940613E-1
9.765859083E0,8.341703339E0,-5.414390717E0,1.246757355E0
9.775814083E0,7.161557465E0,-5.377567291E0,1.184636536E0
9.785769083E0,6.165678406E0,-5.054539032E0,1.936972046E-1
9.795724083E0,5.631289673E0,-4.586462402E0,-9.830058289E-1
9.805679083E0,4.832400970E0,-3.688629456E0,-1.685494995E0
9.815634083E0,4.271966400E0,-2.639610901E0,-1.716031494E0
9.825589083E0,4.094285889E0,-1.256187744E0,-9.042695618E-1
9.835545083E0,4.356241150E0,1.335223389E-1,9.065148926E-1
9.845500083E0,4.854704590E0,1.173559570E0,2.739752655E0
9.855455083E0,5.393883362E0,1.497186584E0,3.690575409E0
9.865410083E0,5.910758514E0,7.652087402E-1,2.864293671E0
9.875365083E0,5.907465363E0,1.826202393E-1,9.645941162E-1
9.885320083E0,6.400540009E0,5.748046875E-1,-4.610412598E-1
9.895275083E0,7.259902954E0,4.797523499E-1,-1.092877350E0
9.905230083E0,7.595505066E0,6.611750793E-1,-4.363426208E-1
9.915185083E0,8.510402527E0,7.300318909E-1,1.238225098E0
9.925140083E0,9.693542175E0,2.318678284E-1,2.583477631E0
9.935095083E0,9.968819733E0,-5.448669434E-1,2.898722076E0
9.945050083E0,9.598040771E0,-1.285377045E0,2.601140900E0
9.955005083E0,9.247769165E0,-1.668131104E0,2.109263763E0
9.964960083E0,9.146878967E0,-1.408271484E0,1.300196228E0
9.974915083E0,9.360484772E0,-1.225202179E0,2.059716797E-1
9.984870083E0,9.337283020E0,-1.123264160E0,-7.068301392E-1
9.994826083E0,9.469458160E0,-1.223405914E0,-1.228645020E0
1.000478108E1,9.721833344E0,-1.307231598E0,-1.159039764E0
1.001473608E1,9.645192719E0,-1.373992767E0,-1.667532349E-1
1.002469108E1,9.647737427E0,-1.227597198E0,1.113534393E0
1.003464608E1,9.960137787E0,-7.795788574E-1,1.809886322E0
1.004460108E1,1.044527893E1,-4.502636719E-1,1.623224487E0
1.005455608E1,1.090916428E1,-4.107458496E-1,8.541238403E-1
1.006451079E1,1.102876556E1,-5.617817688E-1,2.734812927E-1
1.007446579E1,1.071397018E1,-7.506889343E-1,1.929487610E-1
1.008442079E1,1.003123993E1,-1.063388672E0,5.179229736E-1
1.009437579E1,9.376651154E0,-1.514550476E0,1.024619293E0
1.010433079E1,8.812474365E0,-1.933379517E0,1.501078491E0
1.011428579E1,8.345744934E0,-2.264341278E0,1.816472626E0
1.012424079E1,8.098159790E0,-2.475402374E0,1.822460175E0
1.013419579E1,7.977360992E0,-2.515968018E0,1.571731567E0
1.014415179E1,8.033943329E0,-2.456391907E0,1.350940704E0
1.015410679E1,8.384664001E0,-2.259251862E0,1.173409882E0
1.016406179E1,8.946445770E0,-1.903890839E0,9.922865295E-1
1.017401679E1,9.323511658E0,-1.407373352E0,8.590635681E-1
1.018397179E1,9.666298828E0,-9.430389404E-1,7.129673767E-1
1.019392679E1,1.005698639E1,-5.312452698E-1,7.450007629E-1
1.020388179E1,1.011731094E1,-6.456074524E-1,1.175355835E0
1.021383679E1,1.013153137E1,-8.867559814E-1,1.558409271E0
1.022379179E1,1.044482986E1,-1.018032990E0,1.764680328E0
1.023374679E1,1.082653610E1,-9.560618591E-1,1.756447449E0
1.024370179E1,1.102711899E1,-6.709048462E-1,1.491648102E0
1.025365679E1,1.081695602E1,-4.291575623E-1,1.082399139E0
1.026361179E1,1.026445496E1,-3.276686096E-1,8.913963318E-1
1.027356679E1,9.583970032E0,-2.899470520E-1,1.053060150E0
1.028352179E1,9.197324066E0,-2.914439392E-1,1.223256226E0
1.029347779E1,9.134155426E0,-2.894979858E-1,1.163231049E0
1.030343279E1,9.056766357E0,-1.460961914E-1,1.168919220E0
1.031338779E1,9.024283905E0,-9.490264893E-2,1.355131989E0
1.032334279E1,8.928034058E0,-2.856060791E-1,1.791474609E0
1.033329779E1,8.756939850E0,-7.900570679E-1,2.393971710E0
1.034325279E1,8.793763275E0,-1.424437866E0,2.818189545E0
1.035320779E1,9.082512817E0,-1.706301727E0,2.926564178E0
1.036316279E1,9.410780182E0,-1.812131653E0,2.772833862E0
1.037311779E1,9.551038513E0,-1.847158813E0,2.484683075E0
1.038307279E1,9.326804810E0,-1.717229004E0,2.228266296E0
1.039302779E1,9.053473206E0,-1.572330322E0,2.020198975E0
1.040298279E1,8.905730438E0,-1.420995026E0,1.856738892E0
1.041293779E1,8.726103973E0,-1.220861206E0,1.644779663E0
1.042289279E1,8.654103699E0,-9.710307312E-1,1.414109344E0
1.043284779E1,8.800648956E0,-7.415579224E-1,1.190773773E0
1.044280379E1,9.056616669E0,-5.987548828E-1,1.063538361E0
1.045275879E1,9.317823486E0,-5.123844910E-1,1.178499298E0
1.046271379E1,9.495054932E0,-5.236111450E-1,1.531315613E0
1.047266879E1,9.494905243E0,-6.936575317E-1,1.840871887E0
1.048262379E1,9.323661346E0,-9.708810425E-1,1.874102783E0
1.049257879E1,9.280550995E0,-1.229243774E0,1.579814758E0
1.050253379E1,9.360335083E0,-1.032103729E0,1.260678406E0
1.051248879E1,9.256002045E0,-6.944059753E-1,1.317260742E0
1.052244379E1,9.205556946E0,-6.177653503E-1,1.513652344E0
1.053239879E1,9.148675232E0,-7.776329041E-1,1.808688812E0
1.054235379E1,9.368567963E0,-1.013542328E0,2.057471466E0
1.055230879E1,9.878258057E0,-1.290167084E0,2.150128784E0
1.056226379E1,1.042956161E1,-1.484912109E0,1.982477417E0
1.057221879E1,1.087533463E1,-1.506317596E0,1.693428497E0
1.058217379E1,1.119267471E1,-1.457219696E0,1.535357208E0
1.059212879E1,1.065394501E1,-1.351689148E0,1.648821259E0
1.060208479E1,9.840386810E0,-1.246757355E0,1.742825775E0
1.061203979E1,9.385782166E0,-1.091679840E0,1.572929077E0
1.062199479E1,9.031768341E0,-7.339237976E-1,1.302890625E0
1.063194979E1,9.070238342E0,-3.480262756E-1,1.032253418E0
1.064190479E1,9.348809052E0,-2.508782959E-1,8.884025574E-1
1.065185979E1,9.724677429E0,-3.944297791E-1,1.021475830E0
1.066181479E1,1.021999741E1,-7.240443420E-1,1.493444366E0
1.067176979E1,1.077818665E1,-9.134005737E-1,2.032024384E0
1.068172479E1,1.118339401E1,-9.705816650E-1,2.361040192E0
1.069167979E1,1.130808472E1,-1.021475830E0,2.461631012E0
1.070163479E1,1.095901062E1,-1.186582489E0,2.407892761E0
1.071158979E1,1.032223480E1,-1.332978058E0,2.407144318E0
1.072154479E1,9.754764862E0,-1.413959656E0,2.541714478E0
1.073149979E1,9.523645477E0,-1.419797516E0,2.531984711E0
1.074145479E1,9.501940613E0,-1.305734711E0,2.226769409E0
1.075141079E1,9.490564270E0,-1.190773773E0,1.841770020E0
1.076136579E1,9.369765472E0,-1.102607117E0,1.636397095E0
1.077132079E1,9.146130524E0,-1.022074585E0,1.649719391E0
1.078127579E1,9.011859741E0,-1.024020538E0,1.737886047E0
1.079123079E1,9.065448303E0,-1.040935364E0,1.755998383E0
1.080118579E1,9.229207764E0,-1.005309448E0,1.706900482E0
1.081114079E1,9.489366760E0,-6.947053528E-1,1.610201569E0
1.082109579E1,9.073980560E0,-1.126108246E0,1.399888916E0
1.083105079E1,9.066645813E0,-1.443298645E0,1.703158264E0
1.084100579E1,9.254355469E0,-1.413959656E0,2.129920807E0
1.085096079E1,9.221423950E0,-1.465602264E0,2.230062561E0
1.086091579E1,9.204209747E0,-1.285377045E0,2.092348938E0
1.087087079E1,9.204808502E0,-1.043929138E0,2.019450531E0
1.088082579E1,9.295220490E0,-6.625222778E-1,2.049088898E0
1.089078079E1,9.414522400E0,-4.861889648E-1,1.970352631E0
1.090073679E1,9.569899292E0,-5.168751526E-1,1.813329163E0
1.091069179E1,9.685758362E0,-6.303392029E-1,1.741478577E0
1.092064679E1,1.002390518E1,-7.400610352E-1,1.837878113E0
1.093060179E1,1.034334091E1,-8.081694031E-1,1.782044220E0
1.094055679E1,1.043884232E1,-1.028660889E0,1.514400787E0
1.095051179E1,1.001133133E1,-1.525627441E0,1.475332031E0
1.096046679E1,1.048464706E1,-9.556127930E-1,2.169887695E0
1.097042179E1,1.027717850E1,-5.948629761E-1,2.606829071E0
1.098037679E1,9.440119171E0,-1.343306580E0,2.277663574E0
1.099033179E1,9.071735229E0,-1.218765564E0,2.230661316E0
1.100028679E1,8.933422852E0,-1.012195129E0,2.253264313E0
1.101024179E1,9.234596558E0,-9.665400696E-1,1.911824341E0
1.102019679E1,9.460776215E0,-1.046922913E0,1.561852112E0
1.103015179E1,9.640252991E0,-9.809101868E-1,1.401086426E0
1.104010779E1,9.744286652E0,-8.497828674E-1,1.492546234E0
1.105006279E1,9.833052063E0,-7.282356262E-1,1.723515930E0
1.106001779E1,9.752818909E0,-7.551795959E-1,1.880689087E0
1.106997279E1,9.691596222E0,-8.446934509E-1,1.832189941E0
1.107992779E1,9.991123352E0,-8.541238403E-1,2.004182281E0
1.108988279E1,9.456584930E0,-9.505233765E-1,2.108515320E0
1.109983779E1,8.710087280E0,-9.970765686E-1,1.788630524E0
1.110979279E1,9.041198730E0,-9.728269958E-1,1.352287903E0
1.111974779E1,9.637408905E0,-9.116043091E-1,1.388213196E0
1.112970279E1,9.684710541E0,-9.204359436E-1,1.465302887E0
1.113965779E1,9.674831085E0,-9.725276184E-1,1.559008026E0
1.114961279E1,9.667496338E0,-1.086440735E0,2.011966095E0
1.115956779E1,9.510472870E0,-1.369801483E0,2.466570740E0
1.116952279E1,9.289831696E0,-1.446891174E0,2.590213623E0
1.117947779E1,9.286239166E0,-1.444346466E0,2.537373505E0
1.118943279E1,9.661359100E0,-1.269659729E0,2.506387939E0
1.119938879E1,9.613907776E0,-1.088536377E0,2.328258362E0
1.120934379E1,9.451046448E0,-9.327104187E-1,2.049238586E0
1.121929879E1,9.398206329E0,-8.454418945E-1,1.913171539E0
1.122925379E1,9.444011078E0,-7.291337585E-1,1.839075623E0
1.123920879E1,9.458530884E0,-6.014492798E-1,1.567390594E0
1.124916379E1,9.499096527E0,-6.429130554E-1,1.601669312E0
1.125911879E1,9.331445160E0,-7.387138367E-1,1.972597961E0
1.126907379E1,9.388476563E0,-7.773335266E-1,2.161056061E0
1.127902879E1,9.438023529E0,-8.652008057E-1,2.122586060E0
1.128898379E1,9.607171783E0,-1.025367737E0,2.330952759E0
1.129893879E1,9.774523773E0,-1.175355835E0,2.665956116E0
1.130889379E1,9.786947937E0,-1.287173309E0,2.168540497E0
1.131884879E1,9.682315521E0,-1.081351318E0,1.860181732E0
1.132880379E1,9.556876373E0,-8.910969543E-1,1.947300568E0
1.133875879E1,9.388326874E0,-7.939489746E-1,1.941762085E0
1.134871479E1,9.255552979E0,-7.340734863E-1,1.915416870E0
1.135866979E1,9.226663055E0,-7.279362488E-1,1.953138428E0
1.136862479E1,9.305698700E0,-8.175997925E-1,1.938019867E0
1.137857979E1,9.437873840E0,-9.066645813E-1,1.710642700E0
1.138853479E1,9.504335632E0,-1.027463379E0,1.708996124E0
1.139848979E1,9.547296295E0,-1.089434509E0,1.908830566E0
1.140844479E1,9.548643494E0,-1.141077118E0,2.221230927E0
1.141839979E1,9.444609833E0,-1.171912994E0,2.238295441E0
1.142835479E1,9.304650879E0,-1.033750305E0,1.646426239E0
1.143830979E1,9.271869049E0,-8.809181213E-1,9.993218994E-1
1.144826479E1,9.849667511E0,-6.324348450E-1,2.063758392E0
1.145821979E1,9.946965179E0,-7.268884277E-1,2.591411133E0
1.146817479E1,9.681417389E0,-1.005459137E0,2.182012482E0
1.147812979E1,9.718839569E0,-8.173004150E-1,2.309397583E0
1.148808479E1,9.516610107E0,-5.364843750E-1,2.168241119E0
1.149804079E1,9.267977142E0,-7.834707642E-1,1.400188293E0
1.150799579E1,9.516909485E0,-7.981402588E-1,9.454339600E-1
1.151795079E1,9.532926178E0,-9.138496399E-1,5.159770203E-1
1.152790579E1,9.946516113E0,-8.861572266E-1,1.853146362E0
1.153786079E1,9.939480743E0,-4.532574463E-1,2.346370697E0
1.154781579E1,9.617949371E0,-4.179309082E-1,2.554288330E0
1.155777079E1,9.391769714E0,-5.095404053E-1,2.581232300E0
1.156772579E1,9.214837646E0,-6.601272583E-1,2.367027740E0
1.157768079E1,9.098529510E0,-8.196954346E-1,2.131866760E0
1.158763579E1,9.080866241E0,-9.358538818E-1,1.859732666E0
1.159759079E1,9.518855438E0,-9.943821716E-1,1.939217377E0
1.160754579E1,9.699380035E0,-1.075214081E0,2.134112091E0
1.161750079E1,9.777816925E0,-1.154399414E0,2.508633270E0
1.162745579E1,9.673034821E0,-1.182840271E0,2.665057983E0
1.163741179E1,9.626781006E0,-1.137484589E0,2.693349152E0
1.164736679E1,9.526190186E0,-1.129700775E0,2.780617676E0
1.165732179E1,9.384135590E0,-9.635462952E-1,2.570155334E0
1.166727679E1,9.259893951E0,-8.170010376E-1,2.484084320E0
1.167723179E1,9.354946289E0,-6.475534058E-1,2.221230927E0
1.168718679E1,9.468410339E0,-6.077362061E-1,1.937421112E0
1.169714179E1,9.517208862E0,-6.360273743E-1,1.721719666E0
1.170709679E1,9.495204620E0,-8.273295593E-1,1.659748535E0