"Time (s)","X (rad/s)","Y (rad/s)","Z (rad/s)"
4.915416648E-3,9.077743441E-2,1.667434871E-1,4.401883110E-2
1.487041666E-2,8.453869075E-2,8.750253171E-2,2.850249037E-2
2.482541668E-2,1.551630646E-1,5.884478614E-2,-1.162725966E-3
3.478041664E-2,2.063128203E-1,1.468348950E-1,-1.061701681E-3
4.473541665E-2,2.081871629E-1,2.054127157E-1,1.066100039E-2
5.469141668E-2,1.599799842E-1,1.601508856E-1,2.267180756E-2
6.464641663E-2,1.263913959E-1,1.185869351E-1,-9.741350077E-4
7.460141665E-2,8.139165491E-2,6.100639701E-2,-1.680270396E-2
8.455641667E-2,3.310455009E-2,1.230890211E-2,-3.791891038E-2
9.451141668E-2,1.924411207E-2,-1.540360972E-2,-3.682778031E-2
1.044664166E-1,-3.020448377E-3,-3.544097021E-2,-4.024115205E-2
1.144214167E-1,-1.541265287E-3,-4.739458114E-2,-2.375055477E-2
1.243764167E-1,-2.642451227E-2,-6.945434213E-2,-3.177119792E-2
1.343314167E-1,-6.481836736E-2,-1.145557463E-1,-3.907472640E-2
1.442874167E-1,-6.667485833E-2,-1.205103025E-1,-8.879354596E-2
1.542424167E-1,-7.059061527E-2,-1.775895357E-1,-8.445109427E-2
1.641974167E-1,-4.614785314E-2,-1.261921376E-1,-6.021792442E-2
1.741524166E-1,-8.185698092E-2,-7.266177237E-2,-5.764911696E-2
1.841074167E-1,-5.657771975E-2,-6.458245218E-3,-5.187378824E-2
1.940624167E-1,-7.425050251E-3,4.881772026E-2,-6.740965694E-2
2.040174166E-1,3.024083562E-2,1.187797636E-1,-7.372241467E-2
2.139724166E-1,-1.055207849E-2,2.255952656E-1,-7.266283035E-2
2.239274167E-1,7.922003046E-3,1.395416111E-1,-5.548836663E-2
2.338824167E-1,-2.727264538E-2,-6.411532313E-2,-2.066207863E-2
2.438374166E-1,-4.365800694E-2,-1.577768326E-1,-4.683429748E-2
2.537924167E-1,-8.227434754E-2,-2.270156443E-1,-5.997091904E-2
2.637474167E-1,-8.409434557E-2,-2.148740292E-1,-8.343203366E-2
2.737024167E-1,-7.831437886E-2,-1.529278457E-1,-1.154846847E-1
2.836584167E-1,-6.742710620E-2,-8.249071240E-2,-1.310029179E-1
2.936134167E-1,2.000547945E-2,2.605003119E-2,-5.787909031E-2
3.035684167E-1,-2.481764928E-2,4.085481167E-2,-7.234005630E-2
3.135234166E-1,-2.468030527E-2,3.987464681E-2,-4.248937964E-2
3.234784167E-1,5.991321057E-3,6.959419698E-2,-4.498049989E-2
3.334334167E-1,-5.544731393E-4,6.375808269E-2,-4.690367728E-2
3.433884167E-1,-1.167823002E-2,1.150340401E-2,-4.951064661E-2
3.533434166E-1,-1.073719654E-2,-5.944024771E-2,-5.580510944E-2
3.632984167E-1,-2.423542924E-2,-1.223347932E-1,-5.723229796E-2
3.732534167E-1,-4.046507925E-2,-1.527826339E-1,-3.867512941E-2
3.832084166E-1,-3.690470010E-2,-1.247683018E-1,-4.184216261E-2
3.931634167E-1,-2.677824162E-2,-7.636389881E-2,-4.249099270E-2
4.031184167E-1,-1.720151305E-2,-3.635789454E-2,-6.051366776E-2
4.130734167E-1,-2.873300109E-4,-8.514744695E-4,-7.489581406E-2
4.230294166E-1,-2.247732133E-2,-4.828956351E-2,-5.232898146E-2
4.329844167E-1,-6.690249592E-2,-1.038296074E-1,-4.171787575E-2
4.429394167E-1,-6.771262735E-2,-1.118675619E-1,-4.887032881E-2
4.528944166E-1,-3.809848428E-2,-8.889847994E-2,-4.290146753E-2
4.628494167E-1,-4.030997306E-2,-6.629889458E-2,-4.012698680E-2
4.728044167E-1,-3.812111914E-2,-6.449806690E-2,-3.905559704E-2
4.827594167E-1,-2.262924798E-2,-5.783856660E-2,-4.157281667E-2
4.927144166E-1,-1.632235013E-2,-4.955640063E-2,-3.467895836E-2
5.026694167E-1,-1.326450799E-2,-4.866584018E-2,-1.339497603E-2
5.126244167E-1,-1.848127693E-2,-2.056238614E-2,-2.966049127E-3
5.225794166E-1,-2.532613277E-2,1.847662404E-2,-2.349527087E-3
5.325344166E-1,-3.109522536E-2,3.735654056E-2,-1.268329471E-2
5.424894167E-1,-3.280204535E-2,7.905707695E-3,-2.263819054E-2
5.524444167E-1,-3.318275139E-2,-4.262860119E-2,-2.613510750E-2
5.623994166E-1,-3.833596781E-2,-6.718267500E-2,-2.079467103E-2
5.723554167E-1,-3.837404773E-2,-6.464108080E-2,-1.700539887E-2
5.823104167E-1,-3.824195266E-2,-4.739285633E-2,-1.760434359E-2
5.922654166E-1,-3.020515293E-2,-4.532637075E-2,-1.806947775E-2
6.022204167E-1,-2.433474548E-2,-5.444530025E-2,-1.737386174E-2
6.121754167E-1,-7.768332027E-3,-6.395968795E-2,-1.168620773E-2
6.221304167E-1,9.641817771E-3,-6.033779681E-2,-5.247216206E-3
6.320854166E-1,3.097223118E-2,-5.053198710E-2,9.096094873E-4
6.420404167E-1,4.388163984E-2,-3.107147478E-2,9.359553456E-3
6.519954167E-1,4.490132630E-2,-1.443729736E-2,1.350002177E-2
6.619504166E-1,4.354285076E-2,-6.885637995E-3,1.587502845E-2
6.719054166E-1,4.924743250E-2,-2.353274636E-2,1.477394253E-2
6.818604167E-1,5.367174000E-2,-4.441113025E-2,2.262440883E-2
6.918154167E-1,6.157399341E-2,-5.767783150E-2,2.814695798E-2
7.017704166E-1,7.132568210E-2,-6.902182847E-2,3.605867922E-2
7.117264167E-1,6.994405389E-2,-6.878142059E-2,4.174502566E-2
7.216814167E-1,7.036004215E-2,-4.482655600E-2,4.142864048E-2
7.316364166E-1,6.874594092E-2,-1.955122873E-2,3.615405783E-2
7.415914166E-1,6.924448907E-2,-5.883887410E-3,2.848575264E-2
7.515464167E-1,7.219075412E-2,-1.159977354E-2,2.458939329E-2
7.615014167E-1,6.459275633E-2,-1.838337816E-2,2.262344770E-2
7.714564166E-1,4.225113988E-2,-1.170253754E-2,1.338136289E-2
7.814114167E-1,2.671425603E-2,-8.312473074E-4,9.820183739E-3
7.913664167E-1,1.250534598E-2,-4.894860554E-3,-6.458432879E-3
8.013214167E-1,-5.299749784E-3,-2.273884043E-2,-2.378788963E-2
8.112764166E-1,-2.119902149E-2,-3.165066987E-2,-3.946642578E-2
8.212314167E-1,-4.366411641E-2,-1.755881868E-2,-4.710170627E-2
8.311864167E-1,-6.970748305E-2,-6.105345208E-3,-4.905732721E-2
8.411414166E-1,-8.681563288E-2,4.789646715E-3,-5.359961465E-2
8.510974167E-1,-1.076161861E-1,1.274103392E-2,-5.786649138E-2
8.610524167E-1,-1.215943173E-1,1.682152785E-2,-6.291025877E-2
8.710074166E-1,-1.332389414E-1,5.423582625E-3,-7.094243169E-2
8.809624166E-1,-1.445997208E-1,5.545289256E-3,-8.121211082E-2
8.909174167E-1,-1.582436264E-1,-6.453635870E-4,-7.637166977E-2
9.008724167E-1,-1.637052447E-1,-3.669915488E-3,-6.366732717E-2
9.108274166E-1,-1.653562784E-1,-1.771641662E-3,-5.543009937E-2
9.207824167E-1,-1.677903980E-1,2.899809042E-3,-5.075917393E-2
9.307374167E-1,-1.695305705E-1,3.678401932E-2,-4.790617526E-2
9.406924167E-1,-1.699146032E-1,5.042979121E-2,-4.573782533E-2
9.506474166E-1,-1.756656468E-1,2.335940860E-2,-4.585402459E-2
9.606024167E-1,-1.802883595E-1,-9.203327820E-3,-5.287278816E-2
9.705574167E-1,-1.920378506E-1,-1.729537360E-2,-6.150159612E-2
9.805124166E-1,-1.976898760E-1,-1.102554961E-3,-6.745003164E-2
9.904674166E-1,-1.911101192E-1,6.732761860E-3,-7.111410797E-2
1.000423417E0,-1.772187948E-1,1.726103574E-2,-7.447181642E-2
1.010378417E0,-1.628676653E-1,1.831914112E-2,-7.005532831E-2
1.020333417E0,-1.501888931E-1,1.875723153E-2,-6.245200336E-2
1.030288417E0,-1.373257488E-1,1.255024318E-2,-5.578995869E-2
1.040243417E0,-1.267332882E-1,7.934719324E-3,-4.707236961E-2
1.050198417E0,-1.211174652E-1,4.809769802E-3,-4.383584857E-2
1.060152708E0,-1.200822964E-1,1.376251783E-2,-4.236551747E-2
1.070107708E0,-1.155660376E-1,2.666996978E-2,-4.205869138E-2
1.080062708E0,-1.085099950E-1,3.684590757E-2,-4.501373693E-2
1.090017708E0,-1.051769108E-1,3.945963830E-2,-4.919017479E-2
1.099972708E0,-1.035673022E-1,3.271384910E-2,-4.552646354E-2
1.109927708E0,-9.872017056E-2,2.483750880E-2,-4.102425277E-2
1.119882708E0,-9.942510724E-2,2.144437470E-2,-4.290178046E-2
1.129837708E0,-9.395251423E-2,1.834577322E-2,-4.430895299E-2
1.139793708E0,-7.689949870E-2,1.463918574E-2,-4.417233542E-2
1.149748708E0,-6.726343930E-2,9.248830378E-3,-3.990613297E-2
1.159703708E0,-5.168820173E-2,1.002540812E-2,-3.195180371E-2
1.169658708E0,-3.173172101E-2,1.066074707E-2,-2.283313498E-2
1.179613708E0,-2.302451618E-2,1.590850763E-2,-1.585751586E-2
1.189568708E0,-1.683506370E-2,3.304141760E-2,-1.799257286E-2
1.199523708E0,-1.227706391E-2,4.800305888E-2,-2.876665816E-2
1.209478708E0,-7.578118704E-3,4.342000932E-2,-4.210559279E-2
1.219433708E0,-1.274012402E-2,3.996988758E-2,-4.733604193E-2
1.229388708E0,-1.484405715E-2,5.109877884E-2,-3.858137876E-2
1.239343708E0,-1.357772294E-2,4.884521291E-2,-2.170386352E-2
1.249298708E0,-1.350068487E-3,6.852882355E-2,-1.762286574E-2
1.259253708E0,1.294870954E-2,8.008427918E-2,-1.734643057E-2
1.269208708E0,3.445887938E-2,6.161098555E-2,-5.264713429E-3
1.279164708E0,4.747907072E-2,3.263526037E-2,9.844730608E-3
1.289119708E0,5.328574032E-2,2.542963810E-2,1.918602921E-2
1.299074708E0,6.854618341E-2,1.168905944E-2,4.097148776E-2
1.309029708E0,8.195820451E-2,1.405292004E-2,4.794325680E-2
1.318984708E0,9.367505461E-2,5.229191855E-2,3.352383524E-2
1.328939708E0,1.044831797E-1,6.420478970E-2,2.879693545E-2
1.338894708E0,1.148231626E-1,6.379865855E-2,2.044446394E-2
1.348849708E0,1.293736249E-1,2.647583932E-2,3.219816461E-2
1.358804708E0,1.298268884E-1,1.129875146E-2,2.568114549E-2
1.368759708E0,1.300145090E-1,4.104756564E-2,1.749173738E-2
1.378714708E0,1.232474148E-1,7.334664464E-2,1.687681302E-2
1.388669708E0,1.200077683E-1,8.263260126E-2,1.563191600E-2
1.398624708E0,1.250272989E-1,6.721023470E-2,1.679225452E-2
1.408579708E0,1.258771718E-1,3.884715959E-2,2.267242968E-2
1.418534708E0,1.349612176E-1,2.839398384E-2,3.212318942E-2
1.428490708E0,1.443961710E-1,2.686888166E-2,3.624309599E-2
1.438445708E0,1.551747918E-1,2.607126534E-2,4.156915098E-2
1.448400708E0,1.554941237E-1,2.804472484E-2,3.771298379E-2
1.458355708E0,1.523633152E-1,3.376279771E-2,3.017011285E-2
1.468310708E0,1.488415152E-1,4.302747548E-2,2.292929403E-2
1.478265708E0,1.305685043E-1,6.673866510E-2,6.539934315E-3
1.488220708E0,9.657703340E-2,8.312920481E-2,-9.035114199E-3
1.498175708E0,6.023580953E-2,8.115313947E-2,-2.718162723E-2
1.508130708E0,2.673500031E-2,7.820252329E-2,-4.580109194E-2
1.518085708E0,-1.320362650E-2,8.088565618E-2,-6.568744779E-2
1.528040708E0,-5.665302277E-2,1.004146561E-1,-8.454168588E-2
1.537995708E0,-1.008580402E-1,1.271243095E-1,-9.816908091E-2
1.547950708E0,-1.330702901E-1,1.478662044E-1,-1.043352410E-1
1.557905708E0,-1.642167568E-1,1.470126659E-1,-1.121489555E-1
1.567861708E0,-1.983126253E-1,1.135741249E-1,-1.107764393E-1
1.577816708E0,-2.446215302E-1,8.259303868E-2,-1.155418977E-1
1.587771708E0,-2.942778468E-1,4.357316345E-2,-1.198323965E-1
1.597726708E0,-3.276288807E-1,1.941722818E-2,-1.158384532E-1
1.607681708E0,-3.404991627E-1,1.600272837E-3,-1.037523448E-1
1.617636708E0,-3.261905313E-1,-5.925722048E-2,-9.085278958E-2
1.627591708E0,-2.936568856E-1,-1.009178311E-1,-7.219950855E-2
1.637546708E0,-2.539861798E-1,-1.110149398E-1,-5.772017315E-2
1.647501708E0,-2.116291225E-1,-7.341860980E-2,-1.123109274E-2
1.657456708E0,-1.653407216E-1,-7.862828672E-2,2.299895743E-3
1.667411708E0,-1.248370111E-1,-1.390184611E-1,-2.259381115E-2
1.677366708E0,-5.774559081E-2,-1.210088357E-1,-1.125167590E-2
1.687321708E0,4.168891162E-2,-3.956339136E-2,3.687507473E-3
1.697276708E0,1.234660596E-1,-4.043104872E-2,-2.006682381E-2
1.707232708E0,1.611709297E-1,-6.433779746E-2,-7.754743844E-2
1.717187708E0,1.812415719E-1,-2.243508771E-2,-1.043478921E-1
1.727142708E0,1.975062042E-1,7.750170678E-2,-1.070600450E-1
1.737097708E0,2.133488059E-1,2.080008686E-1,-1.000415459E-1
1.747052708E0,2.099927515E-1,2.903408706E-1,-9.245695174E-2
1.757007708E0,1.899833530E-1,2.935507596E-1,-8.790374547E-2
1.766962708E0,1.547935903E-1,2.488085628E-1,-1.002167389E-1
1.776917708E0,1.307694763E-1,1.944297403E-1,-1.020790860E-1
1.786872708E0,1.143377274E-1,1.359531283E-1,-1.069362164E-1
1.796827708E0,8.516785502E-2,9.624007344E-2,-1.052805260E-1
1.806782708E0,5.517891422E-2,7.776276022E-2,-1.178095341E-1
1.816737708E0,3.676608577E-2,5.000330135E-2,-1.081214920E-1
1.826692708E0,2.638648264E-2,3.477786854E-2,-9.450431168E-2
1.836647708E0,1.634716429E-2,2.338486351E-2,-8.008196950E-2
1.846603708E0,1.452149916E-2,2.530058613E-3,-8.134207129E-2
1.856558708E0,1.183010824E-2,-1.985407807E-2,-8.028932661E-2
1.866513708E0,1.604361460E-2,-2.964471700E-3,-7.892449945E-2
1.876468708E0,1.766628027E-2,3.175329790E-2,-6.210716814E-2
1.886423708E0,2.818094194E-2,4.505598918E-2,-3.519122675E-2
1.896378708E0,3.273947537E-2,3.984977677E-2,-1.424493361E-2
1.906333708E0,4.728640988E-2,2.078556083E-2,-3.379557282E-3
1.916288708E0,8.569371700E-2,3.041528538E-2,7.278945763E-3
1.926243708E0,1.066697985E-1,2.368381247E-2,2.268046513E-2
1.936198708E0,1.099409610E-1,1.637556590E-2,2.507597581E-2
1.946153708E0,1.056826487E-1,-2.925645746E-2,2.101226710E-2
1.956108708E0,1.105889902E-1,-5.830701813E-2,2.484801784E-2
1.966063708E0,1.384549439E-1,-6.080152839E-2,1.630837657E-2
1.976018708E0,1.747607440E-1,-2.573701739E-2,9.579367936E-3
1.985973708E0,1.993725747E-1,2.340684459E-2,2.096911520E-2
1.995929708E0,2.256883383E-1,6.708881259E-2,2.969336510E-2
2.005884708E0,2.667522728E-1,1.045986116E-1,3.868667409E-2
2.015839708E0,3.194490373E-1,1.282144487E-1,2.952247113E-2
2.025794708E0,3.461409509E-1,1.203092262E-1,2.788699605E-2
2.035749708E0,3.643780053E-1,1.085585654E-1,2.808007412E-2
2.045704708E0,3.747589886E-1,1.106035560E-1,2.523624524E-2
2.055662458E0,3.760106862E-1,1.276166141E-1,1.657591015E-2
2.065617458E0,3.569565117E-1,1.473380625E-1,8.626300842E-3
2.075572458E0,3.312847018E-1,1.491024196E-1,-3.818917554E-3
2.085527458E0,3.059308231E-1,1.191181615E-1,-2.049087733E-2
2.095482458E0,2.724085450E-1,9.133020788E-2,-2.214283496E-2
2.105437458E0,2.434752882E-1,8.696831763E-2,-1.708740368E-2
2.115392458E0,2.472681552E-1,7.079999894E-2,-4.681067076E-3
2.125347458E0,2.471497655E-1,6.787914783E-2,3.711040132E-3
2.135302458E0,2.352912426E-1,7.990758121E-2,2.375452407E-2
2.145258458E0,2.310870588E-1,9.896559268E-2,5.362032354E-2
2.155213458E0,2.644711137E-1,1.113327816E-1,8.288154006E-2
2.165168458E0,3.057011068E-1,1.324163526E-1,1.019238010E-1
2.175123458E0,3.410271406E-1,1.321428567E-1,1.172026172E-1
2.185078458E0,3.648168743E-1,1.006126925E-1,1.309544295E-1
2.195033458E0,3.638730347E-1,3.159660846E-2,1.449059397E-1
2.204988458E0,3.726549745E-1,-2.666027099E-2,1.451766789E-1
2.214943458E0,3.858911395E-1,-2.615586855E-2,1.548492908E-1
2.224898458E0,3.785928488E-1,-1.704302058E-2,1.535314173E-1
2.234853458E0,3.406558335E-1,-3.310134634E-2,1.624924242E-1
2.244808458E0,2.951796651E-1,-7.264269888E-2,1.632635891E-1
2.254763458E0,2.595742643E-1,-1.410827339E-1,1.613032371E-1
2.264718458E0,2.261159569E-1,-2.146859914E-1,1.568839103E-1
2.274673458E0,2.124821842E-1,-2.709415555E-1,1.469378024E-1
2.284629458E0,2.105977535E-1,-2.908393145E-1,1.406664252E-1
2.294584458E0,1.912440211E-1,-2.663262486E-1,1.267428845E-1
2.304539458E0,1.329070926E-1,-2.566218376E-1,9.413933754E-2
2.314494458E0,6.120254472E-2,-2.955388725E-1,5.990039930E-2
2.324449458E0,4.809414223E-2,-3.265288472E-1,-5.879592616E-3
2.334404458E0,7.365249842E-2,-4.231145084E-1,-1.305517405E-1
2.344359458E0,7.692181319E-2,-4.639043808E-1,-2.860481441E-1
2.354314458E0,8.925784379E-2,-3.562117219E-1,-3.429465890E-1
2.364269458E0,1.425789744E-1,-1.582944095E-1,-2.947766185E-1
2.374224458E0,2.032111734E-1,7.062558085E-2,-2.002812475E-1
2.384179458E0,2.434693277E-1,2.998163700E-1,-8.385591209E-2
2.394134458E0,2.733952701E-1,4.967936277E-1,5.814623460E-2
2.404089458E0,2.975535393E-1,6.498283744E-1,1.952357739E-1
2.414044458E0,3.037176728E-1,6.326565742E-1,2.956827581E-1
2.423999458E0,3.060795367E-1,4.744924605E-1,3.506899178E-1
2.433955458E0,3.126405180E-1,2.727321982E-1,3.388431072E-1
2.443910458E0,3.140745759E-1,1.188276485E-1,2.670241296E-1
2.453865458E0,3.099219203E-1,5.451790616E-2,1.808436960E-1
2.463820458E0,3.100599945E-1,7.873306423E-2,1.159815639E-1
2.473775458E0,3.338289857E-1,1.635683328E-1,6.724625081E-2
2.483730458E0,3.353727460E-1,2.376217991E-1,2.640075982E-2
2.493685458E0,2.830336392E-1,2.441028655E-1,2.334025502E-2
2.503640458E0,2.157151252E-1,2.086114436E-1,5.742955580E-2
2.513595458E0,1.711908132E-1,1.782745719E-1,9.221416712E-2
2.523550458E0,1.467792541E-1,1.278585196E-1,1.191294640E-1
2.533505458E0,1.223173216E-1,5.513052270E-2,1.593146920E-1
2.543460458E0,5.664278939E-2,1.178539991E-1,8.858752996E-2
2.553415458E0,9.111756459E-3,8.541563153E-2,5.792043731E-2
2.563370458E0,-1.142578665E-2,-6.106126681E-2,1.563112587E-1
2.573325458E0,-7.256291062E-2,-1.110855490E-1,2.368148863E-1
2.583281458E0,-1.243502796E-1,-8.823282272E-2,2.962026894E-1
2.593236458E0,-1.592581868E-1,1.085434575E-2,3.230625391E-1
2.603191458E0,-1.742293090E-1,1.223888323E-1,3.159303963E-1
2.613146458E0,-1.820560694E-1,2.088923007E-1,2.935848832E-1
2.623101458E0,-2.030118704E-1,2.891190052E-1,2.740273178E-1
2.633056458E0,-2.378239036E-1,3.057853281E-1,2.433833629E-1
2.643011458E0,-2.672044933E-1,2.427244931E-1,2.108598650E-1
2.652966458E0,-2.853949368E-1,1.305729151E-1,2.044075578E-1
2.662921458E0,-2.970909178E-1,-1.646002755E-2,2.059854865E-1
2.672876458E0,-2.970075607E-1,-9.323017299E-2,1.858559847E-1
2.682831458E0,-2.440587580E-1,-6.890075654E-2,1.825171411E-1
2.692786458E0,-1.670933962E-1,-2.473223396E-2,1.715595573E-1
2.702741458E0,-1.171995699E-1,-6.990883499E-2,1.643596590E-1
2.712696458E0,-1.005209908E-1,-1.533781737E-1,1.576247811E-1
2.722652458E0,-8.015919477E-2,-2.269626558E-1,1.534175724E-1
2.732607458E0,-5.278749019E-2,-3.101789653E-1,1.449532509E-1
2.742562458E0,-3.586663678E-2,-3.464761376E-1,1.246893480E-1
2.752517458E0,-3.258429095E-2,-2.813328207E-1,9.142512828E-2
2.762472458E0,-4.005067796E-2,-2.174266726E-1,6.828750670E-2
2.772427458E0,-5.613989383E-2,-1.729843765E-1,6.645658612E-2
2.782382458E0,-8.163408190E-2,-1.650408357E-1,8.773964643E-2
2.792337458E0,-7.755012065E-2,-1.762948185E-1,9.615443647E-2
2.802292458E0,-7.441937923E-2,-1.542820930E-1,8.292595297E-2
2.812247458E0,-7.632140815E-2,-9.504088759E-2,8.447511494E-2
2.822202458E0,-8.294398338E-2,-2.415876463E-2,8.837226033E-2
2.832157458E0,-1.039011925E-1,4.727147520E-2,8.953872323E-2
2.842112458E0,-1.044734865E-1,1.502031088E-1,7.091546804E-2
2.852067458E0,-1.130584553E-1,1.767138094E-1,2.965644561E-2
2.862022458E0,-1.332116276E-1,1.039250195E-1,-1.693560928E-2
2.871978458E0,-1.807895303E-1,1.092264056E-2,-3.072412685E-2
2.881933458E0,-2.269636542E-1,-5.388266221E-2,-7.339134067E-2
2.891888458E0,-2.504010797E-1,-6.600616872E-2,-1.143765897E-1
2.901843458E0,-2.629859149E-1,-3.389062360E-2,-1.100709215E-1
2.911798458E0,-2.928405106E-1,6.570281088E-2,-9.675858170E-2
2.921753458E0,-3.220847547E-1,1.420619935E-1,-1.045833603E-1
2.931708458E0,-3.486748040E-1,1.452106535E-1,-1.297464967E-1
2.941663458E0,-3.666167259E-1,1.932877600E-1,-1.313205361E-1
2.951618458E0,-3.854484558E-1,4.048175812E-1,-1.280355155E-1
2.961573458E0,-3.752757907E-1,6.374933720E-1,-1.223467961E-1
2.971528458E0,-3.114752173E-1,6.756045818E-1,-1.369259953E-1
2.981483458E0,-2.046598941E-1,4.890679419E-1,-1.771405786E-1
2.991438458E0,-1.109437943E-1,2.413676083E-1,-2.144245654E-1
3.001393458E0,-8.893993497E-2,2.270118333E-2,-2.421639562E-1
3.011349458E0,-1.443603188E-1,-1.353827268E-1,-2.676405311E-1
3.021304458E0,-2.507156730E-1,-2.041758150E-1,-2.605901062E-1
3.031259458E0,-3.257691562E-1,-1.790619344E-1,-2.299914658E-1
3.041214458E0,-3.368212581E-1,-6.453055888E-2,-2.017968446E-1
3.051169458E0,-3.082455397E-1,1.260369867E-1,-1.724301726E-1
3.061122542E0,-2.861662805E-1,2.251411974E-1,-1.310161054E-1
3.071077542E0,-2.979283929E-1,1.919701844E-1,-1.115334854E-1
3.081032542E0,-3.379519284E-1,9.646389633E-2,-1.298706383E-1
3.090987542E0,-4.037761986E-1,-9.669200517E-3,-1.552614868E-1
3.100942542E0,-4.538474083E-1,-4.895680398E-2,-1.957353204E-1
3.110897542E0,-3.994528949E-1,-8.011500351E-3,-1.982946098E-1
3.120852542E0,-3.007623255E-1,3.478897363E-2,-1.284042597E-1
3.130807542E0,-1.439551413E-1,1.520772427E-1,-2.204266936E-2
3.140762542E0,-2.548411489E-2,-2.659719884E-1,2.376309335E-1
3.150717542E0,-7.324205339E-2,-8.151310086E-1,5.323062539E-1
3.160673542E0,-1.642954201E-1,-6.468232274E-1,6.662332416E-1
3.170628542E0,-1.211026683E-1,1.532598585E-1,6.075289249E-1
3.180583542E0,-1.455247775E-2,7.837749720E-1,5.292677283E-1
3.190538542E0,-7.334495336E-2,8.953169584E-1,4.536674917E-1
3.200493542E0,-2.607946098E-1,8.760373592E-1,3.294661343E-1
3.210448542E0,-4.106922150E-1,9.108725786E-1,1.581713557E-1
3.220403542E0,-4.511451125E-1,9.288468957E-1,5.343575776E-2
3.230358542E0,-4.302563369E-1,8.759178519E-1,2.503794059E-2
3.240313542E0,-3.933952451E-1,7.102641463E-1,4.761989787E-2
3.250268542E0,-3.510680199E-1,3.802713156E-1,7.836022973E-2
3.260223542E0,-3.088446856E-1,-2.251834795E-2,1.261068583E-1
3.270178542E0,-2.448736727E-1,-2.696916759E-1,1.722575724E-1
3.280133542E0,-1.839692742E-1,-2.754620910E-1,2.123974711E-1
3.290088542E0,-1.361258477E-1,-6.481428444E-2,2.507459223E-1
3.300043542E0,-9.447109699E-2,2.590265572E-1,2.447347939E-1
3.309999542E0,-6.470894068E-2,5.121672153E-1,1.706927866E-1
3.319954542E0,-5.806599557E-2,6.954712868E-1,1.647349894E-1
3.329909542E0,-9.258269519E-2,7.650104165E-1,1.477733105E-1
3.339864542E0,-1.195718274E-1,4.981136322E-1,-3.386541829E-2
3.349819542E0,-9.375460446E-2,1.757973731E-1,-2.239629179E-1
3.359774542E0,-5.024322495E-2,1.970241964E-2,-3.067854345E-1
3.369729542E0,-4.575233907E-2,-7.610080391E-2,-3.274885714E-1
3.379684542E0,-4.983860627E-2,-2.086127251E-1,-3.446021676E-1
3.389639542E0,-6.825809181E-2,-3.406884670E-1,-3.865240514E-1
3.399594542E0,-7.795669883E-2,-3.856713474E-1,-4.275928140E-1
3.409549542E0,-5.079778284E-2,-3.392657638E-1,-4.106785357E-1
3.419504542E0,6.571851205E-3,-2.824489176E-1,-3.376613259E-1
3.429459542E0,4.856404290E-2,-2.109582126E-1,-2.758858204E-1
3.439414542E0,7.266426086E-2,-1.536124945E-1,-2.184301764E-1
3.449369542E0,9.796881676E-2,-1.099052206E-1,-1.689353287E-1
3.459325542E0,1.095541865E-1,-8.732863516E-2,-1.566823721E-1
3.469280542E0,1.171828136E-1,5.864426494E-3,-1.660044938E-1
3.479235542E0,1.211767197E-1,1.092034057E-1,-1.665075272E-1
3.489190542E0,1.190483198E-1,1.294104010E-1,-1.545190364E-1
3.499145542E0,1.063047796E-1,6.511665881E-2,-1.075811461E-1
3.509100542E0,8.935349435E-2,-7.891321927E-2,-4.336114600E-2
3.519055542E0,9.305612743E-2,-1.372238249E-1,-6.737946719E-2
3.529010542E0,1.085314900E-1,-1.287890524E-1,-5.991941690E-2
3.538965542E0,1.351271570E-1,-1.138621643E-1,-2.949827164E-2
3.548920542E0,1.571975648E-1,-1.570072472E-1,5.621365272E-3
3.558875542E0,1.503043473E-1,-1.488948017E-1,1.611261070E-2
3.568830542E0,1.314486265E-1,-1.065801084E-1,-4.282826558E-4
3.578785542E0,1.261301339E-1,-5.542414635E-2,-1.132516749E-2
3.588740542E0,1.247769818E-1,-1.702349260E-2,-1.429352537E-2
3.598696542E0,1.271160394E-1,-1.742842421E-2,-5.788863637E-3
3.608651542E0,1.264984608E-1,-1.191381738E-2,1.024949178E-2
3.618606542E0,1.291035414E-1,2.785569802E-2,4.015228152E-2
3.628561542E0,1.674879491E-1,6.291195005E-2,5.467449874E-2
3.638516542E0,2.216990441E-1,4.820423201E-2,7.257751375E-2
3.648471542E0,2.242399752E-1,2.885503322E-2,8.638627082E-2
3.658426542E0,2.103366405E-1,-1.581387967E-2,1.005488858E-1
3.668381542E0,1.944894940E-1,-7.870735228E-2,1.134441793E-1
3.678336542E0,2.006100416E-1,-1.140862182E-1,1.291193068E-1
3.688291542E0,2.140147984E-1,-9.637086838E-2,1.446695030E-1
3.698246542E0,2.212468386E-1,-8.460939676E-2,1.566266268E-1
3.708201542E0,2.171857804E-1,-1.112543270E-1,1.578743309E-1
3.718156542E0,2.092895359E-1,-1.223169044E-1,1.660856009E-1
3.728111542E0,1.861818135E-1,-9.016110003E-2,1.738242209E-1
3.738066542E0,1.671377569E-1,-1.053092778E-1,1.663373709E-1
3.748022542E0,1.515412182E-1,-1.651888639E-1,1.562173516E-1
3.757977542E0,1.600733399E-1,-1.950785518E-1,1.521207988E-1
3.767932542E0,1.908197999E-1,-1.865226179E-1,1.460205615E-1
3.777887542E0,2.405596226E-1,-1.772900224E-1,1.281477362E-1
3.787842542E0,2.514671385E-1,-1.460364908E-1,1.177001446E-1
3.797797542E0,2.374084294E-1,-1.131546125E-1,1.358444840E-1
3.807752542E0,2.215125561E-1,-1.089556068E-1,1.494108886E-1
3.817707542E0,2.026122212E-1,-1.420334131E-1,1.525814682E-1
3.827662542E0,2.064559609E-1,-1.743340939E-1,1.459416747E-1
3.837617542E0,2.298815548E-1,-1.834407002E-1,1.406510472E-1
3.847572542E0,2.495868206E-1,-1.681203395E-1,1.284729391E-1
3.857527542E0,2.689150870E-1,-1.540627331E-1,1.178322360E-1
3.867482542E0,2.723777294E-1,-9.492377937E-2,9.146614373E-2
3.877437542E0,2.388358563E-1,-7.930082828E-2,5.515594035E-2
3.887393542E0,2.077988386E-1,-5.778062716E-2,1.425990649E-2
3.897348542E0,1.613653749E-1,-4.496478662E-2,-1.346744131E-3
3.907303542E0,2.817297354E-2,-1.833101511E-1,-1.267368942E-1
3.917258542E0,-8.341395110E-2,-1.664450318E-1,-2.586521208E-1
3.927213542E0,-8.148982376E-2,2.212558240E-1,-2.512498796E-1
3.937168542E0,-7.649133913E-3,6.343376637E-1,-2.095122933E-1
3.947123542E0,6.987921149E-2,7.188014388E-1,-9.784143418E-2
3.957078542E0,1.668137014E-1,6.485388875E-1,-1.436377317E-2
3.967033542E0,2.700234354E-1,5.825582743E-1,5.010469630E-2
3.976988542E0,3.896860182E-1,5.452332497E-1,1.180340573E-1
3.986943542E0,5.066728592E-1,5.105338097E-1,1.608409137E-1
3.996898542E0,6.020711064E-1,4.511413276E-1,1.679503173E-1
4.006853542E0,6.635038853E-1,3.831923604E-1,1.361870617E-1
4.016808542E0,6.578943133E-1,2.494844198E-1,8.229678124E-2
4.026763542E0,5.770213008E-1,2.837626450E-2,5.868705362E-2
4.036718542E0,4.406951368E-1,-2.079729140E-1,9.503606707E-2
4.046674542E0,2.926732004E-1,-2.477389723E-1,7.639607042E-2
4.056628792E0,1.998928338E-1,-1.853765696E-1,5.441287160E-2
4.066583792E0,1.742758900E-1,-1.321085542E-1,7.870702446E-2
4.076538792E0,1.534399390E-1,-6.038744748E-2,1.009615958E-1
4.086493792E0,1.241949722E-1,3.704589978E-2,1.315458715E-1
4.096448792E0,1.096338183E-1,1.931122243E-1,1.755699962E-1
4.106403792E0,1.234191433E-1,3.537738025E-1,2.179576606E-1
4.116358792E0,1.686756909E-1,4.130939543E-1,2.437359393E-1
4.126313792E0,2.222552896E-1,3.818436265E-1,2.463943064E-1
4.136268792E0,2.480360419E-1,2.651679218E-1,2.399977893E-1
4.146223792E0,2.441853732E-1,1.814093888E-1,2.332743704E-1
4.156178792E0,2.215873152E-1,1.227703094E-1,2.412773818E-1
4.166133792E0,1.785937846E-1,5.321067944E-2,2.249199897E-1
4.176088792E0,1.215611994E-1,-4.389297590E-2,1.929562241E-1
4.186043792E0,6.764710695E-2,-1.229028404E-1,1.703843325E-1
4.195999792E0,2.858090028E-2,-1.892214566E-1,1.626605392E-1
4.205954792E0,-1.334284805E-2,-2.377051115E-1,1.244375259E-1
4.215909792E0,-5.563452840E-2,-2.970281243E-1,8.274929225E-2
4.225864792E0,-9.352998435E-2,-2.764136791E-1,7.796359807E-2
4.235819792E0,-9.921394289E-2,-2.197290063E-1,5.525225028E-2
4.245774792E0,-9.872205555E-2,-1.940225810E-1,2.372015640E-2
4.255729792E0,-1.199386567E-1,-1.633678228E-1,-1.041438989E-2
4.265684792E0,-1.422993541E-1,-1.656605303E-1,-3.118358552E-2
4.275639792E0,-1.597766280E-1,-1.978094727E-1,-5.031558126E-2
4.285594792E0,-1.706564426E-1,-2.304643542E-1,-7.768781483E-2
4.295549792E0,-1.781121641E-1,-2.485953122E-1,-7.319647819E-2
4.305504792E0,-1.921449006E-1,-2.461071163E-1,-6.763099879E-2
4.315459792E0,-2.155489326E-1,-2.673210204E-1,-5.499257892E-2
4.325414792E0,-2.334017009E-1,-2.311441004E-1,-5.694413930E-2
4.335369792E0,-2.064967155E-1,-1.277261227E-1,-7.938945293E-2
4.345325792E0,-1.907252222E-1,-4.833516106E-2,-9.347757697E-2
4.355280792E0,-1.964955777E-1,-2.811169438E-2,-1.004996598E-1
4.365235792E0,-1.909109354E-1,-3.623886406E-2,-1.245871484E-1
4.375190792E0,-1.861569583E-1,-2.354350314E-2,-1.351537257E-1
4.385145792E0,-1.930414885E-1,-1.092438027E-2,-1.466250271E-1
4.395100792E0,-2.059027553E-1,1.732365042E-2,-1.523310244E-1
4.405055792E0,-2.173492908E-1,2.599300584E-3,-1.518290192E-1
4.415010792E0,-2.158486545E-1,-4.991515726E-2,-1.565603018E-1
4.424965792E0,-2.263612151E-1,-7.656540722E-2,-1.704947650E-1
4.434920792E0,-2.443338186E-1,-5.477875471E-2,-1.766558737E-1
4.444875792E0,-2.266642749E-1,-1.159745920E-2,-1.872307509E-1
4.454830792E0,-1.787105203E-1,1.840735041E-2,-1.976789832E-1
4.464785792E0,-1.158599183E-1,4.096139222E-2,-1.941321790E-1
4.474740792E0,-7.113221288E-2,9.353601187E-2,-1.740594059E-1
4.484696792E0,-3.148892522E-2,1.165023148E-1,-1.449129730E-1
4.494651792E0,2.504438860E-3,3.102104925E-2,-1.101086214E-1
4.504606792E0,2.836426534E-2,-9.376775473E-2,-8.470099419E-2
4.514561792E0,4.653042927E-2,-1.723436415E-1,-7.165595889E-2
4.524516792E0,5.183517933E-2,-1.653256714E-1,-6.296579540E-2
4.534471792E0,3.660439700E-2,-9.949130565E-2,-4.868261516E-2
4.544426792E0,-2.090270165E-3,-3.540633246E-2,-5.126241967E-2
4.554381792E0,-3.665493056E-2,-8.368115872E-3,-7.364158332E-2
4.564336792E0,-6.072378531E-2,1.992371120E-2,-7.815936953E-2
4.574291792E0,-6.260935962E-2,1.478182711E-2,-9.402640164E-2
4.584246792E0,-7.964826375E-2,-5.453359708E-2,-1.121952832E-1
4.594201792E0,-9.980524331E-2,-1.657418609E-1,-1.080591828E-1
4.604156792E0,-1.279423386E-1,-2.673837841E-1,-8.429606259E-2
4.614111792E0,-1.633204073E-1,-2.935901582E-1,-6.315840036E-2
4.624066792E0,-1.962959319E-1,-2.309992164E-1,-3.758033365E-2
4.634022792E0,-1.823277771E-1,-1.211813316E-1,-1.951221749E-2
4.643977792E0,-1.364726722E-1,-6.742116809E-2,-1.524050720E-2
4.653932792E0,-9.986819327E-2,-7.902365923E-2,-2.292909846E-2
4.663887792E0,-9.599009901E-2,-3.561120108E-2,2.548290789E-2
4.673842792E0,-4.949551076E-2,-7.866804488E-3,1.139418483E-1
4.683797792E0,-1.737576211E-3,-2.681588233E-1,2.597248852E-1
4.693752792E0,7.389315404E-3,-5.060257912E-1,4.044670761E-1
4.703707792E0,-4.285228252E-2,-3.404144645E-1,4.431774616E-1
4.713662792E0,-8.627579361E-2,2.023950033E-2,3.673581183E-1
4.723617792E0,-8.400065452E-2,3.390851319E-1,3.010912240E-1
4.733572792E0,-1.398824602E-1,5.521095991E-1,2.561398149E-1
4.743527792E0,-2.618368566E-1,6.006488800E-1,1.522365957E-1
4.753482792E0,-3.804996312E-1,5.104365945E-1,9.188527614E-2
4.763437792E0,-4.583376944E-1,3.730963469E-1,6.939940900E-2
4.773392792E0,-4.715439677E-1,2.794123888E-1,7.079543918E-2
4.783348792E0,-4.287091494E-1,2.599782348E-1,8.165847510E-2
4.793303792E0,-3.607072532E-1,2.434673011E-1,9.436184168E-2
4.803258792E0,-3.035731316E-1,1.758310050E-1,9.987032413E-2
4.813213792E0,-2.492704690E-1,1.185312271E-1,9.703166038E-2
4.823168792E0,-2.020736635E-1,1.341533363E-1,8.775907010E-2
4.833123792E0,-1.913891882E-1,1.806590706E-1,6.091911718E-2
4.843078792E0,-1.738464087E-1,1.824226230E-1,2.370863408E-2
4.853033792E0,-1.533395797E-1,1.278338283E-1,-6.076359656E-3
4.862988792E0,-1.646939665E-1,1.957665384E-1,3.801227361E-2
4.872943792E0,-1.938250065E-1,2.753906846E-1,4.980483279E-2
4.882898792E0,-2.123592794E-1,2.404260486E-1,-6.680353731E-2
4.892853792E0,-2.013491243E-1,3.104369044E-1,-1.568362713E-1
4.902808792E0,-2.008412480E-1,3.877790868E-1,-1.985917091E-1
4.912763792E0,-2.070764899E-1,3.680703044E-1,-2.130553573E-1
4.922718792E0,-2.159197778E-1,2.662651241E-1,-2.410704941E-1
4.932674792E0,-2.053995878E-1,1.462945938E-1,-2.771270275E-1
4.942629792E0,-1.735295355E-1,2.478121780E-2,-2.937164009E-1
4.952584792E0,-1.439488977E-1,-7.293871790E-2,-2.927916646E-1
4.962539792E0,-1.313627958E-1,-1.420647949E-1,-2.747495472E-1
4.972494792E0,-1.282752305E-1,-1.784230322E-1,-2.433387190E-1
4.982449792E0,-1.154257506E-1,-1.779790819E-1,-2.011838108E-1
4.992404792E0,-9.941776097E-2,-1.510043293E-1,-1.931715310E-1
5.002359792E0,-9.313829988E-2,-5.059916154E-2,-2.016579658E-1
5.012314792E0,-6.875877082E-2,6.372357905E-2,-1.707673818E-1
5.022269792E0,-2.469730377E-2,9.244310856E-2,-1.265964657E-1
5.032224792E0,2.770097926E-3,1.139596328E-1,-1.216495112E-1
5.042179792E0,-1.837969525E-3,1.599873155E-1,-1.551558077E-1
5.052134792E0,5.118802190E-3,2.055545151E-1,-2.025919855E-1
5.062090083E0,1.010503899E-2,2.417088002E-1,-2.199707031E-1
5.072046083E0,-3.725304827E-2,2.099115402E-1,-1.999586821E-1
5.082001083E0,-1.004999354E-1,1.228142008E-1,-1.549954712E-1
5.091956083E0,-1.502473950E-1,6.319782231E-3,-8.782593906E-2
5.101911083E0,-1.864669174E-1,-5.062099919E-2,-2.342804521E-2
5.111866083E0,-2.181570381E-1,-3.064859100E-2,1.952944696E-2
5.121821083E0,-2.178715467E-1,-1.391701400E-2,3.156347200E-2
5.131776083E0,-1.878240556E-1,5.572499242E-3,3.102427721E-2
5.141731083E0,-1.613498479E-1,5.436400697E-2,6.633646041E-2
5.151686083E0,-1.554151922E-1,1.243958101E-1,9.903506190E-2
5.161641083E0,-1.484547555E-1,1.828442067E-1,8.060891181E-2
5.171596083E0,-1.180785298E-1,2.287536412E-1,6.000000238E-2
5.181551083E0,-9.639640898E-2,2.327782214E-1,5.057267845E-2
5.191506083E0,-8.735097945E-2,2.145587355E-1,4.789460450E-2
5.201461083E0,-8.891718835E-2,2.330778241E-1,5.045576394E-2
5.211416083E0,-8.042158931E-2,2.705822885E-1,4.128500447E-2
5.221371083E0,-6.519310176E-2,3.007076979E-1,2.111821622E-2
5.231327083E0,-8.572251350E-2,3.308886886E-1,2.456273511E-2
5.241282083E0,-1.274790168E-1,3.492120504E-1,1.500944421E-2
5.251237083E0,-1.396072507E-1,2.640681267E-1,-1.307969913E-3
5.261192083E0,-1.233515888E-1,1.049852446E-1,-2.168115228E-2
5.271147083E0,-1.055295616E-1,-5.109447613E-2,-3.137927502E-2
5.281102083E0,-9.416052699E-2,-1.594579667E-1,-2.100120112E-2
5.291057083E0,-5.785566568E-2,-2.262012064E-1,2.718729433E-3
5.301012083E0,6.952626165E-3,-2.356596887E-1,1.693947613E-2
5.310967083E0,7.830999792E-2,-2.040944695E-1,3.375118598E-2
5.320922083E0,1.238053143E-1,-1.471984237E-1,5.959210545E-2
5.330877083E0,1.460785419E-1,-9.309122711E-2,9.391855448E-2
5.340832083E0,1.536677629E-1,-6.489154696E-2,1.178523898E-1
5.350787083E0,1.617334783E-1,-4.357322305E-2,1.094392315E-1
5.360742083E0,1.945625246E-1,-6.814967096E-2,1.102861166E-1
5.370698083E0,2.645401657E-1,-1.216368377E-1,1.173548549E-1
5.380653083E0,3.336183131E-1,-1.591554433E-1,1.130621061E-1
5.390608083E0,3.766834736E-1,-1.861532480E-1,1.223389730E-1
5.400563083E0,4.017499387E-1,-2.305755764E-1,1.221536174E-1
5.410518083E0,4.299429655E-1,-3.021357656E-1,1.441771537E-1
5.420473083E0,4.673430622E-1,-3.804326952E-1,1.642129123E-1
5.430428083E0,5.316650271E-1,-4.491905272E-1,1.619038433E-1
5.440383083E0,6.277683973E-1,-4.774402678E-1,1.681958288E-1
5.450338083E0,7.267765403E-1,-4.454354048E-1,1.947439462E-1
5.460293083E0,8.104810119E-1,-3.910360932E-1,2.224237770E-1
5.470248083E0,8.746244907E-1,-3.316365182E-1,2.557420731E-1
5.480203083E0,8.593046665E-1,-3.225681782E-1,3.051202893E-1
5.490158083E0,8.094180226E-1,-2.378027588E-1,2.671821415E-1
5.500113083E0,7.521411180E-1,-1.715403795E-1,1.782125831E-1
5.510068083E0,5.606176853E-1,-3.251842558E-1,-7.304766029E-2
5.520023083E0,3.360750973E-1,-4.161317348E-1,-3.696510792E-1
5.529979083E0,2.799863815E-1,-1.613318324E-1,-4.539734423E-1
5.539934083E0,3.042344749E-1,3.472509980E-1,-3.961074650E-1
5.549889083E0,2.604829073E-1,6.965294480E-1,-2.798429728E-1
5.559844083E0,1.989436597E-1,6.955547333E-1,-1.267713904E-1
5.569799083E0,2.304554880E-1,5.680503845E-1,5.806773901E-2
5.579754083E0,3.948460221E-1,4.461652040E-1,1.927935928E-1
5.589709083E0,5.751178861E-1,2.630993426E-1,2.298820317E-1
5.599664083E0,6.531610489E-1,3.975681961E-2,1.980918795E-1
5.609619083E0,6.659687161E-1,-1.612997949E-1,1.222169027E-1
5.619574083E0,6.271800399E-1,-2.798149884E-1,2.748666704E-2
5.629529083E0,5.431115627E-1,-2.407340556E-1,-6.721595675E-2
5.639484083E0,4.169352353E-1,-1.252980083E-1,-1.452425867E-1
5.649439083E0,3.211647272E-1,-6.049882993E-2,-1.720891744E-1
5.659394083E0,2.699880898E-1,-8.276791126E-2,-1.692076325E-1
5.669349083E0,2.422843724E-1,-1.639284194E-1,-1.605402380E-1
5.679305083E0,2.211093009E-1,-2.571084201E-1,-1.228312030E-1
5.689260083E0,2.023645341E-1,-2.870115936E-1,-9.108655155E-2
5.699215083E0,2.349312603E-1,-2.578771412E-1,-3.138700500E-2
5.709170083E0,2.957141697E-1,-2.152388543E-1,7.053964585E-2
5.719125083E0,3.368946314E-1,-9.410417825E-2,1.693461090E-1
5.729080083E0,3.653507233E-1,1.092811897E-1,2.386649400E-1
5.739035083E0,4.433629513E-1,2.186651975E-1,2.758668959E-1
5.748990083E0,5.541614890E-1,2.193337679E-1,3.161013126E-1
5.758945083E0,6.502349973E-1,1.544477195E-1,3.554386199E-1
5.768900083E0,6.970502734E-1,1.765135676E-2,3.819333017E-1
5.778855083E0,7.070273161E-1,-1.892035604E-1,3.808728158E-1
5.788810083E0,7.162719369E-1,-3.650371134E-1,3.455530107E-1
5.798765083E0,7.476592064E-1,-4.347677231E-1,3.139647245E-1
5.808720083E0,8.187105656E-1,-4.132133126E-1,3.299351335E-1
5.818675083E0,8.952548504E-1,-3.872485459E-1,3.868130744E-1
5.828631083E0,9.795958400E-1,-2.983205914E-1,4.214050174E-1
5.838586083E0,1.056796312E0,-2.116834670E-1,4.600019455E-1
5.848541083E0,1.121435285E0,-1.680341512E-1,5.051928163E-1
5.858496083E0,1.214872837E0,-1.277823299E-1,5.438491106E-1
5.868451083E0,1.361325622E0,-1.099575162E-1,5.925247669E-1
5.878406083E0,1.513129830E0,-1.004923731E-1,6.500442624E-1
5.888361083E0,1.646859527E0,-7.557042688E-2,6.993771791E-1
5.898316083E0,1.792125106E0,-3.686537594E-2,7.593076229E-1
5.908271083E0,1.941489100E0,-1.522679254E-2,8.194595575E-1
5.918226083E0,2.053979158E0,1.590879110E-4,8.618400097E-1
5.928181083E0,2.122100115E0,6.946701556E-3,9.059389830E-1
5.938136083E0,2.146736622E0,-4.472528398E-2,9.464715123E-1
5.948091083E0,2.175844669E0,-1.809151322E-1,9.950466752E-1
5.958046083E0,2.218951225E0,-3.079625666E-1,1.022563219E0
5.968001083E0,2.277526855E0,-3.948630989E-1,1.029627800E0
5.977957083E0,2.333872080E0,-4.189753830E-1,1.035352230E0
5.987912083E0,2.422743082E0,-3.910506368E-1,1.073015332E0
5.997867083E0,2.528035879E0,-4.456169605E-1,1.043963432E0
6.007822083E0,2.553529739E0,-4.337662458E-1,9.724956155E-1
6.017777083E0,2.538327932E0,-4.129280746E-1,9.812470675E-1
6.027732083E0,2.599395752E0,-5.970792770E-1,1.002057195E0
6.037687083E0,2.741275072E0,-8.461951017E-1,9.749093056E-1
6.047642083E0,2.884237051E0,-9.169111848E-1,9.628809094E-1
6.057596917E0,2.973798037E0,-8.684986830E-1,1.005300045E0
6.067551917E0,3.021722794E0,-8.227286935E-1,1.057943583E0
6.077506917E0,3.093808174E0,-7.652986646E-1,1.102728605E0
6.087461917E0,3.268307686E0,-6.311705709E-1,1.144995570E0
6.097416917E0,3.472789526E0,-4.402070343E-1,1.202103376E0
6.107371917E0,3.624950409E0,-2.908369303E-1,1.268613577E0
6.117326917E0,3.703662395E0,-2.307336479E-1,1.339411020E0
6.127282917E0,3.752699852E0,-2.140898407E-1,1.402736545E0
6.137237917E0,3.797100544E0,-2.101046890E-1,1.430855513E0
6.147192917E0,3.808496237E0,-2.221036106E-1,1.419066787E0
6.157147917E0,3.799457073E0,-1.925142854E-1,1.401747942E0
6.167102917E0,3.755554199E0,-1.550316662E-1,1.375902414E0
6.177057917E0,3.686604977E0,-1.752147079E-1,1.342861056E0
6.187012917E0,3.592996597E0,-2.294815332E-1,1.276116729E0
6.196967917E0,3.482082605E0,-3.263204694E-1,1.209015965E0
6.206922917E0,3.334894657E0,-4.072842002E-1,1.145810962E0
6.216877917E0,3.164280653E0,-4.246765077E-1,1.068969965E0
6.226832917E0,3.010214567E0,-3.839615881E-1,9.743662477E-1
6.236787917E0,2.898168802E0,-3.200017810E-1,8.648879528E-1
6.246742917E0,2.806022406E0,-2.355814725E-1,7.639878392E-1
6.256697917E0,2.721552134E0,-1.870988905E-1,6.995217800E-1
6.266652917E0,2.643124104E0,-1.880765855E-1,6.501764059E-1
6.276608917E0,2.572549582E0,-2.038494200E-1,6.013692021E-1
6.286563917E0,2.514621496E0,-2.569971681E-1,5.802456141E-1
6.296518917E0,2.448196650E0,-3.302508891E-1,5.701650381E-1
6.306473917E0,2.365625381E0,-3.694794476E-1,5.679329038E-1
6.316428917E0,2.305416584E0,-3.882992268E-1,5.667662024E-1
6.326383917E0,2.255456448E0,-4.059557021E-1,5.664308071E-1
6.336338917E0,2.190578938E0,-3.979957998E-1,5.580338836E-1
6.346293917E0,2.099965572E0,-4.064785540E-1,5.351077318E-1
6.356248917E0,2.005425930E0,-4.080146551E-1,4.938191772E-1
6.366203917E0,1.915544033E0,-3.878423870E-1,4.440985322E-1
6.376158917E0,1.849629283E0,-3.301495314E-1,4.199947715E-1
6.386113917E0,1.805234075E0,-2.622415423E-1,4.106796384E-1
6.396068917E0,1.772069216E0,-2.193164229E-1,4.007806778E-1
6.406023917E0,1.736286044E0,-2.452894300E-1,3.941096961E-1
6.415978917E0,1.666293144E0,-3.051072061E-1,3.971115947E-1
6.425934917E0,1.566498399E0,-3.613547683E-1,4.120575190E-1
6.435889917E0,1.460670233E0,-3.895179629E-1,4.222851396E-1
6.445844917E0,1.347690463E0,-3.931300044E-1,4.120766819E-1
6.455799917E0,1.208672047E0,-3.505151570E-1,3.920486271E-1
6.465754917E0,1.042340159E0,-3.077553511E-1,3.699661493E-1
6.475709917E0,8.613333702E-1,-2.944315672E-1,3.277590275E-1
6.485664917E0,7.031361461E-1,-2.795489132E-1,3.149233758E-1
6.495619917E0,5.658032894E-1,-1.388453096E-1,3.019319475E-1
6.505574917E0,4.247933626E-1,4.008098692E-2,2.635535002E-1
6.515529917E0,3.012652993E-1,2.142469287E-1,2.205003351E-1
6.525484917E0,2.159037143E-1,3.165347874E-1,1.784767061E-1
6.535439917E0,1.690664291E-1,3.090789914E-1,1.405910999E-1
6.545394917E0,1.575650722E-1,2.002368569E-1,1.207398623E-1
6.555349917E0,1.273632199E-1,6.426863372E-2,8.601011336E-2
6.565304917E0,8.146998286E-2,-6.655736268E-2,3.776182979E-2
6.575260917E0,2.429936826E-2,-1.841204613E-1,-1.384676993E-2
6.585215917E0,-2.831799164E-2,-2.729027271E-1,-6.606382877E-2
6.595170917E0,-6.916555762E-2,-2.818235159E-1,-9.084960073E-2
6.605125917E0,-9.725940973E-2,-2.450538874E-1,-1.131309494E-1
6.615080917E0,-1.334658861E-1,-1.761555225E-1,-1.237527058E-1
6.625035917E0,-1.620137691E-1,-5.592348799E-2,-1.456339806E-1
6.634990917E0,-1.596896350E-1,5.210364610E-2,-1.664790660E-1
6.644945917E0,-1.741112024E-1,9.907149523E-2,-1.830801070E-1
6.654900917E0,-2.150607705E-1,1.199911609E-1,-1.849184930E-1
6.664855917E0,-2.420586795E-1,9.715565294E-2,-1.805757731E-1
6.674810917E0,-2.650747895E-1,5.240868777E-2,-1.792934686E-1
6.684765917E0,-2.988212705E-1,-8.741829544E-3,-1.704424769E-1
6.694720917E0,-3.432492018E-1,-2.113671415E-2,-1.631699204E-1
6.704675917E0,-3.663738072E-1,5.840415880E-2,-1.580416709E-1
6.714630917E0,-3.683027625E-1,1.805532277E-1,-1.437498033E-1
6.724586917E0,-3.848025799E-1,2.765231431E-1,-1.293103546E-1
6.734541917E0,-4.101204574E-1,2.855496705E-1,-1.296288669E-1
6.744496917E0,-4.507392943E-1,2.328871340E-1,-1.485260427E-1
6.754451917E0,-4.524714351E-1,1.822324842E-1,-1.926668733E-1
6.764406917E0,-4.143299162E-1,1.569015086E-1,-2.452050000E-1
6.774361917E0,-3.819277883E-1,1.422986090E-1,-2.894462347E-1
6.784316917E0,-3.990787566E-1,1.234412193E-1,-3.265441358E-1
6.794271917E0,-4.418675005E-1,1.373807341E-1,-3.610711992E-1
6.804226917E0,-4.720550478E-1,2.004649043E-1,-3.871419728E-1
6.814181917E0,-4.733115137E-1,2.373707294E-1,-4.034591615E-1
6.824136917E0,-4.888080060E-1,2.528097332E-1,-4.174436033E-1
6.834091917E0,-4.998095334E-1,2.955742478E-1,-4.158962965E-1
6.844046917E0,-5.065830946E-1,3.039642572E-1,-3.961872458E-1
6.854001917E0,-4.851571918E-1,3.397358358E-1,-3.706544340E-1
6.863956917E0,-4.795834422E-1,3.236244619E-1,-3.450761735E-1
6.873911917E0,-4.632734358E-1,2.583959103E-1,-3.246089816E-1
6.883867917E0,-4.346445501E-1,1.714031696E-1,-3.040798604E-1
6.893822917E0,-4.031686485E-1,1.196589991E-1,-2.871171236E-1
6.903777917E0,-3.901303709E-1,1.200549603E-1,-2.738142014E-1
6.913732917E0,-3.829795122E-1,1.578532010E-1,-2.610464692E-1
6.923687917E0,-3.469135761E-1,1.651409715E-1,-2.625033259E-1
6.933642917E0,-3.070708215E-1,1.458053589E-1,-2.614803910E-1
6.943597917E0,-2.621321082E-1,1.165826395E-1,-2.680292726E-1
6.953552917E0,-2.035524249E-1,9.090417624E-2,-2.870626152E-1
6.963507917E0,-1.559137851E-1,8.041758835E-2,-3.011862934E-1
6.973462917E0,-1.518743038E-1,6.019806489E-2,-3.106810153E-1
6.983417917E0,-1.873452812E-1,3.023391590E-2,-2.966438830E-1
6.993372917E0,-2.332672328E-1,-5.834605545E-3,-2.646100521E-1
7.003327917E0,-2.680185437E-1,-3.767210245E-2,-2.458879650E-1
7.013282917E0,-2.695045769E-1,-5.293521285E-2,-2.438229471E-1
7.023237917E0,-2.494080067E-1,-5.674828216E-2,-2.447482646E-1
7.033193917E0,-2.365601212E-1,-6.454681605E-2,-2.511765957E-1
7.043148917E0,-2.401047349E-1,-1.118530184E-1,-2.382053435E-1
7.053103917E0,-2.609692812E-1,-1.188073307E-1,-2.195770591E-1
7.063061417E0,-2.885213196E-1,-7.476909459E-2,-2.096336931E-1
7.073016417E0,-2.990535796E-1,-4.063748941E-2,-2.071233988E-1
7.082971417E0,-2.799322903E-1,-4.353302717E-2,-2.041407377E-1
7.092926417E0,-2.468060404E-1,-7.299877703E-2,-2.111350000E-1
7.102881417E0,-2.017516792E-1,-1.290663183E-1,-2.332069725E-1
7.112836417E0,-1.585283130E-1,-1.723386943E-1,-2.451714873E-1
7.122791417E0,-1.262306720E-1,-1.783965528E-1,-2.433422506E-1
7.132746417E0,-1.044308320E-1,-1.520142108E-1,-2.440663725E-1
7.142701417E0,-6.079553440E-2,-1.115040556E-1,-2.546841800E-1
7.152656417E0,-9.058304131E-3,-6.566918641E-2,-2.610722780E-1
7.162611417E0,2.463341504E-2,-2.804419212E-2,-2.431839406E-1
7.172566417E0,4.076418281E-2,-1.326018665E-2,-1.991600245E-1
7.182521417E0,6.608105451E-2,8.647616208E-2,-1.893052459E-1
7.192477417E0,1.010877788E-1,6.578020751E-2,-1.575936526E-1
7.202432417E0,9.213676304E-2,-5.062565580E-2,-1.218583509E-1
7.212387417E0,4.658445716E-2,-1.718892306E-1,-1.084024683E-1
7.222342417E0,1.972015481E-3,-2.103698552E-1,-1.098081321E-1
7.232297417E0,-1.291718520E-2,-1.891766787E-1,-1.194138825E-1
7.242252417E0,-7.530385628E-3,-1.686033010E-1,-1.299690902E-1
7.252207417E0,1.371844392E-2,-1.606327295E-1,-1.415511817E-1
7.262162417E0,4.287653416E-2,-1.877351850E-1,-1.413719952E-1
7.272117417E0,5.597875267E-2,-2.268077433E-1,-1.333068758E-1
7.282072417E0,5.149720609E-2,-2.140797824E-1,-1.096218154E-1
7.292027417E0,4.307842255E-2,-1.711957008E-1,-8.667095751E-2
7.301982417E0,3.925925493E-2,-1.302529275E-1,-7.006466389E-2
7.311937417E0,3.333851323E-2,-1.517488956E-1,-6.456976384E-2
7.321892417E0,3.398234770E-2,-2.221549898E-1,-5.428804830E-2
7.331847417E0,4.215132818E-2,-2.867779136E-1,-3.645845130E-2
7.341803417E0,3.959711641E-2,-3.457157612E-1,-2.654687315E-2
7.351758417E0,1.743642054E-2,-3.696157634E-1,-2.165411413E-2
7.361713417E0,1.514088013E-3,-3.673779666E-1,-2.668894827E-2
7.371668417E0,-3.253769130E-3,-3.380192816E-1,-3.526619077E-2
7.381623417E0,-1.935787499E-2,-2.792610824E-1,-5.519213900E-2
7.391578417E0,-5.269745737E-2,-2.132072300E-1,-6.720166653E-2
7.401533417E0,-8.631282300E-2,-1.723433137E-1,-7.159059495E-2
7.411488417E0,-9.202237427E-2,-1.285827905E-1,-8.675410599E-2
7.421443417E0,-9.457950294E-2,-1.207889840E-1,-9.973267466E-2
7.431398417E0,-9.594037384E-2,-9.546951205E-2,-1.066446453E-1
7.441353417E0,-1.098293811E-1,-3.200563416E-2,-1.189605668E-1
7.451308417E0,-1.274350137E-1,2.628777176E-3,-1.508135796E-1
7.461263417E0,-1.219390780E-1,-8.394013345E-2,-1.450568289E-1
7.471218417E0,-1.669656783E-1,-2.092098892E-1,-9.619048983E-2
7.481173417E0,-2.409009188E-1,-2.530285418E-1,-5.155253783E-2
7.491129417E0,-2.914788723E-1,-2.506295741E-1,-5.495552346E-2
7.501084417E0,-3.136844635E-1,-2.495539486E-1,-3.866780177E-2
7.511039417E0,-3.192174435E-1,-2.782583237E-1,-2.895072475E-2
7.520994417E0,-3.185915649E-1,-3.297406137E-1,-1.674430259E-2
7.530949417E0,-3.047766984E-1,-2.798023522E-1,-1.798376907E-3
7.540904417E0,-3.134864867E-1,-1.122389212E-1,-1.662044227E-2
7.550859417E0,-3.379159272E-1,6.836787611E-2,-1.618528180E-2
7.560814417E0,-3.386994898E-1,1.198236719E-1,-6.525930017E-3
7.570769417E0,-3.200224638E-1,9.974876791E-2,-1.788750663E-2
7.580724417E0,-2.789541781E-1,1.553510502E-2,-2.019651700E-3
7.590679417E0,-2.257956117E-1,2.134067909E-4,2.443432622E-2
7.600634417E0,-1.720713228E-1,2.191376872E-3,6.422343105E-2
7.610589417E0,-1.175183281E-1,1.587709412E-2,1.046206579E-1
7.620544417E0,-8.246465027E-2,1.492868662E-1,1.351177096E-1
7.630499417E0,-3.327099979E-2,2.585853934E-1,1.650628150E-1
7.640455417E0,5.750155076E-2,3.057922423E-1,2.029837966E-1
7.650410417E0,2.015463412E-1,3.610009253E-1,2.423343956E-1
7.660365417E0,3.482773900E-1,2.866685092E-1,2.508515418E-1
7.670320417E0,4.501108229E-1,-3.729598969E-2,2.426860183E-1
7.680275417E0,4.587963820E-1,-4.399749041E-1,2.264460474E-1
7.690230417E0,4.180875421E-1,-6.304726601E-1,1.419705749E-1
7.700185417E0,3.719138205E-1,-6.466570497E-1,-9.295213968E-3
7.710140417E0,3.555092812E-1,-6.652504206E-1,-1.800733507E-1
7.720095417E0,3.741537333E-1,-8.296417594E-1,-2.832350135E-1
7.730050417E0,4.005792141E-1,-9.924421310E-1,-2.908180952E-1
7.740005417E0,3.921761811E-1,-1.050230622E0,-2.378078103E-1
7.749960417E0,2.581816316E-1,-9.443590045E-1,-1.997810602E-1
7.759915417E0,1.134393737E-1,-5.946354270E-1,-1.336127371E-1
7.769870417E0,1.264382601E-1,-7.606717944E-1,4.763242602E-2
7.779825417E0,3.770346288E-3,-1.571922421E0,-7.114899904E-2
7.789781417E0,-1.801214665E-1,-1.805702925E0,-4.770581424E-1
7.799736417E0,-2.731236517E-1,-1.067380548E0,-6.577031612E-1
7.809691417E0,-2.854495645E-1,-1.804711670E-1,-5.388593078E-1
7.819646417E0,-3.311938643E-1,4.273001850E-1,-3.465125859E-1
7.829601417E0,-4.102194309E-1,6.935651898E-1,-1.748177856E-1
7.839556417E0,-4.951758385E-1,4.793622494E-1,-1.091312170E-1
7.849511417E0,-6.255186200E-1,-4.429182503E-3,-1.501825154E-1
7.859466417E0,-8.142501116E-1,-3.861677051E-1,-2.220283449E-1
7.869421417E0,-9.683981538E-1,-5.729895234E-1,-2.562571466E-1
7.879376417E0,-1.008545637E0,-5.444553494E-1,-2.472037524E-1
7.889331417E0,-9.656177759E-1,-2.524282932E-1,-2.337326705E-1
7.899286417E0,-8.754119277E-1,1.497493684E-1,-2.064249814E-1
7.909241417E0,-7.344441414E-1,3.587006927E-1,-2.058697194E-1
7.919196417E0,-5.732654929E-1,3.503062725E-1,-2.534476221E-1
7.929151417E0,-3.850676417E-1,1.790056080E-1,-2.977304161E-1
7.939106417E0,-1.247871965E-1,-6.388889998E-2,-3.081185520E-1
7.949062417E0,1.310075670E-1,-3.944218159E-1,-2.361239791E-1
7.959017417E0,2.606224418E-1,-6.726175547E-1,-1.399055421E-1
7.968972417E0,3.163371086E-1,-8.264750242E-1,-7.828398049E-2
7.978927417E0,3.374101818E-1,-8.223969340E-1,-1.709243655E-2
7.988882417E0,3.866797388E-1,-7.298611403E-1,6.976736337E-2
7.998837417E0,4.971902966E-1,-6.381587982E-1,1.426943988E-1
8.008792417E0,5.915312171E-1,-5.680952668E-1,2.035289854E-1
8.018747417E0,6.251745820E-1,-5.256571770E-1,2.671424448E-1
8.028702417E0,6.731749177E-1,-4.998745918E-1,3.414632678E-1
8.038657417E0,7.462096214E-1,-3.596072495E-1,3.939135969E-1
8.048612417E0,7.823253274E-1,-1.612049490E-1,3.957373202E-1
8.058564417E0,7.668263912E-1,3.992095124E-3,3.304128349E-1
8.068519417E0,7.102767825E-1,-2.275243402E-2,2.835747600E-1
8.078474417E0,6.663032770E-1,-1.094550416E-1,2.521224022E-1
8.088429417E0,5.456937551E-1,-1.534070671E-1,2.843772769E-1
8.098385417E0,2.985205650E-1,2.477362379E-2,3.763755560E-1
8.108340417E0,1.606566906E-1,2.271419019E-1,4.763727188E-1
8.118295417E0,1.242428944E-1,4.226111174E-1,5.552864075E-1
8.128250417E0,2.910092659E-2,5.796273947E-1,6.252321601E-1
8.138205417E0,-1.146908775E-1,6.812382340E-1,6.803757548E-1
8.148160417E0,-2.306049615E-1,6.581990123E-1,6.980407834E-1
8.158115417E0,-2.908488512E-1,3.219995499E-1,6.495199800E-1
8.168070417E0,-3.324138820E-1,-1.758709699E-1,5.254400969E-1
8.178025417E0,-3.508429825E-1,-4.956119955E-1,4.158580899E-1
8.187980417E0,-4.101830125E-1,-4.365502894E-1,3.333286047E-1
8.197935417E0,-5.913896561E-1,-1.285300255E-1,2.427304983E-1
8.207890417E0,-7.094801068E-1,2.153477222E-1,1.753282845E-1
8.217845417E0,-5.906707048E-1,5.659790635E-1,1.997776777E-1
8.227800417E0,-3.224650919E-1,7.263354659E-1,2.609289289E-1
8.237755417E0,-1.502185166E-1,4.744675159E-1,3.312417269E-1
8.247711417E0,-1.741946936E-1,9.170468897E-2,4.923480451E-1
8.257666417E0,-2.571780980E-1,-9.240772575E-2,6.851614714E-1
8.267621417E0,-2.607419491E-1,-1.785226464E-1,6.939283609E-1
8.277576417E0,-1.595111936E-1,-1.394631267E-1,5.445444584E-1
8.287531417E0,-8.391202986E-2,1.185188964E-1,4.523183703E-1
8.297486417E0,-1.205392927E-1,5.060694218E-1,3.293822110E-1
8.307441417E0,-3.205043823E-2,9.898605943E-1,1.808776855E-1
8.317396417E0,2.794055939E-1,1.370318651E0,9.424462914E-4
8.327351417E0,3.960757554E-1,1.615999341E0,-1.483280063E-1
8.337306417E0,3.705454767E-1,1.262838125E0,2.284585312E-2
8.347261417E0,-1.666483283E-2,5.362418294E-1,2.997483015E-1
8.357216417E0,-4.344793260E-1,-3.766247258E-2,3.728686273E-1
8.367171417E0,-4.351160824E-1,1.917659193E-1,5.588943958E-1
8.377126417E0,-1.936500520E-1,4.712735116E-1,6.859257221E-1
8.387081417E0,2.658458799E-2,3.698392808E-1,5.301979184E-1
8.397037417E0,1.209099032E-2,3.513470590E-1,3.890675604E-1
8.406992417E0,-1.816252172E-1,3.565359712E-1,3.735402524E-1
8.416947417E0,-3.830257952E-1,1.967011243E-1,3.676533401E-1
8.426902417E0,-5.270934701E-1,1.643653959E-2,3.251514137E-1
8.436857417E0,-5.719476342E-1,-1.746576726E-1,1.814756989E-1
8.446812417E0,-4.953889847E-1,-3.325067163E-1,3.361380100E-2
8.456767417E0,-3.772561848E-1,-5.006375909E-1,-1.388574839E-1
8.466722417E0,-3.421748877E-1,-5.045604110E-1,-2.788689137E-1
8.476677417E0,-4.163402617E-1,-3.496545851E-1,-3.499251306E-1
8.486632417E0,-5.345449448E-1,-2.386473864E-1,-4.265144467E-1
8.496587417E0,-5.868371129E-1,-4.484596429E-4,-4.915356040E-1
8.506542417E0,-5.421865582E-1,3.841391504E-1,-5.536482930E-1
8.516497417E0,-4.494658113E-1,8.424479961E-1,-6.453716755E-1
8.526452417E0,-2.935672998E-1,9.367761016E-1,-7.308125496E-1
8.536407417E0,-1.109756827E-1,7.742822170E-1,-8.005057573E-1
8.546363417E0,5.961523578E-2,4.253801703E-1,-8.504743576E-1
8.556318417E0,1.565936357E-1,6.713703275E-2,-8.423150778E-1
8.566273417E0,1.732019037E-1,-1.867599636E-1,-7.499329448E-1
8.576228417E0,1.959026903E-1,-3.510121405E-1,-5.847957730E-1
8.586183417E0,2.342809588E-1,-5.293254256E-1,-3.481473327E-1
8.596138417E0,1.669047028E-1,-5.503070354E-1,-9.332919121E-2
8.606093417E0,-3.107415326E-2,-2.139987946E-1,1.957738772E-2
8.616048417E0,-1.645805389E-1,4.202358127E-1,2.433818020E-2
8.626003417E0,-1.920126975E-1,9.160226583E-1,1.111052558E-2
8.635958417E0,-1.735417247E-1,9.082437754E-1,4.374118149E-2
8.645913417E0,-9.123487025E-2,7.001171708E-1,6.306267530E-2
8.655868417E0,6.559380889E-2,5.705306530E-1,-3.402918577E-3
8.665823417E0,2.585076094E-1,3.299484551E-1,-1.320786029E-1
8.675778417E0,4.674150646E-1,-4.398074374E-2,-2.209994793E-1
8.685733417E0,6.731415987E-1,-1.806895882E-1,-2.583423555E-1
8.695688417E0,8.915301561E-1,-2.378592640E-2,-3.395561576E-1
8.705644417E0,1.093195915E0,1.189144999E-1,-4.360345006E-1
8.715599417E0,1.239219308E0,1.521557271E-1,-4.633769393E-1
8.725554417E0,1.268677354E0,6.856124103E-2,-3.821697235E-1
8.735509417E0,1.099816561E0,4.808974266E-1,-1.900046766E-1
8.745464417E0,8.191223145E-1,1.205628753E0,1.249223575E-2
8.755419417E0,5.409628153E-1,1.351404905E0,2.839992344E-1
8.765374417E0,1.263080835E-1,1.235400736E-1,4.947580695E-1
8.775329417E0,-5.423059464E-1,-1.893715143E0,1.905532181E-1
8.785284417E0,-8.055167794E-1,-3.076331139E0,-5.668159723E-1
8.795239417E0,-2.484621704E-1,-1.527534246E0,-9.587689042E-1
8.805194417E0,6.133194566E-1,1.066756964E0,-1.035522819E0
8.815149417E0,8.969421983E-1,2.272641659E0,-9.715505242E-1
8.825104417E0,6.793459654E-1,1.979164124E0,-9.684442282E-1
8.835059417E0,6.045974493E-1,1.147303581E0,-8.874702454E-1
8.845014417E0,7.110445499E-1,3.152858466E-2,-5.707926750E-1
8.854970417E0,7.099967599E-1,-1.142470598E0,-2.217481434E-1
8.864925417E0,6.737722158E-1,-1.604847789E0,5.964107811E-3
8.874880417E0,7.110023499E-1,-1.229394317E0,2.212930173E-1
8.884835417E0,8.000211716E-1,-5.438631177E-1,4.870799482E-1
8.894790417E0,8.627966046E-1,-1.627637818E-2,7.967638969E-1
8.904745417E0,8.693658113E-1,2.854688168E-1,9.609629512E-1
8.914700417E0,8.145914078E-1,2.088044435E-1,1.043755412E0
8.924655417E0,7.215676904E-1,2.127243429E-1,1.012004972E0
8.934610417E0,6.613742709E-1,1.132192463E-1,9.648824334E-1
8.944565417E0,5.972985625E-1,-1.356470138E-1,9.568519592E-1
8.954520417E0,4.672401845E-1,-2.322275639E-1,9.084459543E-1
8.964475417E0,3.006898165E-1,-1.824685335E-1,9.083876610E-1
8.974430417E0,1.432908177E-1,-9.091077000E-2,9.246052504E-1
8.984385417E0,-2.740608342E-2,-1.184871141E-2,9.087362885E-1
8.994340417E0,-2.343475372E-1,3.684191406E-2,8.229098916E-1
9.004295417E0,-3.747280836E-1,9.476567060E-2,6.285657287E-1
9.014251417E0,-3.944724500E-1,-6.769867986E-2,3.298021257E-1
9.024206417E0,-3.687164783E-1,-3.827447891E-1,1.656246930E-2
9.034161417E0,-3.644030988E-1,-3.670756221E-1,-1.096132621E-1
9.044116417E0,-4.316796064E-1,-2.338891029E-1,-4.252530634E-2
9.054071417E0,-4.642387629E-1,-2.495276034E-1,9.581814706E-2
9.064027083E0,-4.327013195E-1,-3.004874587E-1,2.279032171E-1
9.073982083E0,-3.875464499E-1,-1.295032352E-1,2.700779736E-1
9.083937083E0,-3.078111410E-1,2.178230286E-1,2.157220542E-1
9.093892083E0,-2.779161930E-1,5.767007470E-1,2.169714719E-1
9.103847083E0,-3.302148283E-1,9.103836417E-1,2.355137318E-1
9.113802083E0,-2.997447252E-1,1.321273088E0,2.635837495E-1
9.123757083E0,9.529765695E-2,1.789349556E0,3.888543248E-1
9.133712083E0,5.387123823E-1,1.959399223E0,4.700200260E-1
9.143667083E0,7.489854693E-1,1.780349612E0,5.407096148E-1
9.153623083E0,3.420200050E-1,1.125493884E0,6.570474505E-1
9.163578083E0,-4.896489680E-1,2.378186136E-1,7.243276834E-1
9.173533083E0,-9.730498791E-1,-3.638885915E-2,6.959060431E-1
9.183488083E0,-9.389284253E-1,3.505098522E-1,5.487014055E-1
9.193443083E0,-7.237313390E-1,7.733263969E-1,4.156106114E-1
9.203398083E0,-5.597229600E-1,6.732725501E-1,3.473106325E-1
9.213353083E0,-4.477992654E-1,4.833508730E-1,3.089911938E-1
9.223308083E0,-3.738938868E-1,3.885540664E-1,2.916595936E-1
9.233263083E0,-4.646789432E-1,-4.344667494E-2,2.778355777E-1
9.243218083E0,-7.795113921E-1,-7.151936293E-1,1.977974474E-1
9.253173083E0,-1.050444961E0,-1.242870808E0,7.709354907E-2
9.263128083E0,-1.002113104E0,-1.422203541E0,1.810346544E-2
9.273083083E0,-7.332547903E-1,-1.266142726E0,-1.085424051E-1
9.283038083E0,-4.406285286E-1,-9.383416176E-1,-3.086347580E-1
9.292993083E0,-3.320509791E-1,-4.833109677E-1,-4.970372319E-1
9.302948083E0,-3.965410292E-1,8.708619326E-2,-5.770329833E-1
9.312904083E0,-5.113008618E-1,4.848079383E-1,-6.138059497E-1
9.322859083E0,-5.419248343E-1,5.722765326E-1,-6.165591478E-1
9.332814083E0,-5.235523582E-1,5.014777184E-1,-5.860458612E-1
9.342769083E0,-4.402106404E-1,3.000676036E-1,-5.072959661E-1
9.352724083E0,-3.099602461E-1,3.113255650E-2,-4.742730558E-1
9.362679083E0,-1.346283555E-1,-3.344866931E-1,-4.550847113E-1
9.372634083E0,6.814806908E-2,-5.482143760E-1,-4.505006969E-1
9.382589083E0,2.155244797E-1,-6.599329114E-1,-4.424185157E-1
9.392544083E0,2.613987923E-1,-6.079562306E-1,-3.757238388E-1
9.402499083E0,2.900477350E-1,-1.741776317E-1,-2.575404644E-1
9.412454083E0,3.994104266E-1,2.111951560E-1,-1.086987332E-1
9.422409083E0,5.328063369E-1,3.756760061E-1,1.460109651E-2
9.432364083E0,5.952227116E-1,5.472101569E-1,9.992305189E-2
9.442319083E0,6.568719745E-1,8.666435480E-1,1.836959869E-1
9.452274083E0,7.558366060E-1,1.056663394E0,2.834006846E-1
9.462230083E0,8.964408636E-1,1.030813098E0,4.282439053E-1
9.472185083E0,1.063549519E0,8.887762427E-1,5.934643149E-1
9.482140083E0,1.274437785E0,7.846634388E-1,7.729480863E-1
9.492095083E0,1.476216435E0,6.208893657E-1,8.799757361E-1
9.502050083E0,1.533337474E0,1.290338486E-1,8.715891838E-1
9.512005083E0,1.401197791E0,-5.760303140E-1,7.568830252E-1
9.521960083E0,1.142798662E0,-1.015684366E0,5.886569619E-1
9.531915083E0,8.388544917E-1,-8.428997397E-1,4.345813394E-1
9.541870083E0,8.687931895E-1,5.734856725E-1,4.108227491E-1
9.551825083E0,1.182359815E0,2.428918362E0,4.928537011E-1
9.561780083E0,1.117199183E0,3.414334774E0,4.733023643E-1
9.571735083E0,5.255450606E-1,2.406586170E0,2.011274099E-1
9.581690083E0,-1.389789462E0,-3.288697958E0,-2.468509078E-1
9.591645083E0,-3.537478209E0,-1.027521896E1,-3.843491375E-1
9.601600083E0,-3.201962471E0,-9.041852951E0,-1.458089828E0
9.611556083E0,-2.177522421E0,-5.000131607E0,-1.828615904E0
9.621511083E0,-8.196101785E-1,4.530142844E-1,-9.288613200E-1
9.631466083E0,6.167197600E-3,3.687043667E0,1.285334863E-2
9.641421083E0,-1.380120814E-1,4.164443970E0,-7.464134693E-2
9.651376083E0,-3.690026402E-1,3.613927126E0,-4.305659533E-1
9.661331083E0,-4.161680341E-1,2.828595638E0,-5.532433987E-1
9.671286083E0,-5.338904262E-1,1.898313046E0,-5.361632705E-1
9.681241083E0,-7.233895063E-1,1.209124565E0,-6.125903726E-1
9.691196083E0,-7.752727270E-1,9.166961908E-1,-6.700716615E-1
9.701151083E0,-5.119636059E-1,7.882702947E-1,-5.678268075E-1
9.711106083E0,-1.527217329E-1,5.212648511E-1,-4.018312693E-1
9.721061083E0,1.037156433E-1,2.565117776E-1,-3.073572218E-1
9.731016083E0,1.841714382E-1,1.078970507E-1,-2.917411327E-1
9.740971083E0,2.037217021E-1,4.354946781E-3,-3.161306381E-1
9.750926083E0,3.107480109E-1,4.688629135E-2,-3.016732335E-1
9.760881083E0,5.595666170E-1,2.254128903E-1,-2.410442531E-1
9.770837083E0,8.770883083E-1,5.845263600E-1,-1.457851082E-1
9.780792083E0,1.127906084E0,1.021459460E0,1.241064630E-2
9.790747083E0,1.217281103E0,1.158313513E0,1.907894909E-1
9.800702083E0,1.169376731E0,9.280415773E-1,4.467538595E-1
9.810657083E0,9.935957193E-1,4.383105040E-1,6.695680618E-1
9.820612083E0,7.106297612E-1,-2.532333434E-1,7.698768377E-1
9.830567083E0,4.873296916E-1,-7.917534113E-1,7.413663864E-1
9.840522083E0,4.394604266E-1,-8.342819810E-1,6.619524956E-1
9.850477083E0,4.835748971E-1,-4.115039408E-1,5.319995284E-1
9.860432083E0,4.598490596E-1,1.175388917E-1,4.492582679E-1
9.870387083E0,3.244259059E-1,5.055795312E-1,4.765582383E-1
9.880342083E0,1.303680241E-1,5.656021237E-1,4.506728351E-1
9.890297083E0,-9.943095595E-2,2.503212392E-1,3.581561446E-1
9.900252083E0,-2.322305441E-1,-2.216753364E-1,3.120318055E-1
9.910207083E0,-1.949487776E-1,-6.557313204E-1,2.426503152E-1
9.920163083E0,-9.473561496E-2,-7.343212366E-1,1.024897546E-1
9.930118083E0,-1.008898914E-1,-2.840819657E-1,2.601410076E-2
9.940073083E0,-1.837434918E-1,4.231052697E-1,3.479081392E-2
9.950028083E0,-1.882370412E-1,8.479591608E-1,7.605715096E-2
9.959983083E0,-1.293841153E-1,7.965409756E-1,9.108856320E-2
9.969938083E0,-1.126796231E-1,4.404793680E-1,5.179138482E-2
9.979893083E0,-1.500347257E-1,1.061277613E-1,3.054474015E-3
9.989848083E0,-2.416053414E-1,-2.256611586E-1,-3.772336617E-2
9.999803083E0,-3.560895920E-1,-5.194738507E-1,-5.642754585E-2
1.000975808E1,-4.078063965E-1,-6.352336407E-1,-4.820104688E-2
1.001971308E1,-3.603784144E-1,-6.330211163E-1,-6.304196082E-3
1.002966808E1,-2.894968092E-1,-5.431374311E-1,3.026780486E-2
1.003962308E1,-2.441804558E-1,-3.504646719E-1,5.286179855E-2
1.004957808E1,-2.591254115E-1,-1.888448000E-1,6.117007136E-2
1.005953308E1,-2.997181118E-1,-1.608789414E-1,5.400377139E-2
1.006948879E1,-3.299539983E-1,-1.750648618E-1,3.668864816E-2
1.007944379E1,-3.272660673E-1,-1.485046297E-1,2.284287103E-2
1.008939879E1,-2.853347063E-1,-1.471079737E-1,9.144649841E-3
1.009935379E1,-2.094482034E-1,-1.900834143E-1,7.622386795E-3
1.010930879E1,-1.157889217E-1,-2.245053947E-1,1.921009272E-2
1.011926379E1,-5.031111091E-2,-2.005321532E-1,3.013065085E-2
1.012921879E1,-8.820770308E-4,-1.506832987E-1,4.492775723E-2
1.013917379E1,5.576788634E-2,-1.963554472E-1,6.514380872E-2
1.014912879E1,1.041374281E-1,-2.920684814E-1,6.877241284E-2
1.015908379E1,1.206684634E-1,-3.520780206E-1,4.686365649E-2
1.016903879E1,1.355369687E-1,-3.544175029E-1,1.346005686E-2
1.017899379E1,1.373290122E-1,-3.492365777E-1,-8.368566632E-4
1.018894879E1,1.355878264E-1,-3.439944088E-1,-3.215509653E-2
1.019890379E1,1.451275349E-1,-3.671849370E-1,-3.662228584E-2
1.020885879E1,1.291159838E-1,-3.576720655E-1,-9.811698459E-3
1.021881479E1,8.848839998E-2,-2.541707158E-1,1.936216652E-2
1.022876979E1,7.128082961E-2,-1.327003688E-1,3.857420385E-2
1.023872479E1,6.860994548E-2,-7.008147240E-2,4.699005932E-2
1.024867979E1,4.274263233E-2,-5.250293761E-2,5.368343368E-2
1.025863479E1,-1.049955096E-2,-6.645444036E-2,6.636434048E-2
1.026858979E1,-5.848101526E-2,-1.166769117E-1,8.382388949E-2
1.027854479E1,-9.333540499E-2,-1.821786761E-1,9.270500392E-2
1.028849979E1,-1.441160440E-1,-2.483801246E-1,7.579462230E-2
1.029845479E1,-2.003364414E-1,-2.874063551E-1,6.221542880E-2
1.030840979E1,-2.516182363E-1,-3.180785775E-1,4.481403530E-2
1.031836479E1,-2.776666284E-1,-3.250637949E-1,2.712771669E-2
1.032831979E1,-2.521219552E-1,-3.107080758E-1,2.660613880E-2
1.033827479E1,-1.919414252E-1,-2.815400660E-1,4.219308496E-2
1.034822979E1,-1.379260868E-1,-2.347115129E-1,4.640894756E-2
1.035818479E1,-7.722917944E-2,-1.680938751E-1,4.585980251E-2
1.036814079E1,-3.126857057E-2,-1.123348922E-1,3.860954195E-2
1.037809579E1,-3.342130454E-3,-5.984504893E-2,3.475808352E-2
1.038805079E1,4.476152826E-3,-6.299470551E-3,3.124118596E-2
1.039800579E1,2.941910643E-4,2.511411160E-2,2.086284570E-2
1.040796079E1,-5.721041001E-3,6.638030708E-2,2.896370552E-2
1.041791579E1,-5.077088252E-3,1.019201949E-1,3.538778424E-2
1.042787079E1,-1.754879253E-3,7.616165280E-2,3.863497078E-2
1.043782579E1,-6.748571992E-3,1.093258522E-2,3.356564045E-2
1.044778079E1,-2.068235725E-2,-9.404618293E-3,1.553463098E-2
1.045773579E1,-1.953799650E-2,1.875112019E-2,-3.144514281E-3
1.046769079E1,3.687430173E-3,6.695540249E-2,-1.286318805E-2
1.047764579E1,2.977682278E-2,1.033347100E-1,-2.525329124E-3
1.048760079E1,2.027062513E-2,8.015231788E-2,2.635725401E-2
1.049755579E1,-3.309006989E-2,4.903328046E-2,4.341160506E-2
1.050751079E1,-8.774292469E-2,4.229308665E-2,5.486878753E-2
1.051746679E1,-1.112059057E-1,4.630646855E-2,6.660587341E-2
1.052742179E1,-1.021234617E-1,1.126219984E-2,8.396089822E-2
1.053737679E1,-8.236307651E-2,7.586771622E-3,8.342880011E-2
1.054733179E1,-4.731339961E-2,3.888534382E-2,6.046690047E-2
1.055728679E1,-3.818120575E-3,5.028820038E-2,2.527828701E-2
1.056724179E1,2.525835484E-2,3.925889730E-2,-1.461825706E-2
1.057719679E1,3.886950761E-2,1.964364760E-2,-6.660848856E-2
1.058715179E1,6.120349467E-2,9.733174741E-2,-7.971351594E-2
1.059710679E1,6.998233497E-2,1.934287101E-1,-7.231418788E-2
1.060706179E1,7.597094774E-2,2.160647362E-1,-7.400723547E-2
1.061701679E1,6.123461202E-2,1.511411220E-1,-7.176458836E-2
1.062697179E1,3.624710068E-2,2.748226561E-2,-8.407204598E-2
1.063692679E1,1.364481519E-3,-9.027925134E-2,-8.933072537E-2
1.064688179E1,-1.820591092E-2,-1.899827123E-1,-8.903580904E-2
1.065683679E1,-1.130992267E-2,-2.892182171E-1,-7.393994927E-2
1.066679179E1,1.087075798E-3,-2.981590331E-1,-7.711960375E-2
1.067674779E1,1.520103030E-2,-2.152564228E-1,-6.788562238E-2
1.068670279E1,3.271467984E-2,-7.469336689E-2,-6.167112663E-2
1.069665779E1,5.039807037E-2,5.486515537E-2,-3.084237501E-2
1.070661279E1,5.866760015E-2,1.118151546E-1,2.529740566E-3
1.071656779E1,8.486750722E-2,1.120135561E-1,3.203810006E-2
1.072652279E1,1.099417955E-1,9.645488113E-2,4.141202569E-2
1.073647779E1,1.171621531E-1,8.819775283E-2,4.155183956E-2
1.074643279E1,1.161083728E-1,5.544625595E-2,3.466552868E-2
1.075638779E1,1.138486788E-1,-1.937673893E-3,3.455900028E-2
1.076634279E1,1.275965124E-1,-7.017426938E-2,3.717026860E-2
1.077629779E1,1.351684183E-1,-1.212584898E-1,4.470621794E-2
1.078625279E1,1.367458850E-1,-1.500239223E-1,5.553996190E-2
1.079620779E1,1.403701752E-1,-1.653940827E-1,5.226054415E-2
1.080616279E1,1.859349459E-1,-2.733440995E-1,-4.461504519E-3
1.081611779E1,1.354448795E-1,-1.970250905E-1,1.936739683E-2
1.082607379E1,1.164592877E-1,-1.671399921E-1,5.371259153E-2
1.083602879E1,1.573792845E-1,-1.593867391E-1,3.700019047E-2
1.084598379E1,1.943124384E-1,-1.295639127E-1,2.493862435E-2
1.085593879E1,2.010065466E-1,-1.124919727E-1,2.550228965E-3
1.086589379E1,1.881776154E-1,-1.099627092E-1,-1.623430662E-2
1.087584879E1,1.775896847E-1,-9.539068490E-2,-3.230355680E-2
1.088580379E1,1.519468278E-1,-8.514302224E-2,-4.821142182E-2
1.089575879E1,1.119416207E-1,-1.253724694E-1,-6.686606258E-2
1.090571379E1,9.722510725E-2,-2.227822840E-1,-4.658720642E-2
1.091566879E1,8.137157559E-2,-2.811886072E-1,-1.148274727E-2
1.092562379E1,3.979614750E-2,-2.601640821E-1,1.221103966E-2
1.093557879E1,-3.513641655E-2,-1.419423372E-1,3.819736838E-2
1.094553379E1,-8.674717695E-2,-1.006327793E-1,9.770720452E-2
1.095548879E1,1.858723536E-2,-2.371599972E-1,4.746374488E-2
1.096544379E1,1.476799101E-1,-1.755962223E-1,-1.077829581E-2
1.097539979E1,1.427557170E-1,4.797252826E-3,-1.782795042E-2
1.098535479E1,1.062478349E-1,1.397852749E-1,-1.536061615E-2
1.099530979E1,1.270892024E-1,1.534941643E-1,4.071139265E-3
1.100526479E1,1.269768476E-1,8.582583815E-2,-3.080298658E-3
1.101521979E1,9.179063141E-2,-2.769541461E-3,-1.037416421E-2
1.102517479E1,4.756055772E-2,-7.248942554E-2,-2.635281347E-2
1.103512979E1,1.586601138E-2,-1.033179164E-1,-3.369621187E-2
1.104508479E1,6.833639927E-3,-4.691921920E-2,-6.289951503E-2
1.105503979E1,1.204250031E-3,6.855145097E-2,-6.593765318E-2
1.106499479E1,-1.163648255E-2,1.678749174E-1,-7.130093873E-2
1.107494979E1,2.861559764E-2,1.750214994E-1,-1.342881620E-1
1.108490479E1,6.067151204E-2,1.854702234E-1,-1.095364392E-1
1.109485979E1,1.248987112E-2,2.410439998E-1,4.792532884E-3
1.110481479E1,-8.376625180E-2,2.326221317E-1,5.465247482E-2
1.111476979E1,-1.062771529E-1,9.129749238E-2,1.269142609E-3
1.112472579E1,-8.059711754E-2,-8.779268712E-2,-4.615758732E-2
1.113468079E1,-8.392234147E-2,-1.839559674E-1,-8.950426430E-2
1.114463579E1,-7.665467262E-2,-1.845681518E-1,-1.285206228E-1
1.115459079E1,-4.818601534E-2,-1.400494128E-1,-1.357385814E-1
1.116454579E1,-4.097174108E-2,-7.314981520E-2,-8.584884554E-2
1.117450079E1,-4.317550734E-2,6.729970872E-2,-4.663444590E-3
1.118445579E1,-2.904073708E-2,1.472859532E-1,-5.926509388E-3
1.119441079E1,2.028764691E-3,1.423383206E-1,-1.633600704E-2
1.120436579E1,1.323894877E-2,1.012926474E-1,-2.761324123E-2
1.121432079E1,1.131907571E-2,4.389220104E-2,-5.114946142E-2
1.122427579E1,-1.120158099E-2,-3.047345765E-2,-6.918653101E-2
1.123423079E1,-7.711615413E-2,-1.006722525E-1,-6.847386807E-2
1.124418579E1,-1.372961104E-1,-1.359373778E-1,-6.925181299E-2
1.125414079E1,-1.385850906E-1,-1.288720071E-1,-5.452825874E-2
1.126409679E1,-1.126724854E-1,-9.356801957E-2,-4.261160642E-2
1.127405179E1,-8.380408585E-2,-7.649635524E-2,-3.564690799E-2
1.128400679E1,-2.791534364E-2,-5.758049898E-3,-4.659981653E-2
1.129396179E1,3.798990324E-2,1.275898814E-1,-5.017431080E-2
1.130391679E1,2.232619375E-2,1.466797143E-1,-4.084450006E-2
1.131387179E1,1.000161748E-2,1.091941148E-1,-4.305998236E-2
1.132382679E1,2.259662375E-2,8.147231489E-2,-4.689311981E-2
1.133378179E1,2.328025736E-2,7.225777209E-2,-4.278572649E-2
1.134373679E1,1.457551587E-2,7.442069799E-2,-3.657467663E-2
1.135369179E1,2.031942084E-2,6.927120686E-2,-3.602126986E-2
1.136364679E1,4.335309193E-2,4.582282156E-2,-3.622777387E-2
1.137360179E1,4.162816331E-2,-2.787592355E-3,-3.067881241E-2
1.138355679E1,2.961425856E-2,-1.411997993E-2,-1.387342159E-2
1.139351179E1,3.379808366E-2,3.872070462E-3,-6.817197427E-4
1.140346679E1,6.414481997E-2,7.922720164E-2,1.436537318E-2
1.141342179E1,9.753979743E-2,1.825732887E-1,1.744159125E-2
1.142337779E1,1.190243382E-2,1.225835308E-1,5.192427337E-2
1.143333279E1,-1.121539995E-1,3.734319657E-2,7.237734646E-2
1.144328779E1,-2.521277219E-2,-8.755238354E-2,1.189346053E-2
1.145324279E1,6.329765171E-2,-9.504145384E-2,-2.346186712E-2
1.146319779E1,-1.610756293E-2,6.098372117E-2,-5.686266348E-3
1.147315279E1,-1.981175318E-2,1.414905488E-1,6.930192932E-3
1.148310779E1,3.247343749E-2,1.052650586E-1,4.155095667E-6
1.149306279E1,-3.567978367E-2,1.014748514E-1,2.742779069E-2
1.150301779E1,-1.701199114E-1,1.462050527E-1,3.973897547E-2
1.151297279E1,-3.482672870E-1,1.124582812E-1,4.306260124E-2
1.152292779E1,-3.345021904E-1,7.798358798E-2,5.520249717E-3
1.153288279E1,-3.139726818E-1,1.397899538E-1,-2.488905564E-2
1.154283779E1,-2.454750538E-1,1.548333317E-1,-3.556001559E-2
1.155279279E1,-1.561097503E-1,9.956901520E-2,-4.159260914E-2
1.156274879E1,-9.164453298E-2,5.723622441E-2,-3.358454257E-2
1.157270379E1,-6.947850436E-2,2.537922747E-2,-1.318659168E-2
1.158265879E1,-8.068964630E-2,-8.802769706E-3,2.104921266E-3
1.159261379E1,-6.348349154E-2,-1.867324486E-2,-1.343382336E-2
1.160256879E1,-2.970266901E-2,-1.657846570E-2,-2.362208627E-2
1.161252379E1,2.219648287E-2,4.248458892E-2,-2.774279565E-2
1.162247879E1,5.574552715E-2,1.126194522E-1,-1.304394752E-2
1.163243379E1,1.056728736E-1,1.498230100E-1,-7.067814004E-3
1.164238879E1,1.619963199E-1,1.650664061E-1,-6.874464452E-5
1.165234379E1,1.888074279E-1,1.460072249E-1,7.953761145E-3
1.166229879E1,2.097397894E-1,1.099172235E-1,1.893716492E-2
1.167225379E1,2.134658098E-1,6.234144792E-2,2.108180895E-2
1.168220879E1,2.028468102E-1,4.748384655E-2,3.277282417E-2
1.169216379E1,1.694036275E-1,2.686006203E-2,3.244578838E-2
1.170211879E1,1.286941618E-1,8.488805965E-3,2.429777011E-2