"Time (s)","Pressure (hPa)"
5.662864200E-2,1.012109436E3
7.665037100E-2,1.012025330E3
9.677708000E-2,1.011976990E3
1.169521290E-1,1.011952820E3
1.370676070E-1,1.011965271E3
1.570812790E-1,1.011956909E3
1.771821090E-1,1.011963989E3
1.973425100E-1,1.011924133E3
2.177425100E-1,1.011903870E3
2.366935840E-1,1.011907410E3
2.566320600E-1,1.011867676E3
2.766247360E-1,1.011886902E3
2.966406050E-1,1.011918701E3
3.167421680E-1,1.011915222E3
3.366244920E-1,1.011922974E3
3.567939260E-1,1.011930786E3
3.766247360E-1,1.011920776E3
3.966247360E-1,1.011960632E3
4.165929980E-1,1.011984070E3
4.368574020E-1,1.011955322E3
4.568325000E-1,1.011933533E3
4.770820110E-1,1.011964905E3
4.972377730E-1,1.012000732E3
5.171706350E-1,1.012070740E3
5.373185840E-1,1.012123840E3
5.574579880E-1,1.012212830E3
5.776501270E-1,1.012252197E3
5.966618450E-1,1.012237854E3
6.167350880E-1,1.012156494E3
6.368591110E-1,1.012144409E3
6.566249800E-1,1.012167175E3
6.766244920E-1,1.012162415E3
6.966252240E-1,1.012147339E3
7.166408490E-1,1.012163269E3
7.366252240E-1,1.012131836E3
7.566474410E-1,1.012104675E3
7.767946580E-1,1.012111572E3
7.970488080E-1,1.012101501E3
8.170912890E-1,1.012073303E3
8.372721970E-1,1.012017334E3
8.571996870E-1,1.012007690E3
8.773515430E-1,1.011973938E3
8.975724900E-1,1.011975647E3
9.176562300E-1,1.011999329E3
9.366481740E-1,1.012001160E3
9.566247360E-1,1.012010925E3
9.766254680E-1,1.012024536E3
9.966249800E-1,1.012007690E3
1.016602275E0,1.012006287E3
1.036624492E0,1.012037842E3
1.056660869E0,1.012039673E3
1.076625224E0,1.012029602E3
1.096600810E0,1.012037170E3
1.116925761E0,1.012028076E3
1.136823955E0,1.012058044E3
1.157223955E0,1.012054688E3
1.177118633E0,1.012043030E3
1.197129375E0,1.012037354E3
1.217465556E0,1.012021179E3
1.237450664E0,1.012058044E3
1.257665508E0,1.012063782E3
1.276636455E0,1.012056274E3
1.296625224E0,1.012048645E3
1.316624980E0,1.012051270E3
1.336625957E0,1.012055969E3
1.356625957E0,1.012011658E3
1.376625468E0,1.012054932E3
1.396625713E0,1.012044800E3
1.416625224E0,1.012043762E3
1.436629619E0,1.012040771E3
1.456719707E0,1.012071716E3
1.476908672E0,1.012074951E3
1.497082256E0,1.012080017E3
1.517169902E0,1.012080139E3
1.537190898E0,1.012060852E3
1.557421367E0,1.012091858E3
1.577418681E0,1.012103149E3
1.597697246E0,1.012123047E3
1.616625468E0,1.012158936E3
1.636660869E0,1.012168396E3
1.656624980E0,1.012165100E3
1.676625468E0,1.012157532E3
1.696625713E0,1.012162109E3
1.716612773E0,1.012149719E3
1.736624736E0,1.012137756E3
1.756671855E0,1.012137695E3
1.776628642E0,1.012129761E3
1.796770488E0,1.012144592E3
1.816803691E0,1.012169373E3
1.837089824E0,1.012160095E3
1.857075420E0,1.012164795E3
1.877132304E0,1.012135498E3
1.897403789E0,1.012154175E3
1.917419170E0,1.012174133E3
1.937678935E0,1.012171936E3
1.956632793E0,1.012179565E3
1.976684551E0,1.012170776E3
1.996661357E0,1.012164490E3
2.016626933E0,1.012204224E3
2.036625224E0,1.012167664E3
2.056625468E0,1.012206482E3
2.076683818E0,1.012182129E3
2.096625468E0,1.012162903E3
2.116617900E0,1.012148682E3
2.137017900E0,1.012138733E3
2.156919902E0,1.012146606E3
2.177084697E0,1.012129395E3
2.197365459E0,1.012129395E3
2.217238750E0,1.012114319E3
2.237638750E0,1.012128296E3
2.257423564E0,1.012191040E3
2.277698955E0,1.012225037E3
2.296657207E0,1.012260132E3
2.316625468E0,1.012272461E3
2.336624736E0,1.012249390E3
2.356624980E0,1.012242432E3
2.376625468E0,1.012215454E3
2.396613506E0,1.012204712E3
2.416625224E0,1.012214600E3
2.436641093E0,1.012216553E3
2.456641826E0,1.012177490E3
2.476790996E0,1.012201050E3
2.496859355E0,1.012217102E3
2.517176982E0,1.012207825E3
2.537107646E0,1.012224731E3
2.557188457E0,1.012233398E3
2.577472881E0,1.012228088E3
2.597448711E0,1.012251648E3
2.617729717E0,1.012247253E3
2.636672832E0,1.012233459E3
2.656601543E0,1.012252930E3
2.676625224E0,1.012295410E3
2.696625224E0,1.012391479E3
2.716625957E0,1.012381348E3
2.736625224E0,1.012346436E3
2.756625713E0,1.012356201E3
2.776624980E0,1.012346069E3
2.796661601E0,1.012336121E3
2.816773174E0,1.012253845E3
2.836928935E0,1.012099487E3
2.857106181E0,1.012149414E3
2.877276836E0,1.012238220E3
2.897196513E0,1.012243286E3
2.917562968E0,1.012232727E3
2.937445293E0,1.012231750E3
2.957716533E0,1.012211426E3
2.976656963E0,1.012208679E3
2.996689189E0,1.012252014E3
3.016625957E0,1.012258423E3
3.036624980E0,1.012241882E3
3.056613261E0,1.012210022E3
3.076599590E0,1.012244385E3
3.096625468E0,1.012221863E3
3.116684551E0,1.012215454E3
3.136890605E0,1.012216125E3
3.156811260E0,1.012233398E3
3.176841289E0,1.012227539E3
3.197180156E0,1.012221558E3
3.217120097E0,1.012209412E3
3.237140605E0,1.012229675E3
3.257474834E0,1.012218323E3
3.277450176E0,1.012234924E3
3.297730693E0,1.012212463E3
3.316655742E0,1.012236816E3
3.336697246E0,1.012216675E3
3.356625224E0,1.012218445E3
3.376625713E0,1.012229492E3
3.396624492E0,1.012226257E3
3.416625224E0,1.012213196E3
3.436625468E0,1.012231079E3
3.456609599E0,1.012228088E3
3.476634990E0,1.012219482E3
3.496783672E0,1.012219482E3
3.516961406E0,1.012222595E3
3.537336894E0,1.012204712E3
3.557119609E0,1.012223145E3
3.577209209E0,1.012209839E3
3.597487041E0,1.012214539E3
3.617468974E0,1.012229309E3
3.637793926E0,1.012214172E3
3.656662090E0,1.012217590E3
3.676632304E0,1.012208008E3
3.696647441E0,1.012225708E3
3.716625468E0,1.012237915E3
3.736612773E0,1.012222351E3
3.756625713E0,1.012210999E3
3.776668681E0,1.012204895E3
3.796625468E0,1.012223389E3
3.816643779E0,1.012225220E3
3.836791240E0,1.012238220E3
3.856851543E0,1.012221313E3
3.877100078E0,1.012226440E3
3.897111797E0,1.012224365E3
3.917141826E0,1.012203979E3
3.937423320E0,1.012208435E3
3.957447490E0,1.012234375E3
3.977714336E0,1.012229675E3
3.997819560E0,1.012216125E3
4.016623027E0,1.012215454E3
4.036662334E0,1.012230103E3
4.056625957E0,1.012233521E3
4.076613506E0,1.012227966E3
4.096625468E0,1.012226440E3
4.116624736E0,1.012218689E3
4.136624248E0,1.012241882E3
4.156662822E0,1.012219482E3
4.176752422E0,1.012229492E3
4.196957744E0,1.012230896E3
4.217357744E0,1.012216187E3
4.237123515E0,1.012219849E3
4.257518291E0,1.012216125E3
4.277455058E0,1.012232483E3
4.297458720E0,1.012236572E3
4.317708720E0,1.012226135E3
4.337834697E0,1.012230347E3
4.356706767E0,1.012222961E3
4.376589824E0,1.012217102E3
4.396643779E0,1.012200928E3
4.416602519E0,1.012222229E3
4.436625468E0,1.012227051E3
4.456659648E0,1.012216675E3
4.476625713E0,1.012234253E3
4.496770488E0,1.012234375E3
4.516632060E0,1.012230896E3
4.536742412E0,1.012238220E3
4.557103740E0,1.012225220E3
4.577018047E0,1.012213440E3
4.597137920E0,1.012237671E3
4.617314189E0,1.012237854E3
4.637516826E0,1.012230896E3
4.657599101E0,1.012237854E3
4.677686015E0,1.012222595E3
4.696651103E0,1.012217896E3
4.716625468E0,1.012233521E3
4.736736797E0,1.012246094E3
4.756625468E0,1.012238586E3
4.776625224E0,1.012237610E3
4.796624736E0,1.012233765E3
4.816625224E0,1.012236877E3
4.836625224E0,1.012226257E3
4.856614970E0,1.012223755E3
4.876728740E0,1.012235107E3
4.896961162E0,1.012242371E3
4.916969463E0,1.012212585E3
4.937200908E0,1.012256470E3
4.957294170E0,1.012232544E3
4.977313213E0,1.012221252E3
4.997559795E0,1.012235413E3
5.017695049E0,1.012235413E3
5.036631328E0,1.012216858E3
5.056624736E0,1.012233215E3
5.076625224E0,1.012214844E3
5.096625468E0,1.012219299E3
5.116625224E0,1.012232849E3
5.136635234E0,1.012231323E3
5.156624980E0,1.012240295E3
5.176616191E0,1.012228149E3
5.196633525E0,1.012220703E3
5.216724101E0,1.012235901E3
5.237066875E0,1.012238464E3
5.256976299E0,1.012244202E3
5.277280986E0,1.012239014E3
5.297347392E0,1.012234375E3
5.317321513E0,1.012234863E3
5.337584941E0,1.012239258E3
5.357711650E0,1.012249023E3
5.376616191E0,1.012226807E3
5.396624980E0,1.012238220E3
5.416625224E0,1.012229797E3
5.436624980E0,1.012249146E3
5.456625224E0,1.012224365E3
5.476624980E0,1.012236145E3
5.496625468E0,1.012248596E3
5.516661357E0,1.012222595E3
5.536627422E0,1.012226257E3
5.556772441E0,1.012247986E3
5.577030010E0,1.012324524E3
5.597352763E0,1.012403870E3
5.617061992E0,1.012511292E3
5.637461992E0,1.012537537E3
5.657348613E0,1.012433044E3
5.677596416E0,1.012348694E3
5.697726299E0,1.012295715E3
5.716633525E0,1.012315796E3
5.736624248E0,1.012333191E3
5.756625224E0,1.012367249E3
5.776628642E0,1.012385559E3
5.796614238E0,1.012406738E3
5.816625224E0,1.012386047E3
5.836624980E0,1.012388367E3
5.856734843E0,1.012380310E3
5.876623515E0,1.012392395E3
5.896674785E0,1.012413757E3
5.917074785E0,1.012434082E3
5.937002910E0,1.012414490E3
5.957060039E0,1.012378113E3
5.977347881E0,1.012380798E3
5.997326640E0,1.012397827E3
6.017608135E0,1.012396179E3
6.037696513E0,1.012424011E3
6.056802226E0,1.012430298E3
6.076649394E0,1.012452026E3
6.096809551E0,1.012429871E3
6.116625468E0,1.012460632E3
6.136609355E0,1.012449707E3
6.156625713E0,1.012407349E3
6.176601543E0,1.012336487E3
6.196625713E0,1.012223389E3
6.216621562E0,1.012133972E3
6.237021562E0,1.012112854E3
6.257018779E0,1.012190247E3
6.277295879E0,1.012179321E3
6.297077129E0,1.012121826E3
6.317328838E0,1.012093933E3
6.337348369E0,1.012072571E3
6.357615703E0,1.012104126E3
6.377711162E0,1.012108826E3
6.396665996E0,1.012108948E3
6.416649394E0,1.012104370E3
6.436635478E0,1.012139526E3
6.456625957E0,1.012151489E3
6.476624980E0,1.012179565E3
6.496661845E0,1.012177856E3
6.516625224E0,1.012204285E3
6.536615215E0,1.012207520E3
6.556656963E0,1.012164307E3
6.576736552E0,1.012136475E3
6.597136552E0,1.012127319E3
6.617005840E0,1.012140259E3
6.637086406E0,1.012130249E3
6.657337627E0,1.012158386E3
6.677323222E0,1.012178894E3
6.697576152E0,1.012217285E3
6.717976152E0,1.012288086E3
6.736640849E0,1.012382690E3
6.756649150E0,1.012414795E3
6.776625224E0,1.012358948E3
6.796624980E0,1.012283569E3
6.816624980E0,1.012227417E3
6.836625713E0,1.012207520E3
6.856612529E0,1.012263916E3
6.876626445E0,1.012313782E3
6.896624736E0,1.012210022E3
6.916770732E0,1.012126526E3
6.937013164E0,1.012109863E3
6.957129619E0,1.012126892E3
6.977083476E0,1.012133972E3
6.997350322E0,1.012125549E3
7.017405010E0,1.012152527E3
7.037592265E0,1.012162109E3
7.057718730E0,1.012157227E3
7.076641338E0,1.012150085E3
7.096632304E0,1.012162231E3
7.116625224E0,1.012147217E3
7.136625224E0,1.012151917E3
7.156655498E0,1.012155151E3
7.176624980E0,1.012176514E3
7.196642314E0,1.012181580E3
7.216625224E0,1.012223389E3
7.236656474E0,1.012240662E3
7.256745342E0,1.012255249E3
7.277145342E0,1.012264404E3
7.297044658E0,1.012248352E3
7.317081523E0,1.012264404E3
7.337357646E0,1.012313110E3
7.357354717E0,1.012418457E3
7.377594951E0,1.012601440E3
7.397809062E0,1.012859924E3
7.416662090E0,1.012828003E3
7.436631816E0,1.012634094E3
7.456642558E0,1.012545654E3
7.476689433E0,1.012519104E3
7.496637431E0,1.012433472E3
7.516625224E0,1.012197998E3
7.536626201E0,1.012063782E3
7.556621074E0,1.012145813E3
7.576655742E0,1.012214172E3
7.596911113E0,1.012505432E3
7.617311113E0,1.012311829E3
7.636966533E0,1.012037354E3
7.656948711E0,1.011989990E3
7.677348711E0,1.012025330E3
7.697183330E0,1.012065979E3
7.717461162E0,1.012064941E3
7.737569316E0,1.012081421E3
7.757676006E0,1.012095886E3
7.776624980E0,1.012112671E3
7.796625224E0,1.012098267E3
7.816625713E0,1.012100342E3
7.836624736E0,1.012128113E3
7.856625224E0,1.012113586E3
7.876625713E0,1.012129395E3
7.896625468E0,1.012157959E3
7.916626933E0,1.012150391E3
7.936612285E0,1.012176208E3
7.956905010E0,1.012196350E3
7.976862773E0,1.012305847E3
7.996945537E0,1.012457092E3
8.017207256E0,1.012517944E3
8.037201885E0,1.012402832E3
8.057467754E0,1.012284912E3
8.077528301E0,1.012215088E3
8.097617656E0,1.012132202E3
8.116766338E0,1.012126282E3
8.136624980E0,1.012104858E3
8.156624736E0,1.012073914E3
8.176624492E0,1.012074951E3
8.196598125E0,1.012102173E3
8.216624980E0,1.012117371E3
8.236673076E0,1.012156677E3
8.256948467E0,1.012113708E3
8.276611797E0,1.012117737E3
8.296861064E0,1.012141052E3
8.316946025E0,1.012143433E3
8.336958476E0,1.012138550E3
8.357142558E0,1.012132202E3
8.377201152E0,1.012152832E3
8.397457500E0,1.012153870E3
8.417572002E0,1.012152771E3
8.437642558E0,1.012189819E3
8.456643047E0,1.012215576E3
8.476625957E0,1.012232727E3
8.496625224E0,1.012265625E3
8.516659648E0,1.012365234E3
8.536661601E0,1.012504639E3
8.556625468E0,1.012708130E3
8.576627177E0,1.012901489E3
8.596612529E0,1.012793274E3
8.616629375E0,1.012654175E3
8.636913310E0,1.012571594E3
8.656867168E0,1.012459534E3
8.676941631E0,1.012404297E3
8.697191875E0,1.012289307E3
8.717165263E0,1.012129517E3
8.737565263E0,1.012058289E3
8.757567851E0,1.012234070E3
8.777653056E0,1.012294250E3
8.796635722E0,1.012057129E3
8.816625957E0,1.012016174E3
8.836625224E0,1.012028076E3
8.856624980E0,1.012055664E3
8.876624980E0,1.012084778E3
8.896625468E0,1.012097046E3
8.916636699E0,1.012082642E3
8.936594707E0,1.012097961E3
8.956616191E0,1.012111267E3
8.976929179E0,1.012105774E3
8.996988750E0,1.012115295E3
9.016979961E0,1.012194946E3
9.037194804E0,1.012249023E3
9.057229472E0,1.012258545E3
9.077460918E0,1.012222229E3
9.097611064E0,1.012202454E3
9.117680400E0,1.012209412E3
9.136751201E0,1.012228455E3
9.156625713E0,1.012243713E3
9.176625224E0,1.012327759E3
9.196625957E0,1.012396545E3
9.216624736E0,1.012370667E3
9.236678935E0,1.012328613E3
9.256625957E0,1.012320862E3
9.276613994E0,1.012311951E3
9.296625957E0,1.012256409E3
9.316918437E0,1.012173767E3
9.336862285E0,1.012132996E3
9.356955058E0,1.012080078E3
9.377198467E0,1.012089172E3
9.397305888E0,1.012078308E3
9.417496318E0,1.012106201E3
9.437566631E0,1.012106567E3
9.457633281E0,1.012115723E3
9.476614482E0,1.012117371E3
9.496625713E0,1.012133423E3
9.516662822E0,1.012134949E3
9.536624980E0,1.012134583E3
9.556625468E0,1.012131836E3
9.576625468E0,1.012130188E3
9.596625713E0,1.012176270E3
9.616613017E0,1.012140259E3
9.636652568E0,1.012142029E3
9.656917217E0,1.012163940E3
9.676972392E0,1.012218689E3
9.696979717E0,1.012247131E3
9.717211894E0,1.012290039E3
9.737205547E0,1.012421570E3
9.757473125E0,1.012621826E3
9.777578838E0,1.012773499E3
9.797714336E0,1.012775574E3
9.816665263E0,1.012688354E3
9.836625713E0,1.012555298E3
9.856659648E0,1.012332031E3
9.876625224E0,1.012316589E3
9.896660625E0,1.012312073E3
9.916625468E0,1.012238220E3
9.936625468E0,1.012546875E3
9.956911601E0,1.012626404E3
9.976612529E0,1.012233765E3
9.996970439E0,1.012016052E3
1.001691551E1,1.011997131E3
1.003697679E1,1.011992920E3
1.005732420E1,1.012045898E3
1.007741526E1,1.012037354E3
1.009749119E1,1.012064148E3
1.011756443E1,1.012066833E3
1.013765476E1,1.012090637E3
1.015665818E1,1.012129395E3
1.017665037E1,1.012271729E3
1.019662547E1,1.012529358E3
1.021662547E1,1.012494141E3
1.023665965E1,1.012313782E3
1.025662522E1,1.012251160E3
1.027671067E1,1.012210144E3
1.029664842E1,1.012143738E3
1.031663572E1,1.012119202E3
1.033694432E1,1.012132202E3
1.035699656E1,1.012179688E3
1.037699559E1,1.012244690E3
1.039721580E1,1.012357849E3
1.041726170E1,1.012490112E3
1.043752122E1,1.012599670E3
1.045760594E1,1.012593689E3
1.047766990E1,1.012506409E3
1.049665696E1,1.012360657E3
1.051666551E1,1.012175476E3
1.053661277E1,1.012065552E3
1.055662474E1,1.012052307E3
1.057662498E1,1.012068237E3
1.059662571E1,1.012085266E3
1.061662571E1,1.012058044E3
1.063658885E1,1.012063904E3
1.065681810E1,1.012051208E3
1.067693480E1,1.012080139E3
1.069689842E1,1.012080627E3
1.071698265E1,1.012125061E3
1.073727635E1,1.012124084E3
1.075750926E1,1.012109802E3
1.077750120E1,1.012095276E3
1.079761424E1,1.012093994E3
1.081773289E1,1.012109436E3
1.083674461E1,1.012109070E3
1.085662669E1,1.012112122E3
1.087658763E1,1.012133301E3
1.089659422E1,1.012156311E3
1.091662498E1,1.012164917E3
1.093666136E1,1.012215820E3
1.095662522E1,1.012305969E3
1.097662400E1,1.012500732E3
1.099662718E1,1.012633423E3
1.101702718E1,1.012621887E3
1.103678855E1,1.012585999E3
1.105687010E1,1.012458984E3
1.107720457E1,1.012407104E3
1.109751512E1,1.012700500E3
1.111739280E1,1.012733948E3
1.113752146E1,1.012510498E3
1.115759764E1,1.012304321E3
1.117665647E1,1.012137207E3
1.119663230E1,1.012085876E3
1.121662522E1,1.012030823E3
1.123662522E1,1.012071289E3
1.125662498E1,1.012141907E3
1.127662498E1,1.012051270E3
1.129662498E1,1.011968079E3
1.131662083E1,1.012001770E3
1.133662571E1,1.012028625E3
1.135679295E1,1.012071594E3
1.137676976E1,1.012089172E3
1.139690940E1,1.012116333E3
1.141714085E1,1.012103149E3
1.143717869E1,1.012105530E3
1.145736595E1,1.012155945E3
1.147749168E1,1.012293030E3
1.149788621E1,1.012303589E3
1.151786985E1,1.012255066E3
1.153663206E1,1.012204895E3
1.155662498E1,1.012176880E3
1.157662547E1,1.012122437E3
1.159668821E1,1.012135315E3
1.161662449E1,1.012166809E3
1.163662522E1,1.012206726E3
1.165659739E1,1.012264221E3
1.167662449E1,1.012266724E3
1.169681102E1,1.012269287E3
1.171679393E1,1.012264526E3
1.173687425E1,1.012239624E3
1.175722044E1,1.012193848E3
1.177716233E1,1.012179932E3
1.179740403E1,1.012218323E3
1.181752293E1,1.012231750E3
1.183759568E1,1.012199158E3
1.185790208E1,1.012141357E3
1.187666063E1,1.012137878E3
1.189662547E1,1.012126526E3
1.191662522E1,1.012087097E3
1.193663255E1,1.012101746E3
1.195662596E1,1.012086548E3
1.197662522E1,1.012102295E3
1.199662400E1,1.012107178E3
1.201682420E1,1.012101746E3
1.203683421E1,1.012110107E3
1.205682298E1,1.012102417E3
1.207694822E1,1.012110901E3
1.209734822E1,1.012122009E3
1.211720628E1,1.012123047E3
1.213742430E1,1.012141907E3
1.215753245E1,1.012135620E3
1.217764720E1,1.012138672E3
1.219790696E1,1.012151733E3
1.221665257E1,1.012170044E3
1.223659031E1,1.012181091E3
1.225662498E1,1.012212097E3
1.227662596E1,1.012225403E3
1.229662571E1,1.012294250E3
1.231662498E1,1.012383057E3
1.233662644E1,1.012375244E3
1.235662889E1,1.012306641E3
1.237702889E1,1.012270752E3
1.239685032E1,1.012208374E3
1.241690989E1,1.012140259E3
1.243726780E1,1.012122498E3
1.245720579E1,1.012130188E3
1.247745970E1,1.012123352E3
1.249781834E1,1.012131592E3
1.251763523E1,1.012122437E3
1.253790086E1,1.012148682E3
1.255664109E1,1.012145020E3
1.257662522E1,1.012147888E3
1.259665428E1,1.012201721E3
1.261662547E1,1.012273682E3
1.263662474E1,1.012277588E3
1.265662571E1,1.012226990E3
1.267661302E1,1.012192139E3
1.269686204E1,1.012181335E3
1.271688523E1,1.012187378E3
1.273686717E1,1.012167542E3
1.275697776E1,1.012183777E3
1.277721287E1,1.012181335E3
1.279724266E1,1.012191284E3
1.281746482E1,1.012196167E3
1.283768724E1,1.012180115E3
1.285765574E1,1.012166077E3
1.287802757E1,1.012152832E3
1.289663572E1,1.012159851E3
1.291666111E1,1.012154907E3
1.293666062E1,1.012176514E3
1.295662522E1,1.012177063E3
1.297671678E1,1.012172119E3
1.299662571E1,1.012183777E3
1.301662010E1,1.012177490E3
1.303691990E1,1.012166077E3
1.305690770E1,1.012185120E3
1.307694334E1,1.012180725E3
1.309698655E1,1.012182129E3
1.311738655E1,1.012180298E3
1.313721946E1,1.012194763E3
1.315751878E1,1.012169800E3
1.317767356E1,1.012187683E3
1.319771653E1,1.012173584E3
1.321798582E1,1.012189087E3
1.323663230E1,1.012171082E3
1.325660276E1,1.012184998E3
1.327662547E1,1.012191833E3
1.329662596E1,1.012190796E3
1.331662596E1,1.012187500E3
1.333662522E1,1.012192932E3
1.335662278E1,1.012194153E3
1.337666893E1,1.012192444E3
1.339694236E1,1.012209412E3
1.341689720E1,1.012188660E3
1.343700804E1,1.012202820E3
1.345728123E1,1.012204285E3
1.347731175E1,1.012204102E3
1.349749192E1,1.012194519E3
1.351789192E1,1.012216125E3
1.353780394E1,1.012207520E3
1.355806517E1,1.012192261E3
1.357663279E1,1.012195923E3
1.359662571E1,1.012193909E3
1.361689524E1,1.012201965E3
1.363686668E1,1.012202271E3
1.365677268E1,1.012198120E3
1.367660398E1,1.012192505E3
1.369658665E1,1.012197327E3
1.371661985E1,1.012213074E3
1.373685203E1,1.012210571E3
1.375679954E1,1.012209534E3
1.377685984E1,1.012211182E3
1.379713108E1,1.012209534E3
1.381713157E1,1.012198608E3
1.383749925E1,1.012198364E3
1.385751097E1,1.012195312E3
1.387766014E1,1.012214783E3
1.389791478E1,1.012192200E3
1.391663768E1,1.012202454E3
1.393662547E1,1.012217590E3
1.395666063E1,1.012225342E3
1.397662571E1,1.012199646E3
1.399667625E1,1.012216492E3
1.401662547E1,1.012199646E3
1.403662864E1,1.012186829E3
1.405662376E1,1.012184998E3
1.407686155E1,1.012203064E3
1.409701439E1,1.012213135E3
1.411695091E1,1.012209534E3
1.413716868E1,1.012206726E3
1.415724412E1,1.012199402E3
1.417741038E1,1.012233215E3
1.419762425E1,1.012221313E3
1.421760887E1,1.012220154E3
1.423800887E1,1.012212219E3
1.425665818E1,1.012209290E3
1.427664988E1,1.012226257E3
1.429662522E1,1.012209106E3
1.431662547E1,1.012223755E3
1.433662547E1,1.012224670E3
1.435662474E1,1.012208374E3
1.437663646E1,1.012241760E3
1.439689061E1,1.012219910E3
1.441725853E1,1.012216492E3
1.443722972E1,1.012205383E3
1.445679026E1,1.012207764E3
1.447703880E1,1.012225464E3
1.449703074E1,1.012230530E3
1.451727122E1,1.012211548E3
1.453752024E1,1.012222656E3
1.455764769E1,1.012227966E3
1.457773045E1,1.012216248E3
1.459671751E1,1.012248596E3
1.461659495E1,1.012245117E3
1.463659446E1,1.012236572E3
1.465662327E1,1.012241211E3
1.467659544E1,1.012233521E3
1.469659251E1,1.012239319E3
1.471659812E1,1.012228333E3
1.473660643E1,1.012235962E3
1.475671312E1,1.012230530E3
1.477695823E1,1.012217957E3
1.479675853E1,1.012228271E3
1.481715853E1,1.012214844E3
1.483703147E1,1.012220703E3
1.485727439E1,1.012212341E3
1.487744334E1,1.012208984E3
1.489747776E1,1.012209778E3
1.491780809E1,1.012236511E3
1.493664134E1,1.012231506E3
1.495664866E1,1.012235229E3
1.497662620E1,1.012250427E3
1.499664183E1,1.012255066E3
1.501662498E1,1.012259338E3
1.503662498E1,1.012242676E3
1.505662620E1,1.012227966E3
1.507666136E1,1.012256470E3
1.509687156E1,1.012239319E3
1.511697020E1,1.012250610E3
1.513679344E1,1.012251160E3
1.515708445E1,1.012248596E3
1.517706419E1,1.012231506E3
1.519730296E1,1.012257507E3
1.521742015E1,1.012271423E3
1.523770481E1,1.012280029E3
1.525810481E1,1.012294800E3
1.527664085E1,1.012323303E3
1.529663230E1,1.012315796E3
1.531662522E1,1.012279785E3
1.533662498E1,1.012236145E3
1.535680442E1,1.012198608E3
1.537662571E1,1.012194214E3
1.539662474E1,1.012201660E3
1.541665281E1,1.012205811E3
1.543674998E1,1.012205933E3
1.545686326E1,1.012188354E3
1.547681224E1,1.012202820E3
1.549705247E1,1.012217102E3
1.551706907E1,1.012254700E3
1.553733079E1,1.012263977E3
1.555748948E1,1.012273682E3
1.557751976E1,1.012291626E3
1.559790501E1,1.012273865E3
1.561677903E1,1.012284607E3
1.563670481E1,1.012259338E3
1.565662547E1,1.012260315E3
1.567662474E1,1.012245300E3
1.569662547E1,1.012222595E3
1.571662571E1,1.012235962E3
1.573661375E1,1.012206970E3
1.575662547E1,1.012222717E3
1.577685691E1,1.012224365E3
1.579674852E1,1.012235107E3
1.581683982E1,1.012249695E3
1.583713963E1,1.012301819E3
1.585710911E1,1.012328613E3
1.587735911E1,1.012326111E3
1.589744651E1,1.012301208E3
1.591770579E1,1.012261047E3
1.593784739E1,1.012317932E3
1.595781004E1,1.012312500E3
1.597666746E1,1.012294250E3
1.599662498E1,1.012290710E3
1.601662107E1,1.012269409E3
1.603662547E1,1.012204285E3
1.605662596E1,1.012165161E3
1.607661399E1,1.012134216E3
1.609672728E1,1.012180542E3
1.611712728E1,1.012182129E3
1.613682151E1,1.012174988E3
1.615686058E1,1.012171936E3
1.617708836E1,1.012171204E3
1.619712254E1,1.012208374E3
1.621743797E1,1.012280029E3
1.623752928E1,1.012370300E3
1.625758201E1,1.012373169E3
1.627795774E1,1.012297424E3
1.629783397E1,1.012256104E3
1.631661692E1,1.012214233E3
1.633662400E1,1.012220520E3
1.635665965E1,1.012297974E3
1.637662522E1,1.012363281E3
1.639662547E1,1.012413208E3
1.641661326E1,1.012409729E3
1.643662693E1,1.012397827E3
1.645692552E1,1.012382812E3
1.647679539E1,1.012357422E3
1.649687156E1,1.012345398E3
1.651715354E1,1.012367676E3
1.653713914E1,1.012430420E3
1.655742112E1,1.012475403E3
1.657750096E1,1.012472107E3
1.659780394E1,1.012403198E3
1.661793797E1,1.012384399E3
1.663786717E1,1.012438232E3
1.665664744E1,1.012436951E3
1.667672239E1,1.012403687E3
1.669679393E1,1.012352844E3
1.671663597E1,1.012373047E3
1.673674681E1,1.012480408E3
1.675678953E1,1.012557983E3
1.677659397E1,1.012552856E3
1.679670506E1,1.012538208E3
1.681664817E1,1.012532532E3
1.683674217E1,1.012524963E3
1.685714217E1,1.012472229E3
1.687700022E1,1.012430847E3
1.689725682E1,1.012241760E3
1.691736741E1,1.012101501E3
1.693746214E1,1.012191467E3
1.695780516E1,1.012335083E3
1.697772801E1,1.012269470E3
1.699663719E1,1.012115540E3
1.701662522E1,1.012035461E3
1.703662547E1,1.012017212E3
1.705662547E1,1.012024292E3
1.707662596E1,1.012103210E3
1.709662547E1,1.012182922E3
1.711662571E1,1.012217102E3
1.713672044E1,1.012230957E3
1.715697044E1,1.012275452E3
1.717681590E1,1.012277588E3
1.719701683E1,1.012247742E3
1.721712547E1,1.012208374E3
1.723730027E1,1.012184326E3
1.725743186E1,1.012181091E3
1.727752855E1,1.012131592E3
1.729780882E1,1.012156677E3
1.731781517E1,1.012182678E3
1.733663157E1,1.012254089E3
1.735662522E1,1.012375732E3
1.737662571E1,1.012462708E3
1.739662571E1,1.012417542E3
1.741662596E1,1.012378296E3
1.743662547E1,1.012363525E3
1.745662571E1,1.012354553E3
1.747675584E1,1.012313354E3
1.749671043E1,1.012280884E3
1.751681321E1,1.012208984E3
1.753721321E1,1.012157959E3
1.755705149E1,1.012164490E3
1.757733250E1,1.012195312E3
1.759743089E1,1.012244995E3
1.761749998E1,1.012247131E3
1.763789998E1,1.012173096E3
1.765780857E1,1.012115295E3
1.767704026E1,1.012062134E3
1.769662620E1,1.012047974E3
1.771666184E1,1.012035339E3
1.773662498E1,1.012059448E3
1.775702498E1,1.012087524E3
1.777662547E1,1.012093201E3
1.779664720E1,1.012160400E3
1.781677073E1,1.012209717E3
1.783681932E1,1.012219910E3
1.785684666E1,1.012221863E3
1.787706053E1,1.012222717E3
1.789713768E1,1.012222595E3
1.791733323E1,1.012201904E3
1.793761888E1,1.012207092E3
1.795717576E1,1.012223999E3
1.797757576E1,1.012256775E3
1.799762278E1,1.012267273E3
1.801661717E1,1.012301941E3
1.803660179E1,1.012319519E3
1.805660105E1,1.012360657E3
1.807659520E1,1.012372803E3
1.809659568E1,1.012391479E3
1.811659324E1,1.012410156E3
1.813659886E1,1.012441650E3
1.815660814E1,1.012386292E3
1.817669358E1,1.012405701E3
1.819664305E1,1.012465271E3
1.821704305E1,1.012434509E3
1.823698875E1,1.012340820E3
1.825718772E1,1.012299011E3
1.827729881E1,1.012281250E3
1.829739598E1,1.012241638E3
1.831779598E1,1.012093262E3
1.833764085E1,1.012016052E3
1.835663768E1,1.012112488E3
1.837666478E1,1.012331177E3
1.839663841E1,1.012247742E3
1.841662522E1,1.012058289E3
1.843666087E1,1.011983704E3
1.845662571E1,1.012029602E3
1.847668699E1,1.012094849E3
1.849662474E1,1.012107422E3
1.851661619E1,1.012163452E3
1.853676390E1,1.012192566E3
1.855695140E1,1.012168213E3
1.857701976E1,1.012170715E3
1.859724754E1,1.012210388E3
1.861731663E1,1.012273071E3
1.863739598E1,1.012265015E3
1.865770726E1,1.012189819E3
1.867665306E1,1.012156494E3
1.869665843E1,1.012114929E3
1.871665013E1,1.012182739E3
1.873662522E1,1.012209106E3
1.875662498E1,1.012240845E3
1.877662913E1,1.012252808E3
1.879662547E1,1.012270325E3
1.881662596E1,1.012299561E3
1.883664451E1,1.012349670E3
1.885663865E1,1.012403687E3
1.887671116E1,1.012411804E3
1.889711116E1,1.012375977E3
1.891697581E1,1.012328003E3
1.893720652E1,1.012265808E3
1.895733787E1,1.012265015E3
1.897743455E1,1.012268311E3
1.899771189E1,1.012226257E3
1.901769065E1,1.012226257E3
1.903665794E1,1.012198608E3
1.905664891E1,1.012174438E3
1.907662669E1,1.012182373E3
1.909702669E1,1.012189209E3
1.911662571E1,1.012182373E3
1.913662522E1,1.012148132E3
1.915662571E1,1.012103699E3
1.917698509E1,1.012084717E3
1.919665452E1,1.012098083E3
1.921679026E1,1.012094849E3
1.923699925E1,1.012080627E3
1.925726146E1,1.012080872E3
1.927729002E1,1.012113525E3
1.929736595E1,1.012136169E3
1.931745945E1,1.012158997E3
1.933774803E1,1.012173157E3
1.935772190E1,1.012141663E3
1.937667991E1,1.012121948E3
1.939664915E1,1.012124695E3
1.941662522E1,1.012143677E3
1.943662547E1,1.012178284E3
1.945662522E1,1.012204712E3
1.947662596E1,1.012223999E3
1.949662474E1,1.012225403E3
1.951671946E1,1.012233215E3
1.953664891E1,1.012280334E3
1.955679246E1,1.012316833E3
1.957719246E1,1.012333008E3
1.959701536E1,1.012333740E3
1.961727415E1,1.012328613E3
1.963739720E1,1.012302490E3
1.965779720E1,1.012348267E3
1.967781175E1,1.012331421E3
1.969775096E1,1.012246948E3
1.971668040E1,1.012187988E3
1.973663133E1,1.012161011E3
1.975662889E1,1.012161133E3
1.977662498E1,1.012233765E3
1.979662571E1,1.012296509E3
1.981676658E1,1.012247620E3
1.983716658E1,1.012174072E3
1.985704808E1,1.012164062E3
1.987693431E1,1.012203857E3
1.989733431E1,1.012251221E3
1.991689915E1,1.012238770E3
1.993694529E1,1.012186646E3
1.995715159E1,1.012124084E3
1.997730906E1,1.012125427E3
1.999734690E1,1.012147644E3
2.001769651E1,1.012137695E3
2.003760765E1,1.012147644E3
2.005662620E1,1.012143127E3
2.007661277E1,1.012160217E3
2.009659739E1,1.012120789E3
2.011666770E1,1.012165955E3
2.013662498E1,1.012192505E3
2.015666209E1,1.012186646E3
2.017662571E1,1.012174927E3
2.019658616E1,1.012179688E3
2.021659935E1,1.012170166E3
2.023667210E1,1.012138245E3
2.025691941E1,1.012158020E3
2.027695164E1,1.012165344E3
2.029735164E1,1.012151733E3
2.031738841E1,1.012187195E3
2.033750779E1,1.012180725E3
2.035768235E1,1.012198242E3
2.037762352E1,1.012215088E3
2.039771922E1,1.012209534E3
2.041665501E1,1.012196350E3
2.043662547E1,1.012201660E3
2.045662547E1,1.012185608E3
2.047662547E1,1.012193298E3
2.049662449E1,1.012191162E3
2.051662498E1,1.012178284E3
2.053661204E1,1.012207520E3
2.055660911E1,1.012187378E3
2.057668699E1,1.012195007E3
2.059695604E1,1.012201172E3
2.061698826E1,1.012213623E3
2.063720970E1,1.012214844E3
2.065737400E1,1.012203857E3
2.067740135E1,1.012208679E3
2.069773338E1,1.012208557E3
2.071766355E1,1.012212036E3
2.073779710E1,1.012212219E3
2.075664427E1,1.012207092E3
2.077662571E1,1.012223755E3
2.079662596E1,1.012232117E3
2.081662376E1,1.012225708E3
2.083661228E1,1.012229370E3
2.085666038E1,1.012198608E3
2.087663670E1,1.012198608E3
2.089661375E1,1.012212219E3
2.091666575E1,1.012209534E3
2.093698875E1,1.012219299E3
2.095699022E1,1.012227051E3
2.097739022E1,1.012220337E3
2.099733470E1,1.012221985E3
2.101740892E1,1.012216492E3
2.103771849E1,1.012214783E3
2.105771873E1,1.012200378E3
2.107810398E1,1.012216553E3
2.109665110E1,1.012227722E3
2.111662547E1,1.012223389E3
2.113662498E1,1.012213623E3
2.115666038E1,1.012200317E3
2.117664329E1,1.012217590E3
2.119662815E1,1.012223633E3
2.121683421E1,1.012219177E3
2.123669847E1,1.012212219E3
2.125672703E1,1.012223999E3
2.127694920E1,1.012223267E3
2.129705394E1,1.012217102E3
2.131726072E1,1.012226807E3
2.133741429E1,1.012221741E3
2.135754856E1,1.012219910E3
2.137773460E1,1.012193909E3
2.139769236E1,1.012205688E3
2.141780516E1,1.012208374E3
2.143664085E1,1.012218445E3
2.145659568E1,1.012216492E3
2.147662547E1,1.012230408E3
2.149671507E1,1.012231201E3
2.151661497E1,1.012210999E3
2.153659349E1,1.012218445E3
2.155659324E1,1.012222412E3
2.157658934E1,1.012236938E3
2.159659422E1,1.012222717E3
2.161683982E1,1.012230469E3
2.163685960E1,1.012220642E3
2.165725960E1,1.012224548E3
2.167720823E1,1.012225952E3
2.169732176E1,1.012223999E3
2.171755149E1,1.012223389E3
2.173758470E1,1.012239441E3
2.175764402E1,1.012229675E3
2.177662889E1,1.012222595E3
2.179659813E1,1.012219604E3
2.181659373E1,1.012218689E3
2.183662547E1,1.012222900E3
2.185661302E1,1.012214600E3
2.187662571E1,1.012232483E3
2.189662547E1,1.012207336E3
2.191659178E1,1.012229065E3
2.193661082E1,1.012234070E3
2.195688182E1,1.012223145E3
2.197687034E1,1.012222046E3
2.199712547E1,1.012216797E3
2.201742820E1,1.012195801E3
2.203735643E1,1.012209106E3
2.205761106E1,1.012210144E3
2.207785545E1,1.012207642E3
2.209766209E1,1.012222046E3
2.211663304E1,1.012221985E3
2.213662498E1,1.012223755E3
2.215662522E1,1.012224060E3
2.217662571E1,1.012224365E3
2.219661351E1,1.012212708E3
2.221665721E1,1.012215271E3
2.223663328E1,1.012243042E3
2.225662205E1,1.012221191E3
2.227660740E1,1.012219299E3
2.229686741E1,1.012244507E3
2.231690184E1,1.012227844E3
2.233720335E1,1.012219482E3
2.235724485E1,1.012240479E3
2.237738182E1,1.012237183E3
2.239762230E1,1.012239319E3
2.241763011E1,1.012243286E3
2.243770286E1,1.012233398E3
2.245663255E1,1.012231079E3
2.247662522E1,1.012242920E3
2.249662596E1,1.012243225E3
2.251662620E1,1.012238525E3
2.253662596E1,1.012245117E3
2.255662571E1,1.012252686E3
2.257686253E1,1.012270508E3
2.259659007E1,1.012247986E3
2.261666722E1,1.012256470E3
2.263692088E1,1.012256836E3
2.265691819E1,1.012288391E3
2.267717430E1,1.012313110E3
2.269746189E1,1.012297302E3
2.271756688E1,1.012342224E3
2.273767894E1,1.012356262E3
2.275762986E1,1.012309998E3
2.277769822E1,1.012303589E3
2.279662083E1,1.012326599E3
2.281662547E1,1.012326233E3
2.283662620E1,1.012317932E3
2.285662620E1,1.012323608E3
2.287661448E1,1.012328735E3
2.289662498E1,1.012313538E3
2.291662547E1,1.012265686E3
2.293662889E1,1.012267639E3
2.295665110E1,1.012244690E3
2.297692845E1,1.012261597E3
2.299694993E1,1.012281250E3
2.301724461E1,1.012313538E3
2.303731810E1,1.012337097E3
2.305745921E1,1.012354492E3
2.307785921E1,1.012303894E3
2.309767894E1,1.012253784E3
2.311671995E1,1.012229492E3
2.313666526E1,1.012195557E3
2.315658885E1,1.012212341E3
2.317663060E1,1.012218933E3
2.319661277E1,1.012216492E3
2.321663133E1,1.012243469E3
2.323662571E1,1.012293762E3
2.325662986E1,1.012323364E3
2.327660447E1,1.012308655E3
2.329664012E1,1.012304382E3
2.331691941E1,1.012272888E3
2.333695530E1,1.012254089E3
2.335718186E1,1.012251770E3
2.337740037E1,1.012260254E3
2.339740403E1,1.012292175E3
2.341779954E1,1.012305847E3
2.343773020E1,1.012318848E3
2.345767845E1,1.012356567E3
2.347661839E1,1.012357422E3
2.349659739E1,1.012363770E3
2.351659373E1,1.012340637E3
2.353659617E1,1.012330017E3
2.355660203E1,1.012343201E3
2.357661473E1,1.012345886E3
2.359659056E1,1.012277405E3
2.361659178E1,1.012260559E3
2.363665916E1,1.012255188E3
2.365682444E1,1.012289612E3
2.367711497E1,1.012318420E3
2.369709056E1,1.012333069E3
2.371720872E1,1.012387207E3
2.373738011E1,1.012386658E3
2.375756712E1,1.012368286E3
2.377756639E1,1.012330383E3
2.379765086E1,1.012304382E3
2.381665696E1,1.012306702E3
2.383664866E1,1.012311951E3
2.385662522E1,1.012318848E3
2.387662498E1,1.012325256E3
2.389662522E1,1.012325562E3
2.391664012E1,1.012310303E3
2.393662498E1,1.012280334E3
2.395662522E1,1.012254700E3
2.397662474E1,1.012239990E3
2.399690159E1,1.012232361E3
2.401686009E1,1.012247620E3
2.403711058E1,1.012305664E3
2.405723924E1,1.012300964E3
2.407732688E1,1.012283691E3
2.409761936E1,1.012281860E3
2.411758641E1,1.012230042E3
2.413774827E1,1.012195190E3
2.415665721E1,1.012191467E3
2.417664866E1,1.012205078E3
2.419662474E1,1.012207520E3
2.421662474E1,1.012218933E3
2.423662474E1,1.012222595E3
2.425669261E1,1.012222229E3
2.427662522E1,1.012229553E3
2.429662571E1,1.012206238E3
2.431674485E1,1.012207764E3
2.433686326E1,1.012250854E3
2.435701072E1,1.012248596E3
2.437713792E1,1.012265320E3
2.439722703E1,1.012232178E3
2.441741038E1,1.012266357E3
2.443762815E1,1.012270386E3
2.445761790E1,1.012262329E3
2.447766795E1,1.012220886E3
2.449665647E1,1.012215820E3
2.451663230E1,1.012189453E3
2.453662522E1,1.012200012E3
2.455662474E1,1.012297302E3
2.457661375E1,1.012277405E3
2.459662498E1,1.012169800E3
2.461661399E1,1.012149719E3
2.463662693E1,1.012140686E3
2.465663719E1,1.012116272E3
2.467693260E1,1.012092041E3
2.469692137E1,1.012080322E3
2.471716868E1,1.012092285E3
2.473730980E1,1.012083862E3
2.475733079E1,1.012183594E3
2.477768113E1,1.012770569E3
2.479761375E1,1.012647095E3
2.481801375E1,1.012301758E3
2.483666185E1,1.012148438E3
2.485663230E1,1.012059875E3
2.487669773E1,1.012061890E3
2.489678636E1,1.012058655E3
2.491671312E1,1.012075562E3
2.493659007E1,1.012093811E3
2.495666941E1,1.012139709E3
2.497676780E1,1.012299927E3
2.499662864E1,1.012475769E3
2.501702864E1,1.012639832E3
2.503715306E1,1.012646606E3
2.505718504E1,1.012448120E3
2.507736106E1,1.012299988E3
2.509711766E1,1.012173828E3
2.511740086E1,1.012133911E3
2.513737962E1,1.012098267E3
2.515748265E1,1.012052307E3
2.517662669E1,1.012078613E3
2.519659983E1,1.012091919E3
2.521659910E1,1.012081665E3
2.523659397E1,1.012042603E3
2.525659642E1,1.012062378E3
2.527659495E1,1.012093994E3
2.529659666E1,1.012137512E3
2.531659226E1,1.012191284E3
2.533659935E1,1.012222656E3
2.535669822E1,1.012233398E3
2.537697728E1,1.012252686E3
2.539705760E1,1.012242065E3
2.541713694E1,1.012237488E3
2.543713035E1,1.012265076E3
2.545753035E1,1.012274353E3
2.547738352E1,1.012258057E3
2.549747459E1,1.012235962E3
2.551772801E1,1.012235413E3
2.553659935E1,1.012263550E3
2.555659568E1,1.012333679E3
2.557673191E1,1.012409729E3
2.559662571E1,1.012462036E3
2.561662498E1,1.012557983E3
2.563662571E1,1.012595642E3
2.565660252E1,1.012554932E3
2.567662522E1,1.012456482E3
2.569672435E1,1.012488037E3
2.571674290E1,1.012609558E3
2.573700096E1,1.012451172E3
2.575709056E1,1.012151978E3
2.577718626E1,1.012116211E3
2.579745652E1,1.012223389E3
2.581738597E1,1.012133972E3
2.583754393E1,1.011989624E3
2.585780247E1,1.011947449E3
2.587673118E1,1.011947754E3
2.589662547E1,1.011986816E3
2.591662547E1,1.012044495E3
2.593660154E1,1.012085571E3
2.595662498E1,1.012155579E3
2.597662522E1,1.012268677E3
2.599662474E1,1.012359314E3
2.601664915E1,1.012397827E3
2.603675096E1,1.012332825E3
2.605674363E1,1.012263611E3
2.607708518E1,1.012214539E3
2.609722020E1,1.012168945E3
2.611720164E1,1.012108276E3
2.613750389E1,1.012101196E3
2.615746873E1,1.012080139E3
2.617756346E1,1.012077576E3
2.619781761E1,1.012098145E3
2.621663987E1,1.012141602E3
2.623662449E1,1.012212830E3
2.625662571E1,1.012325928E3
2.627662425E1,1.012416748E3
2.629666160E1,1.012482666E3
2.631662547E1,1.012459106E3
2.633662571E1,1.012467957E3
2.635662547E1,1.012394165E3
2.637702547E1,1.012225220E3
2.639678489E1,1.012121948E3
2.641704100E1,1.012047607E3
2.643713768E1,1.012013794E3
2.645723924E1,1.011973816E3
2.647748289E1,1.011972412E3
2.649746458E1,1.011995728E3
2.651755760E1,1.012020264E3
2.653780857E1,1.012056458E3
2.655663523E1,1.012070496E3
2.657662693E1,1.012091553E3
2.659662571E1,1.012133423E3
2.661662474E1,1.012176208E3
2.663662498E1,1.012173889E3
2.665662938E1,1.012158386E3
2.667664842E1,1.012191406E3
2.669662522E1,1.012230896E3
2.671677903E1,1.012286438E3
2.673679710E1,1.012277954E3
2.675713328E1,1.012219727E3
2.677725633E1,1.012175232E3
2.679724632E1,1.012186829E3
2.681756053E1,1.012291626E3
2.683750657E1,1.012449707E3
2.685758641E1,1.012698059E3
2.687790403E1,1.012894470E3
2.689663255E1,1.012816467E3
2.691662498E1,1.012636719E3
2.693662498E1,1.012438660E3
2.695662498E1,1.012224670E3
2.697662596E1,1.012055420E3
2.699702596E1,1.012056946E3
2.701663084E1,1.012274414E3
2.703662547E1,1.012345276E3
2.705682908E1,1.012421326E3
2.707685960E1,1.012129517E3
2.709707420E1,1.011924133E3
2.711721141E1,1.011878845E3
2.713730272E1,1.011909790E3
2.715755027E1,1.011951599E3
2.717752098E1,1.012011780E3
2.719761351E1,1.012036499E3
2.721788939E1,1.012060303E3
2.723663230E1,1.012061523E3
2.725662498E1,1.012086914E3
2.727662522E1,1.012100952E3
2.729662571E1,1.012192932E3
2.731662522E1,1.012269104E3
2.733662547E1,1.012234375E3
2.735661668E1,1.012178711E3
2.737665672E1,1.012129944E3
2.739683079E1,1.012080627E3
2.741684568E1,1.012105774E3
2.743717503E1,1.012119995E3
2.745729539E1,1.012225647E3
2.747769539E1,1.012315796E3
2.749757103E1,1.012383545E3
2.751752854E1,1.012379211E3
2.753792855E1,1.012349182E3
2.755810520E1,1.012286865E3
2.757850521E1,1.012189636E3
2.759693894E1,1.012072021E3
2.761659568E1,1.012025940E3
2.763659153E1,1.011991211E3
2.765660228E1,1.012016602E3
2.767661204E1,1.012001587E3
2.769662547E1,1.012032410E3
2.771666111E1,1.012048889E3
2.773675218E1,1.012074707E3
2.775675804E1,1.012115173E3
2.777703294E1,1.012123474E3
2.779708885E1,1.012118591E3
2.781719163E1,1.012171204E3
2.783748216E1,1.012176208E3
2.785745164E1,1.012157837E3
2.787785164E1,1.012159851E3
2.789791111E1,1.012192566E3
2.791683274E1,1.012237671E3
2.793662547E1,1.012254517E3
2.795662547E1,1.012257874E3
2.797662474E1,1.012228455E3
2.799662522E1,1.012219727E3
2.801662596E1,1.012308350E3
2.803673045E1,1.012540649E3
2.805661937E1,1.012871338E3
2.807694407E1,1.013036804E3
2.809703489E1,1.012790771E3
2.811700340E1,1.012511719E3
2.813711595E1,1.012228699E3
2.815720042E1,1.012004395E3
2.817752146E1,1.011920776E3
2.819749681E1,1.012050720E3
2.821757127E1,1.012406860E3
2.823789842E1,1.012639832E3
2.825787132E1,1.012180725E3
2.827664988E1,1.011912598E3
2.829662986E1,1.011933167E3
2.831662522E1,1.011970886E3
2.833666087E1,1.011990662E3
2.835662571E1,1.012008911E3
2.837664305E1,1.012048889E3
2.839680809E1,1.012048889E3
2.841681492E1,1.012080872E3
2.843679100E1,1.012078003E3
2.845710936E1,1.012103516E3
2.847712742E1,1.012137695E3
2.849721922E1,1.012184387E3
2.851753831E1,1.012282349E3
2.853765208E1,1.012336548E3
2.855805208E1,1.012295959E3
2.857818748E1,1.012219910E3
2.859667601E1,1.012226807E3
2.861662864E1,1.012294250E3
2.863660057E1,1.012381592E3
2.865659593E1,1.012468079E3
2.867670481E1,1.012480164E3
2.869659422E1,1.012416199E3
2.871659349E1,1.012368042E3
2.873659422E1,1.012234558E3
2.875671702E1,1.012137329E3
2.877660105E1,1.012094727E3
2.879687230E1,1.012046570E3
2.881693894E1,1.011987732E3
2.883708982E1,1.011980469E3
2.885738084E1,1.011978577E3
2.887733104E1,1.012008972E3
2.889746141E1,1.012038147E3
2.891779832E1,1.012038940E3
2.893662132E1,1.012065552E3
2.895670994E1,1.012083374E3
2.897659373E1,1.012064941E3
2.899660618E1,1.012097351E3
2.901662571E1,1.012089294E3
2.903660179E1,1.012102295E3
2.905662522E1,1.012119629E3
2.907666380E1,1.012152405E3
2.909675462E1,1.012151123E3
2.911667283E1,1.012173279E3
2.913690892E1,1.012192932E3
2.915703001E1,1.012229309E3
2.917711058E1,1.012298523E3
2.919740281E1,1.012449158E3
2.921737767E1,1.012595947E3
2.923748875E1,1.012666199E3
2.925781907E1,1.012646362E3
2.927665623E1,1.012619080E3
2.929668772E1,1.012509827E3
2.931662522E1,1.012470154E3
2.933665794E1,1.012443054E3
2.935662522E1,1.012271423E3
2.937662522E1,1.012080811E3
2.939666331E1,1.012074097E3
2.941674607E1,1.012246582E3
2.943676878E1,1.012447998E3
2.945673777E1,1.012158997E3
2.947695384E1,1.011958191E3
2.949700462E1,1.011930847E3
2.951713279E1,1.011944153E3
2.953741917E1,1.012008301E3
2.955770018E1,1.012047302E3
2.957749656E1,1.012070496E3
2.959781834E1,1.012062744E3
2.961666209E1,1.012083069E3
2.963663157E1,1.012113281E3
2.965662425E1,1.012098267E3
2.967664134E1,1.012116760E3
2.969662522E1,1.012182129E3
2.971662522E1,1.012204895E3
2.973662498E1,1.012222229E3
2.975661326E1,1.012182983E3
2.977678538E1,1.012156860E3
2.979674314E1,1.012156189E3
2.981694969E1,1.012173462E3
2.983705247E1,1.012208008E3
2.985714012E1,1.012323059E3
2.987743113E1,1.012401184E3
2.989770457E1,1.012410889E3
2.991751121E1,1.012412659E3
2.993786399E1,1.012379333E3
2.995780735E1,1.012300171E3
2.997663060E1,1.012203369E3
2.999662522E1,1.012103516E3
3.001662571E1,1.012061890E3
3.003662547E1,1.012042175E3
3.005661546E1,1.012043457E3
3.007662474E1,1.012074524E3
3.009702474E1,1.012046936E3
3.011677171E1,1.012053345E3
3.013679222E1,1.012083069E3
3.015695091E1,1.012077148E3
3.017707322E1,1.012119751E3
3.019715672E1,1.012110535E3
3.021746482E1,1.012141724E3
3.023754100E1,1.012141663E3
3.025753416E1,1.012123779E3
3.027786766E1,1.012152283E3
3.029785814E1,1.012175476E3
3.031666990E1,1.012154907E3
3.033662522E1,1.012148682E3
3.035662498E1,1.012150879E3
3.037662303E1,1.012164307E3
3.039664085E1,1.012188232E3
3.041662498E1,1.012244934E3
3.043662425E1,1.012350342E3
3.045680272E1,1.012436707E3
3.047681004E1,1.012469360E3
3.049698484E1,1.012464783E3
3.051711131E1,1.012542725E3
3.053717601E1,1.012617249E3
3.055747117E1,1.012447815E3
3.057756932E1,1.012300964E3
3.059755882E1,1.012381836E3
3.061794383E1,1.012556213E3
3.063785594E1,1.012409363E3
3.065665232E1,1.012135498E3
3.067662498E1,1.012098450E3
3.069662498E1,1.012262878E3
3.071662449E1,1.012191284E3
3.073663011E1,1.012041809E3
3.075662425E1,1.012007507E3
3.077666062E1,1.012058350E3
3.079685130E1,1.012059998E3
3.081682737E1,1.012114563E3
3.083712376E1,1.012183167E3
3.085727073E1,1.012184021E3
3.087717210E1,1.012168945E3
3.089749192E1,1.012124451E3
3.091745384E1,1.012133240E3
3.093785384E1,1.012145569E3
3.095785179E1,1.012159851E3
3.097662840E1,1.012161865E3
3.099659813E1,1.012173767E3
3.101659568E1,1.012176941E3
3.103659275E1,1.012197510E3
3.105659715E1,1.012222595E3
3.107659104E1,1.012270020E3
3.109662571E1,1.012298889E3
3.111662474E1,1.012277222E3
3.113663914E1,1.012252441E3
3.115662132E1,1.012236572E3
3.117694236E1,1.012231750E3
3.119699168E1,1.012216675E3
3.121709959E1,1.012204895E3
3.123736424E1,1.012172607E3
3.125734934E1,1.012156982E3
3.127742478E1,1.012128784E3
3.129766990E1,1.012135864E3
3.131806990E1,1.012131287E3
3.133663719E1,1.012121399E3
3.135666111E1,1.012121277E3
3.137662547E1,1.012126404E3
3.139662547E1,1.012126770E3
3.141662498E1,1.012120972E3
3.143695823E1,1.012113525E3
3.145662474E1,1.012134827E3
3.147661253E1,1.012160034E3
3.149674461E1,1.012142151E3
3.151687938E1,1.012164062E3
3.153700438E1,1.012160400E3
3.155706688E1,1.012168457E3
3.157746688E1,1.012149170E3
3.159763646E1,1.012146790E3
3.161745335E1,1.012127319E3
3.163771702E1,1.012168152E3
3.165774852E1,1.012160400E3
3.167663182E1,1.012153625E3
3.169662522E1,1.012157654E3
3.171662547E1,1.012151733E3
3.173662596E1,1.012140076E3
3.175662498E1,1.012150696E3
3.177662571E1,1.012171509E3
3.179662547E1,1.012190063E3
3.181667845E1,1.012175659E3
3.183667137E1,1.012175659E3
3.185701487E1,1.012173462E3
3.187703978E1,1.012163757E3
3.189715355E1,1.012162720E3
3.191755354E1,1.012167358E3
3.193795355E1,1.012178223E3
3.195746629E1,1.012188354E3
3.197770921E1,1.012166504E3
3.199783641E1,1.012194885E3
3.201665037E1,1.012187195E3
3.203662547E1,1.012171082E3
3.205663816E1,1.012191711E3
3.207662498E1,1.012213196E3
3.209672093E1,1.012195801E3
3.211667698E1,1.012203857E3
3.213659617E1,1.012187439E3
3.215660667E1,1.012197571E3
3.217659349E1,1.012182983E3
3.219680125E1,1.012195801E3
3.221704197E1,1.012176636E3
3.223698362E1,1.012193481E3
3.225735154E1,1.012198975E3
3.227728440E1,1.012194763E3
3.229734031E1,1.012182129E3
3.231758152E1,1.012215271E3
3.233759910E1,1.012182983E3
3.235661351E1,1.012200378E3
3.237659910E1,1.012217896E3
3.239698826E1,1.012185791E3
3.241659495E1,1.012202698E3
3.243668504E1,1.012210144E3
3.245659568E1,1.012193604E3
3.247674266E1,1.012193787E3
3.249659275E1,1.012211182E3
3.251665818E1,1.012175842E3
3.253683860E1,1.012183289E3
3.255691380E1,1.012217529E3
3.257703489E1,1.012191895E3
3.259743489E1,1.012200500E3
3.261730906E1,1.012202332E3
3.263736082E1,1.012209412E3
3.265762547E1,1.012203064E3
3.267763108E1,1.012196838E3
3.269663255E1,1.012227417E3
3.271662522E1,1.012212524E3
3.273662547E1,1.012207764E3
3.275662547E1,1.012214844E3
3.277662522E1,1.012215454E3
3.279662474E1,1.012215942E3
3.281693724E1,1.012208374E3
3.283660228E1,1.012208008E3
3.285685252E1,1.012215454E3
3.287683348E1,1.012205383E3
3.289706614E1,1.012206726E3
3.291702732E1,1.012216675E3
3.293742732E1,1.012210327E3
3.295728929E1,1.012208984E3
3.297736131E1,1.012210327E3
3.299765403E1,1.012214478E3
3.301764158E1,1.012226257E3
3.303665452E1,1.012214844E3
3.305678025E1,1.012216919E3
3.307662522E1,1.012218445E3
3.309661228E1,1.012212708E3
3.311662522E1,1.012210999E3
3.313662547E1,1.012199829E3
3.315662474E1,1.012197876E3
3.317661375E1,1.012196594E3
3.319662034E1,1.012207764E3
3.321691648E1,1.012226013E3
3.323701316E1,1.012200623E3
3.325709739E1,1.012186707E3
3.327735228E1,1.012220154E3
3.329737010E1,1.012214783E3
3.331740770E1,1.012226440E3
3.333780770E1,1.012208862E3
3.335768235E1,1.012220337E3
3.337665867E1,1.012222717E3
3.339665086E1,1.012206360E3
3.341662522E1,1.012212830E3
3.343660130E1,1.012214600E3
3.345664280E1,1.012238770E3
3.347673265E1,1.012226807E3
3.349662498E1,1.012226135E3
3.351661668E1,1.012215576E3
3.353679661E1,1.012227295E3
3.355685643E1,1.012211914E3
3.357708372E1,1.012211792E3
3.359716404E1,1.012230469E3
3.361749119E1,1.012216919E3
3.363734397E1,1.012196594E3
3.365742576E1,1.012213074E3
3.367773045E1,1.012214539E3
3.369769847E1,1.012221252E3
3.371665745E1,1.012212585E3
3.373664842E1,1.012219177E3
3.375662547E1,1.012229126E3
3.377662498E1,1.012213623E3
3.379662547E1,1.012214600E3
3.381667698E1,1.012233521E3
3.383662498E1,1.012240234E3
3.385662425E1,1.012231873E3
3.387662596E1,1.012205444E3
3.389694700E1,1.012240662E3
3.391705980E1,1.012207764E3
3.393711912E1,1.012210510E3
3.395739256E1,1.012208984E3
3.397742356E1,1.012208984E3
3.399745408E1,1.012215271E3
3.401785408E1,1.012219910E3
3.403770921E1,1.012209045E3
3.405664012E1,1.012220154E3
3.407664842E1,1.012236084E3
3.409662962E1,1.012205688E3
3.411662498E1,1.012246399E3
3.413664988E1,1.012213623E3
3.415661912E1,1.012236877E3
3.417664768E1,1.012227295E3
3.419665721E1,1.012221741E3
3.421666648E1,1.012206360E3
3.423691453E1,1.012220337E3
3.425716258E1,1.012219482E3
3.427711766E1,1.012218689E3
3.429751766E1,1.012221680E3
3.431739231E1,1.012220703E3
3.433746409E1,1.012225220E3
3.435772044E1,1.012229309E3
3.437774412E1,1.012209534E3
3.439665696E1,1.012221741E3
3.441663230E1,1.012210022E3
3.443681395E1,1.012231079E3
3.445659568E1,1.012245972E3
3.447688890E1,1.012229309E3
3.449659568E1,1.012209412E3
3.451659422E1,1.012207336E3
3.453659202E1,1.012219177E3
3.455659275E1,1.012227844E3
3.457678343E1,1.012225769E3
3.459697142E1,1.012217102E3
3.461709251E1,1.012235107E3
3.463725389E1,1.012203064E3
3.465728758E1,1.012208557E3
3.467733079E1,1.012217529E3
3.469757981E1,1.012222961E3
3.471760887E1,1.012226440E3
3.473666209E1,1.012206482E3
3.475696946E1,1.012220520E3
3.477662547E1,1.012215881E3
3.479662522E1,1.012234558E3
3.481662596E1,1.012230103E3
3.483670750E1,1.012219177E3
3.485662449E1,1.012238770E3
3.487662693E1,1.012202698E3
3.489662522E1,1.012216675E3
3.491702522E1,1.012225891E3
3.493693846E1,1.012207031E3
3.495699632E1,1.012218811E3
3.497739632E1,1.012238159E3
3.499726390E1,1.012220154E3
3.501733958E1,1.012220032E3
3.503761522E1,1.012226746E3
3.505762742E1,1.012234070E3
3.507788670E1,1.012212097E3
3.509680394E1,1.012215637E3
3.511662449E1,1.012214600E3
3.513662474E1,1.012219849E3
3.515662449E1,1.012202209E3
3.517680296E1,1.012232544E3
3.519662474E1,1.012225647E3
3.521663279E1,1.012206116E3
3.523662522E1,1.012210815E3
3.525686961E1,1.012227295E3
3.527694578E1,1.012231750E3
3.529714720E1,1.012221191E3
3.531733836E1,1.012214600E3
3.533744358E1,1.012233215E3
3.535738572E1,1.012221252E3
3.537760423E1,1.012217285E3
3.539799436E1,1.012192932E3
3.541790770E1,1.012225037E3
3.543662425E1,1.012217102E3
3.545668040E1,1.012225403E3
3.547662522E1,1.012207336E3
3.549662547E1,1.012217285E3
3.551662547E1,1.012231750E3
3.553662522E1,1.012215271E3
3.555679734E1,1.012212585E3
3.557719734E1,1.012231934E3
3.559710984E1,1.012236572E3
3.561700120E1,1.012213196E3
3.563707347E1,1.012218323E3
3.565739915E1,1.012225769E3
3.567739280E1,1.012220520E3
3.569726023E1,1.012235413E3
3.571749510E1,1.012232544E3
3.573751585E1,1.012216248E3
3.575779222E1,1.012214233E3
3.577659568E1,1.012211426E3
3.579660032E1,1.012216125E3
3.581659642E1,1.012237427E3
3.583660154E1,1.012213867E3
3.585659397E1,1.012208130E3
3.587659202E1,1.012216248E3
3.589682713E1,1.012216858E3
3.591659471E1,1.012228699E3
3.593671385E1,1.012238770E3
3.595683299E1,1.012195312E3
3.597702659E1,1.012203369E3
3.599720701E1,1.012209412E3
3.601727220E1,1.012187378E3
3.603726536E1,1.012221680E3
3.605752317E1,1.012218140E3
3.607767064E1,1.012230347E3
3.609781272E1,1.012201416E3
3.611664769E1,1.012214417E3
3.613662474E1,1.012228271E3
3.615670579E1,1.012231079E3
3.617663914E1,1.012209839E3
3.619662474E1,1.012216248E3
3.621662522E1,1.012221985E3
3.623666429E1,1.012209839E3
3.625663719E1,1.012220520E3
3.627673460E1,1.012207336E3
3.629686204E1,1.012214905E3
3.631690940E1,1.012206726E3
3.633725413E1,1.012230530E3
3.635723265E1,1.012224731E3
3.637726487E1,1.012222961E3
3.639752537E1,1.012224365E3
3.641753978E1,1.012210144E3
3.643674070E1,1.012221008E3
3.645662913E1,1.012222229E3
3.647662596E1,1.012231873E3
3.649662498E1,1.012237427E3
3.651662547E1,1.012230103E3
3.653662522E1,1.012220520E3
3.655662498E1,1.012233154E3
3.657660154E1,1.012216797E3
3.659660130E1,1.012215637E3
3.661677439E1,1.012221191E3
3.663688108E1,1.012220520E3
3.665705833E1,1.012211670E3
3.667727122E1,1.012229553E3
3.669732811E1,1.012225708E3
3.671731907E1,1.012232727E3
3.673754539E1,1.012222717E3
3.675758763E1,1.012227417E3
3.677782688E1,1.012223389E3
3.679663548E1,1.012223145E3
3.681671849E1,1.012217896E3
3.683662474E1,1.012237427E3
3.685662425E1,1.012228821E3
3.687662547E1,1.012214783E3
3.689662376E1,1.012230713E3
3.691662596E1,1.012228455E3
3.693684690E1,1.012214600E3
3.695680394E1,1.012222351E3
3.697692967E1,1.012224731E3
3.699696971E1,1.012205078E3
3.701733885E1,1.012227295E3
3.703727562E1,1.012220276E3
3.705734178E1,1.012213867E3
3.707758836E1,1.012214050E3
3.709755980E1,1.012230408E3
3.711791062E1,1.012202454E3
3.713662767E1,1.012214478E3
3.715661912E1,1.012219238E3
3.717662522E1,1.012203064E3
3.719662571E1,1.012226501E3
3.721661448E1,1.012204224E3
3.723661741E1,1.012224609E3
3.725658909E1,1.012208740E3
3.727662547E1,1.012232727E3
3.729681834E1,1.012223999E3
3.731695115E1,1.012212891E3
3.733708812E1,1.012233398E3
3.735729124E1,1.012219299E3
3.737737474E1,1.012231873E3
3.739734617E1,1.012221985E3
3.741774617E1,1.012243591E3
3.743766184E1,1.012249390E3
3.745806184E1,1.012248352E3
3.747661546E1,1.012274963E3
3.749660350E1,1.012274536E3
3.751662474E1,1.012251770E3
3.753662547E1,1.012243713E3
3.755662522E1,1.012227661E3
3.757662449E1,1.012203369E3
3.759662010E1,1.012209839E3
3.761662474E1,1.012189697E3
3.763702474E1,1.012212158E3
3.765711399E1,1.012190552E3
3.767698265E1,1.012198975E3
3.769730394E1,1.012197632E3
3.771722532E1,1.012209106E3
3.773746922E1,1.012222351E3
3.775753611E1,1.012217651E3
3.777756810E1,1.012239258E3
3.779786155E1,1.012257751E3
3.781663157E1,1.012259094E3
3.783662474E1,1.012269287E3
3.785662474E1,1.012302979E3
3.787670042E1,1.012307251E3
3.789662376E1,1.012287659E3
3.791662498E1,1.012315247E3
3.793660618E1,1.012314941E3
3.795661229E1,1.012303894E3
3.797681150E1,1.012287598E3
3.799721150E1,1.012304688E3
3.801699900E1,1.012305420E3
3.803709837E1,1.012302307E3
3.805708567E1,1.012268738E3
3.807717991E1,1.012220520E3
3.809751561E1,1.012215088E3
3.811744505E1,1.012233154E3
3.813769432E1,1.012286255E3
3.815664231E1,1.012348694E3
3.817659739E1,1.012401917E3
3.819659495E1,1.012398621E3
3.821659935E1,1.012430420E3
3.823659666E1,1.012440002E3
3.825659471E1,1.012282898E3
3.827659007E1,1.012202271E3
3.829659642E1,1.012198547E3
3.831666209E1,1.012170166E3
3.833674949E1,1.012114624E3
3.835682444E1,1.012121277E3
3.837722444E1,1.012116333E3
3.839709471E1,1.012132202E3
3.841720604E1,1.012224915E3
3.843747483E1,1.012311096E3
3.845754564E1,1.012315247E3
3.847794564E1,1.012243225E3
3.849665647E1,1.012245667E3
3.851666478E1,1.012282654E3
3.853662474E1,1.012416382E3
3.855668186E1,1.012428284E3
3.857662425E1,1.012330627E3
3.859664329E1,1.012186829E3
3.861662474E1,1.012138916E3
3.863662449E1,1.012147034E3
3.865665501E1,1.012214172E3
3.867696800E1,1.012228821E3
3.869691184E1,1.012207642E3
3.871724534E1,1.012246338E3
3.873716551E1,1.012301514E3
3.875723191E1,1.012348938E3
3.877757298E1,1.012390320E3
3.879748875E1,1.012239990E3
3.881778514E1,1.012175842E3
3.883673533E1,1.012160339E3
3.885664964E1,1.012194153E3
3.887662571E1,1.012247375E3
3.889662522E1,1.012414795E3
3.891662547E1,1.012526733E3
3.893660081E1,1.012655945E3
3.895672752E1,1.012751770E3
3.897662547E1,1.012826050E3
3.899670652E1,1.012894226E3
3.901683763E1,1.012855469E3
3.903688914E1,1.012817383E3
3.905728914E1,1.012819885E3
3.907718992E1,1.012767578E3
3.909729686E1,1.012708008E3
3.911751756E1,1.012684021E3
3.913754612E1,1.012693848E3
3.915781980E1,1.012739929E3
3.917665672E1,1.012672607E3
3.919664915E1,1.012695190E3
3.921662522E1,1.012672974E3
3.923662474E1,1.012608215E3
3.925659031E1,1.012604248E3
3.927660130E1,1.012585999E3
3.929662522E1,1.012526001E3
3.931662474E1,1.012507812E3
3.933671287E1,1.012517334E3
3.935678929E1,1.012458679E3
3.937692772E1,1.012419128E3
3.939721141E1,1.012361511E3
3.941745555E1,1.012349670E3
3.943728367E1,1.012331421E3
3.945768367E1,1.012353760E3
3.947753514E1,1.012408997E3
3.949781126E1,1.012433044E3
3.951665696E1,1.012460327E3
3.953664866E1,1.012449646E3
3.955662498E1,1.012464722E3
3.957663743E1,1.012463989E3
3.959662547E1,1.012442017E3
3.961662449E1,1.012478699E3
3.963661424E1,1.012454102E3
3.965673899E1,1.012442261E3
3.967667796E1,1.012439209E3
3.969688719E1,1.012374451E3
3.971692356E1,1.012369995E3
3.973729881E1,1.012354004E3
3.975721263E1,1.012372375E3
3.977730833E1,1.012361145E3
3.979759495E1,1.012345398E3
3.981759812E1,1.012336975E3
3.983782689E1,1.012343201E3
3.985665721E1,1.012319458E3
3.987663182E1,1.012297302E3
3.989662498E1,1.012302185E3
3.991697068E1,1.012325562E3
3.993662498E1,1.012314148E3
3.995673216E1,1.012305237E3
3.997698826E1,1.012267029E3
3.999708518E1,1.012229675E3
4.001664720E1,1.012255432E3
4.003686741E1,1.012266235E3
4.005687205E1,1.012254700E3
4.007716063E1,1.012239624E3
4.009713304E1,1.012233398E3
4.011719969E1,1.012227112E3
4.013750315E1,1.012225769E3
4.015780369E1,1.012224609E3
4.017779759E1,1.012254883E3
4.019667698E1,1.012233765E3
4.021663230E1,1.012211548E3
4.023662522E1,1.012213623E3
4.025662620E1,1.012216125E3
4.027662522E1,1.012230774E3
4.029660130E1,1.012226257E3
4.031662449E1,1.012239441E3
4.033662498E1,1.012249695E3
4.035671849E1,1.012228088E3
4.037681639E1,1.012245972E3
4.039686912E1,1.012242920E3
4.041715647E1,1.012245972E3
4.043709886E1,1.012228821E3
4.045722947E1,1.012311951E3
4.047762947E1,1.012376221E3
4.049757640E1,1.012384216E3
4.051771580E1,1.012369446E3
4.053792747E1,1.012335876E3
4.055679026E1,1.012245544E3
4.057661302E1,1.012203064E3
4.059662547E1,1.012193787E3
