"Time (s)","Temperature (Â°C)"
4.640305500E-2,3.092968750E1
6.429630500E-2,3.093750000E1
8.219016500E-2,3.092968750E1
1.000751140E-1,3.095312500E1
1.179784950E-1,3.092968750E1
1.358722940E-1,3.096093750E1
1.537660320E-1,3.094531250E1
1.716603190E-1,3.097656250E1
1.895538130E-1,3.094531250E1
2.074511520E-1,3.095312500E1
2.253422650E-1,3.094531250E1
2.432363080E-1,3.093750000E1
2.611302900E-1,3.092968750E1
2.790121260E-1,3.096093750E1
2.969212450E-1,3.095312500E1
3.148105270E-1,3.096875000E1
3.327062170E-1,3.095312500E1
3.506002600E-1,3.094531250E1
3.684942420E-1,3.094531250E1
3.863881020E-1,3.093750000E1
4.042681680E-1,3.095312500E1
4.221763710E-1,3.093750000E1
4.400585120E-1,3.094531250E1
4.579613440E-1,3.092968750E1
4.758583170E-1,3.093750000E1
4.937523600E-1,3.092968750E1
5.116344400E-1,3.093750000E1
5.295405070E-1,3.093750000E1
5.474343060E-1,3.093750000E1
5.653284710E-1,3.094531250E1
5.832223920E-1,3.094531250E1
6.011164350E-1,3.094531250E1
6.190023610E-1,3.094531250E1
6.369043380E-1,3.093750000E1
6.547985030E-1,3.092968750E1
6.726910190E-1,3.095312500E1
6.905863440E-1,3.093750000E1
7.084836230E-1,3.092968750E1
7.263758950E-1,3.095312500E1
7.442684730E-1,3.092968750E1
7.621625160E-1,3.096875000E1
7.800443520E-1,3.096875000E1
7.979481610E-1,3.095312500E1
8.158444010E-1,3.093750000E1
8.337385050E-1,3.094531250E1
8.516324870E-1,3.094531250E1
8.695265300E-1,3.092968750E1
8.874086100E-1,3.092578125E1
9.053146770E-1,3.093359375E1
9.231967570E-1,3.092968750E1
9.411025190E-1,3.099609375E1
9.589850260E-1,3.096093750E1
9.768937790E-1,3.098437500E1
9.947846480E-1,3.097656250E1
1.012678691E0,3.094531250E1
1.030572673E0,3.092968750E1
1.048466655E0,3.095312500E1
1.066360820E0,3.096875000E1
1.084254801E0,3.093750000E1
1.102148844E0,3.095312500E1
1.120042277E0,3.092968750E1
1.137938456E0,3.095312500E1
1.155818949E0,3.096875000E1
1.173728923E0,3.096875000E1
1.191618815E0,3.097656250E1
1.209512980E0,3.096875000E1
1.227406901E0,3.098437500E1
1.245300761E0,3.098437500E1
1.263183024E0,3.098437500E1
1.281088481E0,3.096093750E1
1.298972148E0,3.095312500E1
1.316880168E0,3.101171875E1
1.334771159E0,3.095312500E1
1.352665019E0,3.098437500E1
1.370562175E0,3.097656250E1
1.388452983E0,3.097656250E1
1.406345866E0,3.097656250E1
1.424241130E0,3.097656250E1
1.442135173E0,3.098437500E1
1.460039286E0,3.096875000E1
1.477920330E0,3.099609375E1
1.495820841E0,3.094531250E1
1.513711283E0,3.095312500E1
1.531605387E0,3.095312500E1
1.549499491E0,3.094531250E1
1.567393473E0,3.101171875E1
1.585290568E0,3.097656250E1
1.603184367E0,3.099609375E1
1.621075419E0,3.096093750E1
1.638964274E0,3.100390625E1
1.656866130E0,3.101171875E1
1.674757548E0,3.096093750E1
1.692651591E0,3.097656250E1
1.710545329E0,3.097656250E1
1.728443522E0,3.099609375E1
1.746333659E0,3.101171875E1
1.764222575E0,3.096875000E1
1.782121684E0,3.096875000E1
1.800009501E0,3.097656250E1
1.817906901E0,3.099609375E1
1.835803935E0,3.100390625E1
1.853697978E0,3.095312500E1
1.871591960E0,3.100390625E1
1.889485820E0,3.101953125E1
1.907380107E0,3.096093750E1
1.925274089E0,3.102734375E1
1.943168132E0,3.096875000E1
1.961062175E0,3.101953125E1
1.978946818E0,3.099609375E1
1.996850199E0,3.097656250E1
2.014743449E0,3.096875000E1
2.032638102E0,3.101953125E1
2.050532206E0,3.100390625E1
2.068426432E0,3.101171875E1
2.086320536E0,3.098437500E1
2.104214823E0,3.098437500E1
2.122108561E0,3.101171875E1
2.139988016E0,3.104296875E1
2.157896586E0,3.099609375E1
2.175790690E0,3.101171875E1
2.193684733E0,3.100390625E1
2.211578532E0,3.101171875E1
2.229472941E0,3.102734375E1
2.247370097E0,3.103515625E1
2.265260966E0,3.097656250E1
2.283155253E0,3.102734375E1
2.301046366E0,3.101953125E1
2.318933940E0,3.104296875E1
2.336840617E0,3.099609375E1
2.354731486E0,3.101171875E1
2.372625224E0,3.105468750E1
2.390519206E0,3.101562500E1
2.408413554E0,3.101171875E1
2.426292338E0,3.101953125E1
2.444201579E0,3.105468750E1
2.462095622E0,3.102343750E1
2.479989970E0,3.104296875E1
2.497880717E0,3.102734375E1
2.515765544E0,3.107812500E1
2.533672038E0,3.100000000E1
2.551554728E0,3.104296875E1
2.569460185E0,3.103515625E1
2.587354167E0,3.105468750E1
2.605245098E0,3.101562500E1
2.623142253E0,3.105078125E1
2.641024455E0,3.108593750E1
2.658921367E0,3.105468750E1
2.676827434E0,3.104296875E1
2.694718486E0,3.103515625E1
2.712612467E0,3.105468750E1
2.730506571E0,3.103125000E1
2.748400614E0,3.103515625E1
2.766294596E0,3.102734375E1
2.784184916E0,3.104296875E1
2.802082743E0,3.105078125E1
2.819979960E0,3.102734375E1
2.837870707E0,3.110156250E1
2.855765116E0,3.106640625E1
2.873659342E0,3.103906250E1
2.891553141E0,3.105468750E1
2.909428263E0,3.103906250E1
2.927341288E0,3.107031250E1
2.945235270E0,3.109765625E1
2.963129557E0,3.105859375E1
2.981023661E0,3.106640625E1
2.998907267E0,3.107421875E1
3.016814433E0,3.105859375E1
3.034705729E0,3.106640625E1
3.052599772E0,3.105468750E1
3.070479228E0,3.105078125E1
3.088388041E0,3.108593750E1
3.106267557E0,3.108203125E1
3.124176005E0,3.103906250E1
3.142070536E0,3.106250000E1
3.159964518E0,3.106640625E1
3.177858683E0,3.108984375E1
3.195752421E0,3.110546875E1
3.213646647E0,3.107421875E1
3.231540751E0,3.106640625E1
3.249438090E0,3.107421875E1
3.267329081E0,3.107421875E1
3.285222819E0,3.112500000E1
3.303117228E0,3.108203125E1
3.321010966E0,3.110546875E1
3.338900981E0,3.108203125E1
3.356799479E0,3.109765625E1
3.374696513E0,3.106640625E1
3.392587382E0,3.106640625E1
3.410481364E0,3.108203125E1
3.428375346E0,3.107421875E1
3.446269755E0,3.110546875E1
3.464163737E0,3.110546875E1
3.482057841E0,3.108984375E1
3.499951945E0,3.108984375E1
3.517843730E0,3.108203125E1
3.535739970E0,3.108984375E1
3.553634196E0,3.107421875E1
3.571527507E0,3.109765625E1
3.589422587E0,3.108203125E1
3.607304728E0,3.109765625E1
3.625210673E0,3.106640625E1
3.643107585E0,3.108203125E1
3.660984110E0,3.114062500E1
3.678881572E0,3.108203125E1
3.696791362E0,3.105859375E1
3.714683757E0,3.114062500E1
3.732575114E0,3.106640625E1
3.750469218E0,3.108984375E1
3.768363444E0,3.112500000E1
3.786257243E0,3.106640625E1
3.804151286E0,3.107421875E1
3.822045573E0,3.109765625E1
3.839939921E0,3.108984375E1
3.857830424E0,3.108984375E1
3.875727946E0,3.104687500E1
3.893621989E0,3.111718750E1
3.911516154E0,3.109765625E1
3.929410136E0,3.107421875E1
3.947304118E0,3.108203125E1
3.965198466E0,3.107421875E1
3.983092448E0,3.110546875E1
4.000988322E0,3.111328125E1
4.018868632E0,3.109765625E1
4.036774638E0,3.111328125E1
4.054668864E0,3.108984375E1
4.072563090E0,3.113281250E1
4.090456950E0,3.108984375E1
4.108351481E0,3.113281250E1
4.126245341E0,3.114062500E1
4.144142131E0,3.110546875E1
4.162014262E0,3.106640625E1
4.179927470E0,3.113281250E1
4.197808635E0,3.111328125E1
4.215715800E0,3.114062500E1
4.233609782E0,3.113281250E1
4.251503825E0,3.115625000E1
4.269398173E0,3.114062500E1
4.287295085E0,3.114843750E1
4.305186259E0,3.114062500E1
4.323080485E0,3.114062500E1
4.340974589E0,3.114843750E1
4.358856608E0,3.111328125E1
4.376751017E0,3.115625000E1
4.394644877E0,3.108984375E1
4.412539896E0,3.111328125E1
4.430444804E0,3.113281250E1
4.448327067E0,3.110546875E1
4.466233073E0,3.114062500E1
4.484127177E0,3.115625000E1
4.502021525E0,3.114062500E1
4.519915690E0,3.115625000E1
4.537810282E0,3.114843750E1
4.555703898E0,3.115625000E1
4.573585612E0,3.113281250E1
4.591491923E0,3.115625000E1
4.609388896E0,3.110546875E1
4.627280009E0,3.110546875E1
4.645174296E0,3.111328125E1
4.663068034E0,3.108984375E1
4.680962382E0,3.113281250E1
4.698852335E0,3.114843750E1
4.716748027E0,3.113281250E1
4.734644816E0,3.113281250E1
4.752538737E0,3.112500000E1
4.770432780E0,3.114843750E1
4.788326823E0,3.114843750E1
4.806221110E0,3.112500000E1
4.824112467E0,3.113281250E1
4.842009440E0,3.112500000E1
4.859903483E0,3.112500000E1
4.877798564E0,3.113281250E1
4.895691630E0,3.109765625E1
4.913588847E0,3.114062500E1
4.931479960E0,3.116406250E1
4.949374003E0,3.111328125E1
4.967268290E0,3.109765625E1
4.985162394E0,3.114062500E1
5.003056620E0,3.113281250E1
5.020954814E0,3.115625000E1
5.038832255E0,3.116406250E1
5.056733012E0,3.115625000E1
5.074633036E0,3.114062500E1
5.092526774E0,3.110546875E1
5.110424052E0,3.112500000E1
5.128315104E0,3.112500000E1
5.146209208E0,3.113281250E1
5.164103495E0,3.114843750E1
5.181986064E0,3.113281250E1
5.199891520E0,3.114843750E1
5.217781230E0,3.114062500E1
5.235679850E0,3.111328125E1
5.253573893E0,3.114062500E1
5.271468058E0,3.116406250E1
5.289362284E0,3.111328125E1
5.307256022E0,3.113281250E1
5.325150248E0,3.113281250E1
5.343043864E0,3.115625000E1
5.360938761E0,3.117968750E1
5.378817424E0,3.114843750E1
5.396725627E0,3.114843750E1
5.414621012E0,3.115625000E1
5.432515116E0,3.110546875E1
5.450408854E0,3.117187500E1
5.468303324E0,3.114843750E1
5.486197489E0,3.116406250E1
5.504091532E0,3.113281250E1
5.521985820E0,3.113281250E1
5.539879862E0,3.113281250E1
5.557773295E0,3.108984375E1
5.575668193E0,3.112500000E1
5.593562175E0,3.114843750E1
5.611456217E0,3.115625000E1
5.629349833E0,3.114062500E1
5.647244364E0,3.116406250E1
5.665138346E0,3.117187500E1
5.683031169E0,3.112500000E1
5.700923931E0,3.117187500E1
5.718819621E0,3.114843750E1
5.736712322E0,3.116406250E1
5.754609111E0,3.112500000E1
5.772503092E0,3.112500000E1
5.790397196E0,3.114843750E1
5.808291606E0,3.111328125E1
5.826185771E0,3.114062500E1
5.844073649E0,3.112500000E1
5.861973857E0,3.114062500E1
5.879867900E0,3.114843750E1
5.897762187E0,3.113281250E1
5.915656230E0,3.114062500E1
5.933550517E0,3.114062500E1
5.951444743E0,3.117187500E1
5.969338603E0,3.111328125E1
5.987232646E0,3.115625000E1
6.005126872E0,3.115625000E1
6.023020976E0,3.117187500E1
6.040915202E0,3.113281250E1
6.058813701E0,3.114843750E1
6.076700297E0,3.114843750E1
6.094597819E0,3.113281250E1
6.112491374E0,3.114062500E1
6.130374247E0,3.117968750E1
6.148279704E0,3.113281250E1
6.166174052E0,3.115625000E1
6.184057536E0,3.117187500E1
6.201946940E0,3.115625000E1
6.219856425E0,3.113281250E1
6.237750468E0,3.117968750E1
6.255644511E0,3.110546875E1
6.273527690E0,3.116406250E1
6.291433024E0,3.114843750E1
6.309315837E0,3.115625000E1
6.327221110E0,3.112500000E1
6.345115153E0,3.115625000E1
6.363009318E0,3.114843750E1
6.380903544E0,3.108203125E1
6.398796611E0,3.117968750E1
6.416688883E0,3.114062500E1
6.434585917E0,3.117968750E1
6.452479899E0,3.117187500E1
6.470373942E0,3.117968750E1
6.488268229E0,3.117187500E1
6.506162272E0,3.115625000E1
6.524056376E0,3.116406250E1
6.541953410E0,3.117968750E1
6.559845011E0,3.117968750E1
6.577738810E0,3.117187500E1
6.595633036E0,3.117968750E1
6.613527079E0,3.114062500E1
6.631412517E0,3.114843750E1
6.649315165E0,3.116406250E1
6.667209452E0,3.119140625E1
6.685103434E0,3.115234375E1
6.702985575E0,3.112500000E1
6.720880107E0,3.114843750E1
6.738771708E0,3.117187500E1
6.756677165E0,3.116406250E1
6.774574259E0,3.115625000E1
6.792468241E0,3.117187500E1
6.810362284E0,3.115625000E1
6.828256205E0,3.116406250E1
6.846150614E0,3.119140625E1
6.864041851E0,3.116796875E1
6.881939189E0,3.117187500E1
6.899833293E0,3.116406250E1
6.917727336E0,3.114062500E1
6.935618022E0,3.118359375E1
6.953515605E0,3.116796875E1
6.971409831E0,3.117187500E1
6.989303691E0,3.117187500E1
7.007201030E0,3.112500000E1
7.025094951E0,3.115625000E1
7.042986308E0,3.117968750E1
7.060880351E0,3.115625000E1
7.078769939E0,3.117187500E1
7.096665690E0,3.113281250E1
7.114565715E0,3.114843750E1
7.132456767E0,3.114843750E1
7.150350810E0,3.114843750E1
7.168245097E0,3.117187500E1
7.186139140E0,3.117968750E1
7.204033366E0,3.116406250E1
7.221915202E0,3.117968750E1
7.239818827E0,3.116406250E1
7.257715800E0,3.116406250E1
7.275609843E0,3.114062500E1
7.293506816E0,3.117968750E1
7.311398356E0,3.116406250E1
7.329292216E0,3.117187500E1
7.347186442E0,3.119921875E1
7.365064555E0,3.119531250E1
7.382974833E0,3.118750000E1
7.400868815E0,3.118750000E1
7.418749187E0,3.112890625E1
7.436654276E0,3.114062500E1
7.454539469E0,3.117968750E1
7.472444071E0,3.118359375E1
7.490339518E0,3.116015625E1
7.508233561E0,3.114843750E1
7.526127665E0,3.114843750E1
7.544021647E0,3.117968750E1
7.561915995E0,3.117187500E1
7.579810282E0,3.118359375E1
7.597692546E0,3.117968750E1
7.615588176E0,3.117968750E1
7.633480937E0,3.118750000E1
7.651375590E0,3.117578125E1
7.669280986E0,3.117187500E1
7.687175944E0,3.119140625E1
7.705072307E0,3.116796875E1
7.722963359E0,3.119140625E1
7.740845439E0,3.116015625E1
7.758753643E0,3.119140625E1
7.776642435E0,3.116796875E1
7.794539836E0,3.117968750E1
7.812433757E0,3.115625000E1
7.830330486E0,3.118359375E1
7.848222026E0,3.117578125E1
7.866108744E0,3.118359375E1
7.884010478E0,3.117968750E1
7.901904521E0,3.117968750E1
7.919798869E0,3.118750000E1
7.937692851E0,3.117968750E1
7.955587077E0,3.117968750E1
7.973481181E0,3.117578125E1
7.991375224E0,3.117968750E1
8.009269755E0,3.117187500E1
8.027163798E0,3.117187500E1
8.045057841E0,3.118359375E1
8.062951884E0,3.117968750E1
8.080846843E0,3.117968750E1
8.098740153E0,3.117968750E1
8.116633159E0,3.117968750E1
8.134513773E0,3.117968750E1
8.152422282E0,3.117578125E1
8.170316569E0,3.117187500E1
8.188207987E0,3.116406250E1
8.206105021E0,3.119140625E1
8.223999247E0,3.114453125E1
8.241893229E0,3.116406250E1
8.259776164E0,3.117187500E1
8.277681620E0,3.118359375E1
8.295575663E0,3.120312500E1
8.313469889E0,3.119531250E1
8.331364237E0,3.117968750E1
8.349257975E0,3.117968750E1
8.367152018E0,3.116015625E1
8.385046611E0,3.115625000E1
8.402940287E0,3.117968750E1
8.420834696E0,3.116406250E1
8.438728739E0,3.117187500E1
8.456618877E0,3.117187500E1
8.474517314E0,3.117968750E1
8.492411357E0,3.116406250E1
8.510305155E0,3.117968750E1
8.528196697E0,3.118359375E1
8.546093425E0,3.119531250E1
8.563987773E0,3.120312500E1
8.581882060E0,3.117578125E1
8.599776164E0,3.117968750E1
8.617656413E0,3.117187500E1
8.635552470E0,3.117968750E1
8.653458659E0,3.117968750E1
8.671352702E0,3.118359375E1
8.689246867E0,3.117968750E1
8.707141032E0,3.117578125E1
8.725035197E0,3.116406250E1
8.742929423E0,3.116406250E1
8.760823527E0,3.117187500E1
8.778717692E0,3.116406250E1
8.796608439E0,3.117968750E1
8.814505900E0,3.117968750E1
8.832399882E0,3.117187500E1
8.850293925E0,3.119140625E1
8.868188090E0,3.117578125E1
8.886082438E0,3.119140625E1
8.903976481E0,3.115234375E1
8.921870829E0,3.117968750E1
8.939764811E0,3.118359375E1
8.957658915E0,3.121093750E1
8.975553080E0,3.117578125E1
8.993444193E0,3.117968750E1
9.011344279E0,3.118359375E1
9.029235820E0,3.118750000E1
9.047129862E0,3.117968750E1
9.065014811E0,3.119531250E1
9.082917948E0,3.116796875E1
9.100812114E0,3.117187500E1
9.118706217E0,3.117187500E1
9.136601116E0,3.116406250E1
9.154494670E0,3.119921875E1
9.172388652E0,3.118750000E1
9.190282939E0,3.117968750E1
9.208179790E0,3.121093750E1
9.226071269E0,3.117968750E1
9.243965312E0,3.117968750E1
9.261859599E0,3.117968750E1
9.279753581E0,3.115234375E1
9.297647746E0,3.118359375E1
9.315541728E0,3.121093750E1
9.333436320E0,3.116015625E1
9.351327189E0,3.119140625E1
9.369224406E0,3.119531250E1
9.387118632E0,3.120312500E1
9.405016459E0,3.118750000E1
9.422906718E0,3.117578125E1
9.440801310E0,3.117187500E1
9.458695048E0,3.119140625E1
9.476586039E0,3.116796875E1
9.494483317E0,3.119921875E1
9.512377665E0,3.121093750E1
9.530271464E0,3.118750000E1
9.548165934E0,3.117968750E1
9.566044962E0,3.120312500E1
9.583954325E0,3.117968750E1
9.601845134E0,3.119531250E1
9.619742716E0,3.120312500E1
9.637639628E0,3.120312500E1
9.655530741E0,3.119531250E1
9.673424967E0,3.122656250E1
9.691319010E0,3.119531250E1
9.709213175E0,3.121093750E1
9.727107402E0,3.118750000E1
9.745001445E0,3.118750000E1
9.762895671E0,3.121093750E1
9.780790019E0,3.120312500E1
9.798684062E0,3.118750000E1
9.816578777E0,3.120312500E1
9.834472331E0,3.117968750E1
9.852366618E0,3.118750000E1
9.870266764E0,3.120312500E1
9.888154765E0,3.117578125E1
9.906050029E0,3.119140625E1
9.923943034E0,3.118750000E1
9.941840007E0,3.123437500E1
9.959720134E0,3.118750000E1
9.977611674E0,3.118750000E1
9.995519511E0,3.120312500E1
1.001341374E1,3.121875000E1
1.003130802E1,3.120312500E1
1.004920213E1,3.117968750E1
1.006709617E1,3.117968750E1
1.008499040E1,3.117968750E1
1.010287004E1,3.121875000E1
1.012077854E1,3.117578125E1
1.013867576E1,3.118359375E1
1.015656224E1,3.117968750E1
1.017446116E1,3.121875000E1
1.019235807E1,3.119531250E1
1.021023374E1,3.117578125E1
1.022814122E1,3.119921875E1
1.024603782E1,3.123437500E1
1.026393180E1,3.118750000E1
1.028182609E1,3.117968750E1
1.029972020E1,3.121875000E1
1.031761448E1,3.118750000E1
1.033550852E1,3.117968750E1
1.035340251E1,3.118750000E1
1.037129704E1,3.117968750E1
1.038919120E1,3.122656250E1
1.040708519E1,3.121875000E1
1.042497947E1,3.118750000E1
1.044287382E1,3.122656250E1
1.046076756E1,3.121093750E1
1.047866160E1,3.121093750E1
1.049655369E1,3.120312500E1
1.051444920E1,3.121875000E1
1.053234416E1,3.119531250E1
1.055022648E1,3.122656250E1
1.056813420E1,3.120312500E1
1.058602684E1,3.121093750E1
1.060390592E1,3.120312500E1
1.062181205E1,3.121875000E1
1.063970652E1,3.119531250E1
1.065760350E1,3.122656250E1
1.067549748E1,3.117968750E1
1.069339158E1,3.120312500E1
1.071127384E1,3.121093750E1
1.072916490E1,3.119531250E1
1.074707414E1,3.119531250E1
1.076496836E1,3.121875000E1
1.078286253E1,3.122656250E1
1.080075688E1,3.121875000E1
1.081865086E1,3.119531250E1
1.083653276E1,3.121875000E1
1.085442948E1,3.119531250E1
1.087232145E1,3.121093750E1
1.089021641E1,3.120312500E1
1.090812425E1,3.120312500E1
1.092601585E1,3.121093750E1
1.094391008E1,3.121875000E1
1.096180418E1,3.121093750E1
1.097970286E1,3.122656250E1
1.099759220E1,3.119531250E1
1.101548625E1,3.122656250E1
1.103338078E1,3.121875000E1
1.105127488E1,3.118750000E1
1.106917192E1,3.119531250E1
1.108706315E1,3.121093750E1
1.110494889E1,3.122656250E1
1.112285124E1,3.117968750E1
1.114074546E1,3.121875000E1
1.115863102E1,3.121875000E1
1.117653294E1,3.121093750E1
1.119442820E1,3.119531250E1
1.121232225E1,3.122656250E1
1.123020530E1,3.121093750E1
1.124811058E1,3.119531250E1
1.126599259E1,3.125390625E1
1.128389915E1,3.118750000E1
1.130179313E1,3.119531250E1
1.131968730E1,3.120312500E1
1.133758122E1,3.122656250E1
1.135547557E1,3.121093750E1
1.137336955E1,3.121093750E1
1.139126384E1,3.119531250E1
1.140915818E1,3.119531250E1
1.142705510E1,3.125390625E1
1.144494657E1,3.119531250E1
1.146284459E1,3.121093750E1
1.148073460E1,3.121093750E1
1.149861241E1,3.121093750E1
1.151652287E1,3.120312500E1
1.153441722E1,3.121875000E1
1.155231382E1,3.118750000E1
1.157019401E1,3.121875000E1
1.158809965E1,3.122656250E1
1.160599681E1,3.121875000E1
1.162387541E1,3.117968750E1
1.164178208E1,3.121093750E1
1.165967649E1,3.120312500E1
1.167757054E1,3.122656250E1
1.169546458E1,3.121093750E1
1.171335893E1,3.122656250E1
1.173125309E1,3.121093750E1
1.174913896E1,3.119531250E1
1.176704417E1,3.121093750E1
1.178493553E1,3.121875000E1
1.180282951E1,3.121875000E1
1.182072386E1,3.119531250E1
1.183861808E1,3.121875000E1
1.185651206E1,3.124218750E1
1.187440324E1,3.120312500E1
1.189230046E1,3.121875000E1
1.191018302E1,3.121093750E1
1.192808879E1,3.121875000E1
1.194598313E1,3.122656250E1
1.196387718E1,3.122656250E1
1.198177171E1,3.120312500E1
1.199966557E1,3.122656250E1
1.201755979E1,3.125390625E1
1.203545414E1,3.117968750E1
1.205334788E1,3.119531250E1
1.207124235E1,3.121093750E1
1.208913621E1,3.121875000E1
1.210703318E1,3.121093750E1
1.212491008E1,3.121093750E1
1.214281883E1,3.124218750E1
1.216071159E1,3.120312500E1
1.217860716E1,3.122656250E1
1.219650144E1,3.120312500E1
1.221439811E1,3.120312500E1
1.223227494E1,3.118750000E1
1.225017179E1,3.124218750E1
1.226807810E1,3.120312500E1
1.228596922E1,3.122656250E1
1.230386644E1,3.120312500E1
1.232176048E1,3.126171875E1
1.233965476E1,3.122656250E1
1.235754856E1,3.126171875E1
1.237543058E1,3.120312500E1
1.239333708E1,3.126953125E1
1.241123136E1,3.121875000E1
1.242912571E1,3.120312500E1
1.244702275E1,3.122656250E1
1.246491404E1,3.119531250E1
1.248280802E1,3.124218750E1
1.250069023E1,3.119531250E1
1.251859635E1,3.119531250E1
1.253649070E1,3.119531250E1
1.255438468E1,3.124218750E1
1.257227885E1,3.121875000E1
1.259017082E1,3.122656250E1
1.260806987E1,3.123437500E1
1.262594969E1,3.122656250E1
1.264385240E1,3.128515625E1
1.266174968E1,3.123437500E1
1.267964402E1,3.124218750E1
1.269753807E1,3.123437500E1
1.271543241E1,3.123437500E1
1.273332634E1,3.121875000E1
1.275122093E1,3.120312500E1
1.276910496E1,3.120312500E1
1.278701200E1,3.124218750E1
1.280490324E1,3.122656250E1
1.282279728E1,3.121875000E1
1.284068064E1,3.125390625E1
1.285858238E1,3.121093750E1
1.287647972E1,3.124218750E1
1.289436180E1,3.124218750E1
1.291226805E1,3.125390625E1
1.293015202E1,3.125390625E1
1.294805662E1,3.121093750E1
1.296595072E1,3.122656250E1
1.298384501E1,3.123437500E1
1.300173899E1,3.121093750E1
1.301963304E1,3.120312500E1
1.303752732E1,3.121875000E1
1.305542161E1,3.126953125E1
1.307331584E1,3.124218750E1
1.309120957E1,3.124218750E1
1.310907249E1,3.120312500E1
1.312700102E1,3.124218750E1
1.314489256E1,3.121875000E1
1.316278654E1,3.119531250E1
1.318068089E1,3.124218750E1
1.319857493E1,3.121093750E1
1.321646928E1,3.122656250E1
1.323436351E1,3.125390625E1
1.325224565E1,3.121875000E1
1.327013975E1,3.123437500E1
1.328803404E1,3.120312500E1
1.330594010E1,3.124218750E1
1.332383415E1,3.125390625E1
1.334172843E1,3.126171875E1
1.335962260E1,3.123437500E1
1.337751658E1,3.125390625E1
1.339541105E1,3.122656250E1
1.341330491E1,3.122656250E1
1.343119938E1,3.122656250E1
1.344909062E1,3.125390625E1
1.346699070E1,3.123437500E1
1.348488176E1,3.125390625E1
1.350277610E1,3.122656250E1
1.352065849E1,3.123437500E1
1.353855021E1,3.124218750E1
1.355645848E1,3.126171875E1
1.357434971E1,3.126171875E1
1.359223216E1,3.123437500E1
1.361012907E1,3.121093750E1
1.362802342E1,3.126953125E1
1.364591874E1,3.126171875E1
1.366381181E1,3.126953125E1
1.368170707E1,3.124218750E1
1.369960050E1,3.126171875E1
1.371749534E1,3.127734375E1
1.373538896E1,3.125390625E1
1.375329704E1,3.121875000E1
1.377118864E1,3.123437500E1
1.378908280E1,3.125390625E1
1.380697996E1,3.120312500E1
1.382487126E1,3.124218750E1
1.384276536E1,3.126171875E1
1.386065965E1,3.121093750E1
1.387855589E1,3.124218750E1
1.389644792E1,3.124218750E1
1.391434251E1,3.121875000E1
1.393222428E1,3.122656250E1
1.395011918E1,3.124218750E1
1.396802201E1,3.129296875E1
1.398591892E1,3.125390625E1
1.400381321E1,3.123437500E1
1.402170695E1,3.126171875E1
1.403958934E1,3.123437500E1
1.405749565E1,3.123437500E1
1.407538011E1,3.119531250E1
1.409326957E1,3.126953125E1
1.411117838E1,3.126953125E1
1.412907511E1,3.124218750E1
1.414696940E1,3.124218750E1
1.416486375E1,3.124218750E1
1.418275480E1,3.123437500E1
1.420064848E1,3.124218750E1
1.421854344E1,3.127734375E1
1.423643766E1,3.120312500E1
1.425433146E1,3.128515625E1
1.427221684E1,3.126171875E1
1.429011039E1,3.130078125E1
1.430801145E1,3.126171875E1
1.432590519E1,3.126171875E1
1.434380271E1,3.124218750E1
1.436169670E1,3.128515625E1
1.437959111E1,3.125390625E1
1.439747068E1,3.126171875E1
1.441536784E1,3.124218750E1
1.443326170E1,3.126953125E1
1.445116819E1,3.128515625E1
1.446905223E1,3.121875000E1
1.448694743E1,3.131250000E1
1.450483836E1,3.124609375E1
1.452273765E1,3.129296875E1
1.454062437E1,3.125390625E1
1.455852433E1,3.130468750E1
1.457641746E1,3.128906250E1
1.459430937E1,3.126171875E1
1.461220158E1,3.126953125E1
1.463009751E1,3.130078125E1
1.464799790E1,3.125390625E1
1.466588951E1,3.128515625E1
1.468378007E1,3.123437500E1
1.470167424E1,3.125390625E1
1.471957054E1,3.126953125E1
1.473746952E1,3.126953125E1
1.475535960E1,3.133593750E1
1.477325242E1,3.128125000E1
1.479114732E1,3.126171875E1
1.480903990E1,3.126171875E1
1.482694877E1,3.126953125E1
1.484483982E1,3.126953125E1
1.486273405E1,3.126953125E1
1.488062840E1,3.127734375E1
1.489852244E1,3.126953125E1
1.491641673E1,3.122656250E1
1.493431102E1,3.126171875E1
1.495220018E1,3.126953125E1
1.497009587E1,3.128515625E1
1.498799040E1,3.126171875E1
1.500588768E1,3.126953125E1
1.502378196E1,3.131250000E1
1.504167771E1,3.130859375E1
1.505957029E1,3.129687500E1
1.507746464E1,3.131250000E1
1.509535887E1,3.131640625E1
1.511324961E1,3.130468750E1
1.513114720E1,3.127734375E1
1.514904118E1,3.130078125E1
1.516693815E1,3.130078125E1
1.518482957E1,3.127734375E1
1.520271202E1,3.130468750E1
1.522061821E1,3.126562500E1
1.523850914E1,3.126171875E1
1.525640641E1,3.124218750E1
1.527430070E1,3.128515625E1
1.529217948E1,3.125390625E1
1.531007554E1,3.122656250E1
1.532798045E1,3.125390625E1
1.534587736E1,3.128515625E1
1.536377146E1,3.128515625E1
1.538166593E1,3.129296875E1
1.539956004E1,3.132812500E1
1.541745426E1,3.126562500E1
1.543534843E1,3.127734375E1
1.545324259E1,3.126171875E1
1.547113377E1,3.126171875E1
1.548903099E1,3.125390625E1
1.550692814E1,3.122656250E1
1.552482225E1,3.127734375E1
1.554271336E1,3.127734375E1
1.556060789E1,3.127734375E1
1.557850193E1,3.125390625E1
1.559640342E1,3.130078125E1
1.561429051E1,3.126953125E1
1.563217936E1,3.128515625E1
1.565007518E1,3.135937500E1
1.566797001E1,3.130468750E1
1.568586692E1,3.131250000E1
1.570376145E1,3.128125000E1
1.572165544E1,3.130078125E1
1.573954978E1,3.126171875E1
1.575744401E1,3.126171875E1
1.577533811E1,3.130078125E1
1.579323234E1,3.129296875E1
1.581112669E1,3.130078125E1
1.582902073E1,3.130078125E1
1.584691789E1,3.129296875E1
1.586480906E1,3.130078125E1
1.588270335E1,3.130468750E1
1.590059764E1,3.128125000E1
1.591849192E1,3.130468750E1
1.593638761E1,3.127343750E1
1.595428025E1,3.130468750E1
1.597217454E1,3.133203125E1
1.599005906E1,3.128125000E1
1.600795994E1,3.127734375E1
1.602585722E1,3.125390625E1
1.604375096E1,3.126953125E1
1.606164848E1,3.130078125E1
1.607953959E1,3.127734375E1
1.609743681E1,3.125390625E1
1.611532518E1,3.130078125E1
1.613322233E1,3.125390625E1
1.615111637E1,3.123437500E1
1.616901072E1,3.124218750E1
1.618690770E1,3.132031250E1
1.620479875E1,3.128906250E1
1.622269303E1,3.126953125E1
1.624058763E1,3.128515625E1
1.625848179E1,3.132812500E1
1.627637596E1,3.128125000E1
1.629427024E1,3.125390625E1
1.631216429E1,3.126953125E1
1.633004624E1,3.127734375E1
1.634793717E1,3.132031250E1
1.636584690E1,3.130859375E1
1.638374113E1,3.128125000E1
1.640163517E1,3.123437500E1
1.641952952E1,3.128515625E1
1.643742686E1,3.127734375E1
1.645531810E1,3.127734375E1
1.647321196E1,3.130078125E1
1.649110649E1,3.127734375E1
1.650900047E1,3.126171875E1
1.652689768E1,3.128515625E1
1.654478880E1,3.130468750E1
1.656268315E1,3.124609375E1
1.658057762E1,3.130078125E1
1.659847135E1,3.124218750E1
1.661635106E1,3.130078125E1
1.663425999E1,3.129296875E1
1.665215422E1,3.125390625E1
1.667003947E1,3.131250000E1
1.668793089E1,3.128125000E1
1.670582572E1,3.130468750E1
1.672372117E1,3.130859375E1
1.674161576E1,3.129687500E1
1.675950779E1,3.131250000E1
1.677740245E1,3.131640625E1
1.679529045E1,3.131640625E1
1.681319096E1,3.132421875E1
1.683108586E1,3.126562500E1
1.684898307E1,3.128515625E1
1.686688615E1,3.129296875E1
1.688476646E1,3.126953125E1
1.690266233E1,3.127734375E1
1.692056474E1,3.132031250E1
1.693846140E1,3.128125000E1
1.695635594E1,3.132031250E1
1.697424992E1,3.129687500E1
1.699214396E1,3.127734375E1
1.701003929E1,3.127734375E1
1.702792967E1,3.125390625E1
1.704582389E1,3.131250000E1
1.706372117E1,3.129687500E1
1.708161644E1,3.130078125E1
1.709950950E1,3.128515625E1
1.711740354E1,3.126171875E1
1.713529814E1,3.129296875E1
1.715319218E1,3.121093750E1
1.717108616E1,3.125390625E1
1.718898045E1,3.130078125E1
1.720687767E1,3.132031250E1
1.722476908E1,3.130468750E1
1.724266398E1,3.126953125E1
1.726055735E1,3.131250000E1
1.727845134E1,3.130468750E1
1.729634568E1,3.127734375E1
1.731424015E1,3.130078125E1
1.733213426E1,3.130468750E1
1.735003929E1,3.128125000E1
1.736791960E1,3.132812500E1
1.738581687E1,3.129687500E1
1.740371067E1,3.127734375E1
1.742160520E1,3.130468750E1
1.743949870E1,3.130468750E1
1.745739378E1,3.128515625E1
1.747528782E1,3.128515625E1
1.749318217E1,3.132812500E1
1.751107316E1,3.129687500E1
1.752897038E1,3.131250000E1
1.754686772E1,3.129687500E1
1.756475895E1,3.130078125E1
1.758264988E1,3.128515625E1
1.760054734E1,3.132031250E1
1.761844157E1,3.129687500E1
1.763633567E1,3.128515625E1
1.765422996E1,3.126171875E1
1.767212303E1,3.130468750E1
1.769001225E1,3.126562500E1
1.770790959E1,3.130468750E1
1.772580607E1,3.130468750E1
1.774370091E1,3.127734375E1
1.776159489E1,3.129296875E1
1.777948948E1,3.128515625E1
1.779738078E1,3.126953125E1
1.781527806E1,3.130468750E1
1.783317240E1,3.129687500E1
1.785106761E1,3.126953125E1
1.786896067E1,3.132812500E1
1.788685795E1,3.126562500E1
1.790474870E1,3.135156250E1
1.792264073E1,3.132421875E1
1.794052592E1,3.126562500E1
1.795842338E1,3.132812500E1
1.797631449E1,3.131640625E1
1.799421025E1,3.128906250E1
1.801210319E1,3.134375000E1
1.803000096E1,3.130859375E1
1.804789579E1,3.130468750E1
1.806578880E1,3.129296875E1
1.808367948E1,3.125390625E1
1.810157463E1,3.129296875E1
1.811946922E1,3.129296875E1
1.813736418E1,3.128515625E1
1.815525859E1,3.131250000E1
1.817315019E1,3.129687500E1
1.819105217E1,3.133593750E1
1.820893992E1,3.134765625E1
1.822683500E1,3.129687500E1
1.824472715E1,3.126171875E1
1.826262626E1,3.129296875E1
1.828051603E1,3.130468750E1
1.829842277E1,3.128125000E1
1.831630564E1,3.130468750E1
1.833419993E1,3.133984375E1
1.835209245E1,3.128906250E1
1.836999558E1,3.128515625E1
1.838788975E1,3.130468750E1
1.840578636E1,3.128906250E1
1.842368107E1,3.132031250E1
1.844157542E1,3.128906250E1
1.845946458E1,3.129296875E1
1.847735185E1,3.134375000E1
1.849525804E1,3.130468750E1
1.851315257E1,3.133593750E1
1.853104630E1,3.133203125E1
1.854894084E1,3.133203125E1
1.856683799E1,3.133203125E1
1.858471751E1,3.127343750E1
1.860262376E1,3.127734375E1
1.862051780E1,3.131250000E1
1.863841209E1,3.136328125E1
1.865630613E1,3.131640625E1
1.867418846E1,3.128906250E1
1.869208256E1,3.128515625E1
1.870998570E1,3.129296875E1
1.872787992E1,3.132031250E1
1.874577812E1,3.132421875E1
1.876367143E1,3.134765625E1
1.878156541E1,3.132421875E1
1.879945976E1,3.128906250E1
1.881735691E1,3.132812500E1
1.883524821E1,3.130859375E1
1.885313975E1,3.129687500E1
1.887103654E1,3.135156250E1
1.888893095E1,3.128906250E1
1.890682823E1,3.134375000E1
1.892471726E1,3.133203125E1
1.894261357E1,3.133203125E1
1.896050645E1,3.130859375E1
1.897840184E1,3.131640625E1
1.899629612E1,3.132421875E1
1.901419041E1,3.132421875E1
1.903207267E1,3.130859375E1
1.904997569E1,3.130859375E1
1.906786998E1,3.129687500E1
1.908575846E1,3.132031250E1
1.910366160E1,3.132421875E1
1.912155564E1,3.136328125E1
1.913944999E1,3.129687500E1
1.915734428E1,3.131250000E1
1.917522624E1,3.131640625E1
1.919313255E1,3.131640625E1
1.921102677E1,3.133984375E1
1.922892112E1,3.130859375E1
1.924681736E1,3.133984375E1
1.926471171E1,3.133203125E1
1.928260374E1,3.133984375E1
1.930049797E1,3.131640625E1
1.931839207E1,3.128906250E1
1.933628361E1,3.132812500E1
1.935418070E1,3.135546875E1
1.937206272E1,3.136328125E1
1.938996720E1,3.128906250E1
1.940786198E1,3.126171875E1
1.942574998E1,3.128515625E1
1.944365159E1,3.132031250E1
1.946154307E1,3.132421875E1
1.947944016E1,3.129687500E1
1.949733445E1,3.130468750E1
1.951522874E1,3.136328125E1
1.953312309E1,3.132421875E1
1.955101682E1,3.132421875E1
1.956891282E1,3.131640625E1
1.958679362E1,3.133203125E1
1.960469975E1,3.132421875E1
1.962259397E1,3.133203125E1
1.964048826E1,3.127343750E1
1.965837931E1,3.131250000E1
1.967627952E1,3.134765625E1
1.969417063E1,3.130859375E1
1.971206364E1,3.133984375E1
1.972995500E1,3.130859375E1
1.974784953E1,3.132421875E1
1.976574778E1,3.132421875E1
1.978364207E1,3.130859375E1
1.980154051E1,3.137109375E1
1.981941667E1,3.128906250E1
1.983730998E1,3.130468750E1
1.985520799E1,3.131640625E1
1.987310093E1,3.133203125E1
1.989099443E1,3.126562500E1
1.990889048E1,3.128515625E1
1.992678105E1,3.127734375E1
1.994468052E1,3.128515625E1
1.996257359E1,3.133593750E1
1.998046653E1,3.132421875E1
1.999836131E1,3.132421875E1
2.001625724E1,3.135546875E1
2.003415330E1,3.137109375E1
2.005205302E1,3.131640625E1
2.006993675E1,3.131640625E1
2.008783439E1,3.131640625E1
2.010572770E1,3.133203125E1
2.012362089E1,3.132421875E1
2.014152989E1,3.132421875E1
2.015941886E1,3.131640625E1
2.017731492E1,3.130859375E1
2.019519694E1,3.132421875E1
2.021310325E1,3.130859375E1
2.023099729E1,3.136328125E1
2.024889158E1,3.132421875E1
2.026679014E1,3.132421875E1
2.028467973E1,3.139062500E1
2.030257438E1,3.131640625E1
2.032046867E1,3.132421875E1
2.033836595E1,3.135546875E1
2.035625730E1,3.131640625E1
2.037415110E1,3.131640625E1
2.039203270E1,3.133203125E1
2.040993968E1,3.133203125E1
2.042783085E1,3.133203125E1
2.044573124E1,3.128906250E1
2.046362254E1,3.131250000E1
2.048151682E1,3.133984375E1
2.049941093E1,3.134765625E1
2.051730516E1,3.130859375E1
2.053519944E1,3.131640625E1
2.055309349E1,3.127343750E1
2.057097221E1,3.132812500E1
2.058888475E1,3.129687500E1
2.060677946E1,3.127734375E1
2.062467057E1,3.127734375E1
2.064256468E1,3.132812500E1
2.066046202E1,3.135546875E1
2.067835319E1,3.130859375E1
2.069624729E1,3.131640625E1
2.071414158E1,3.135546875E1
2.073203263E1,3.133203125E1
2.074993016E1,3.128125000E1
2.076782115E1,3.131250000E1
2.078572093E1,3.136328125E1
2.080361277E1,3.130468750E1
2.082149528E1,3.132812500E1
2.083940110E1,3.131640625E1
2.085729539E1,3.131640625E1
2.087518968E1,3.128906250E1
2.089308372E1,3.131250000E1
2.091098033E1,3.131640625E1
2.092887223E1,3.139843750E1
2.094676957E1,3.137109375E1
2.096466087E1,3.137109375E1
2.098255186E1,3.133984375E1
2.100044926E1,3.130468750E1
2.101834349E1,3.131250000E1
2.103623783E1,3.135546875E1
2.105413188E1,3.130859375E1
2.107202372E1,3.136328125E1
2.108992338E1,3.135546875E1
2.110781187E1,3.130859375E1
2.112571159E1,3.134765625E1
2.114360301E1,3.129687500E1
2.116148277E1,3.133593750E1
2.117939433E1,3.134765625E1
2.119728562E1,3.131640625E1
2.121518016E1,3.135546875E1
2.123307414E1,3.131640625E1
2.125096849E1,3.131640625E1
2.126886253E1,3.132421875E1
2.128675865E1,3.131640625E1
2.130465104E1,3.140625000E1
2.132254539E1,3.137109375E1
2.134043962E1,3.132421875E1
2.135832170E1,3.133203125E1
2.137622795E1,3.133203125E1
2.139412205E1,3.134765625E1
2.141201634E1,3.129687500E1
2.142991062E1,3.133593750E1
2.144779313E1,3.135546875E1
2.146568730E1,3.133203125E1
2.148358421E1,3.135546875E1
2.150147587E1,3.136328125E1
2.151937022E1,3.136328125E1
2.153726933E1,3.132421875E1
2.155516001E1,3.134765625E1
2.157305320E1,3.130859375E1
2.159095085E1,3.133203125E1
2.160884129E1,3.133984375E1
2.162673631E1,3.134765625E1
2.164463145E1,3.135546875E1
2.166252641E1,3.133984375E1
2.168041880E1,3.134765625E1
2.169831364E1,3.136328125E1
2.171621354E1,3.129687500E1
2.173409892E1,3.135156250E1
2.175199559E1,3.137109375E1
2.176988926E1,3.130468750E1
2.178778758E1,3.130078125E1
2.180567900E1,3.134375000E1
2.182358702E1,3.133203125E1
2.184147795E1,3.133984375E1
2.185935740E1,3.131640625E1
2.187726628E1,3.130859375E1
2.189516087E1,3.133203125E1
2.191305497E1,3.133984375E1
2.193094895E1,3.131640625E1
2.194884562E1,3.131640625E1
2.196674198E1,3.134765625E1
2.198463169E1,3.132421875E1
2.200252610E1,3.134765625E1
2.202042039E1,3.136328125E1
2.203831468E1,3.136328125E1
2.205620866E1,3.134765625E1
2.207410301E1,3.133984375E1
2.209199723E1,3.133203125E1
2.210989134E1,3.132421875E1
2.212778208E1,3.135546875E1
2.214568138E1,3.131640625E1
2.216357389E1,3.133984375E1
2.218146849E1,3.130859375E1
2.219936259E1,3.133984375E1
2.221725694E1,3.141406250E1
2.223514787E1,3.134765625E1
2.225304539E1,3.136328125E1
2.227093962E1,3.138281250E1
2.228883390E1,3.138281250E1
2.230673008E1,3.133984375E1
2.232461936E1,3.134765625E1
2.234251658E1,3.134765625E1
2.236041093E1,3.134765625E1
2.237830406E1,3.133984375E1
2.239619920E1,3.136328125E1
2.241409342E1,3.133203125E1
2.243198771E1,3.133984375E1
2.244988163E1,3.138281250E1
2.246777494E1,3.135546875E1
2.248567338E1,3.135546875E1
2.250356468E1,3.140625000E1
2.252145866E1,3.132421875E1
2.253935301E1,3.132421875E1
2.255724766E1,3.135546875E1
2.257514524E1,3.136328125E1
2.259303562E1,3.131640625E1
2.261092997E1,3.135546875E1
2.262882420E1,3.133984375E1
2.264670652E1,3.136328125E1
2.266461283E1,3.131640625E1
2.268250682E1,3.135546875E1
2.270038938E1,3.134765625E1
2.271828935E1,3.131640625E1
2.273618968E1,3.136328125E1
2.275408372E1,3.132421875E1
2.277197801E1,3.133984375E1
2.278986924E1,3.132421875E1
2.280776664E1,3.133984375E1
2.282564927E1,3.139843750E1
2.284355509E1,3.135546875E1
2.286144944E1,3.135546875E1
2.287934056E1,3.130859375E1
2.289723783E1,3.138281250E1
2.291513176E1,3.133203125E1
2.293302610E1,3.133203125E1
2.295092033E1,3.135546875E1
2.296881474E1,3.133203125E1
2.298670896E1,3.135546875E1
2.300459733E1,3.139062500E1
2.302249754E1,3.138281250E1
2.304039182E1,3.136328125E1
2.305828465E1,3.137109375E1
2.307617723E1,3.133984375E1
2.309407444E1,3.136328125E1
2.311195701E1,3.135546875E1
2.312984611E1,3.139062500E1
2.314774650E1,3.133203125E1
2.316565428E1,3.135546875E1
2.318354563E1,3.134765625E1
2.320143095E1,3.138281250E1
2.321932194E1,3.136328125E1
2.323722856E1,3.137109375E1
2.325512248E1,3.136328125E1
2.327301689E1,3.139062500E1
2.329091111E1,3.138281250E1
2.330880540E1,3.134765625E1
2.332668772E1,3.135546875E1
2.334459379E1,3.132421875E1
2.336248802E1,3.137109375E1
2.338037986E1,3.132421875E1
2.339827928E1,3.136328125E1
2.341615885E1,3.139843750E1
2.343405381E1,3.139843750E1
2.345194786E1,3.140625000E1
2.346984562E1,3.141406250E1
2.348773686E1,3.139843750E1
2.350563182E1,3.139843750E1
2.352353288E1,3.133984375E1
2.354142045E1,3.132421875E1
2.355931358E1,3.136328125E1
2.357720726E1,3.138281250E1
2.359510356E1,3.133984375E1
2.361299754E1,3.134765625E1
2.363088975E1,3.139062500E1
2.364879106E1,3.136328125E1
2.366667839E1,3.140625000E1
2.368457310E1,3.133203125E1
2.370247856E1,3.139843750E1
2.372037284E1,3.141406250E1
2.373826682E1,3.134765625E1
2.375616136E1,3.133984375E1
2.377405564E1,3.136328125E1
2.379194773E1,3.138281250E1
2.380984092E1,3.140625000E1
2.382773832E1,3.136328125E1
2.384563523E1,3.133984375E1
2.386352653E1,3.133984375E1
2.388142045E1,3.138281250E1
2.389931626E1,3.137109375E1
2.391720945E1,3.136328125E1
2.393510374E1,3.134765625E1
2.395299784E1,3.139843750E1
2.397089213E1,3.139843750E1
2.398878630E1,3.135546875E1
2.400668070E1,3.138281250E1
2.402457475E1,3.138281250E1
2.404246897E1,3.136328125E1
2.406036430E1,3.139062500E1
2.407824583E1,3.136328125E1
2.409615184E1,3.135546875E1
2.411404582E1,3.136328125E1
2.413194047E1,3.136328125E1
2.414983195E1,3.136328125E1
2.416773191E1,3.137109375E1
2.418562596E1,3.139843750E1
2.420351731E1,3.131640625E1
2.422141520E1,3.135546875E1
2.423930564E1,3.137109375E1
2.425720024E1,3.139062500E1
2.427509416E1,3.133984375E1
2.429298820E1,3.139062500E1
2.431088255E1,3.136328125E1
2.432878001E1,3.139062500E1
2.434667137E1,3.139843750E1
2.436456535E1,3.139843750E1
2.438244816E1,3.137109375E1
2.440034227E1,3.139843750E1
2.441824223E1,3.140625000E1
2.443614231E1,3.139062500E1
2.445403684E1,3.136328125E1
2.447193107E1,3.137109375E1
2.448982481E1,3.139843750E1
2.450772013E1,3.136328125E1
2.452561674E1,3.135546875E1
2.454350779E1,3.137109375E1
2.456140232E1,3.139062500E1
2.457929643E1,3.140625000E1
2.459719065E1,3.136328125E1
2.461508494E1,3.129687500E1
2.463297935E1,3.135937500E1
2.465087327E1,3.135546875E1
2.466876750E1,3.135546875E1
2.468666215E1,3.137109375E1
2.470455613E1,3.136328125E1
2.472245018E1,3.141406250E1
2.474033274E1,3.137109375E1
2.475824314E1,3.139062500E1
2.477613304E1,3.143359375E1
2.479403117E1,3.136718750E1
2.481192155E1,3.138281250E1
2.482982072E1,3.138281250E1
2.484771018E1,3.142187500E1
2.486560746E1,3.136328125E1
2.488348380E1,3.138281250E1
2.490138218E1,3.143359375E1
2.491927561E1,3.139453125E1
2.493717253E1,3.133984375E1
2.495506370E1,3.139843750E1
2.497295921E1,3.133984375E1
2.499086607E1,3.139062500E1
2.500875828E1,3.137109375E1
2.502664079E1,3.133984375E1
2.504453642E1,3.139843750E1
2.506242936E1,3.139062500E1
2.508032365E1,3.136328125E1
2.509822068E1,3.139062500E1
2.511611125E1,3.136328125E1
2.513401237E1,3.139062500E1
2.515190397E1,3.139843750E1
2.516980302E1,3.137109375E1
2.518769065E1,3.136328125E1
2.520558708E1,3.139062500E1
2.522348429E1,3.138281250E1
2.524137205E1,3.138281250E1
2.525926750E1,3.140625000E1
2.527716508E1,3.138281250E1
2.529505595E1,3.135546875E1
2.531295506E1,3.138281250E1
2.533084635E1,3.139062500E1
2.534873753E1,3.138281250E1
2.536663206E1,3.140625000E1
2.538453001E1,3.136328125E1
2.540242210E1,3.139843750E1
2.542031541E1,3.135546875E1
2.543821556E1,3.137109375E1
2.545610496E1,3.136328125E1
2.547399723E1,3.139062500E1
2.549189341E1,3.139062500E1
2.550979020E1,3.135546875E1
2.552767973E1,3.139062500E1
2.554557920E1,3.136328125E1
2.556348307E1,3.139062500E1
2.558137419E1,3.136328125E1
2.559926860E1,3.141406250E1
2.561716264E1,3.137109375E1
2.563505711E1,3.141406250E1
2.565295140E1,3.138281250E1
2.567084538E1,3.134765625E1
2.568873966E1,3.139843750E1
2.570663407E1,3.139843750E1
2.572452830E1,3.140625000E1
2.574242259E1,3.135546875E1
2.576030491E1,3.140625000E1
2.577821116E1,3.143359375E1
2.579610545E1,3.136718750E1
2.581399668E1,3.137109375E1
2.583189378E1,3.141406250E1
2.584978807E1,3.141406250E1
2.586768235E1,3.139062500E1
2.588557951E1,3.140625000E1
2.590347068E1,3.136328125E1
2.592136210E1,3.131640625E1
2.593925926E1,3.136328125E1
2.595715354E1,3.139843750E1
2.597504783E1,3.136328125E1
2.599293772E1,3.139843750E1
2.601082865E1,3.140625000E1
2.602873069E1,3.141406250E1
2.604662407E1,3.139843750E1
2.606451933E1,3.139843750E1
2.608241301E1,3.140625000E1
2.610029545E1,3.142968750E1
2.611820188E1,3.130468750E1
2.613609617E1,3.135156250E1
2.615399021E1,3.139062500E1
2.617188444E1,3.136328125E1
2.618977879E1,3.140625000E1
2.620767308E1,3.139843750E1
2.622557017E1,3.140625000E1
2.624346165E1,3.134765625E1
2.626135600E1,3.142187500E1
2.627924998E1,3.142187500E1
2.629712693E1,3.135546875E1
2.631503855E1,3.139062500E1
2.633293290E1,3.141406250E1
2.635082969E1,3.138281250E1
2.636872129E1,3.138281250E1
2.638661869E1,3.138281250E1
2.640449266E1,3.137109375E1
2.642239201E1,3.144921875E1
2.644028672E1,3.141796875E1
2.645819279E1,3.139843750E1
2.647608665E1,3.140625000E1
2.649398094E1,3.141406250E1
2.651186350E1,3.141406250E1
2.652976976E1,3.142187500E1
2.654764592E1,3.142187500E1
2.656556138E1,3.139062500E1
2.658345237E1,3.142968750E1
2.660134660E1,3.142968750E1
2.661924095E1,3.140625000E1
2.663713462E1,3.138281250E1
2.665502952E1,3.137109375E1
2.667292051E1,3.141406250E1
2.669081785E1,3.141406250E1
2.670871238E1,3.139062500E1
2.672660642E1,3.140625000E1
2.674450071E1,3.144140625E1
2.676239793E1,3.141015625E1
2.678027763E1,3.142187500E1
2.679817161E1,3.135546875E1
2.681607756E1,3.141406250E1
2.683397209E1,3.139062500E1
2.685186644E1,3.140625000E1
2.686976048E1,3.134765625E1
2.688765599E1,3.140625000E1
2.690555052E1,3.143359375E1
2.692344303E1,3.140234375E1
2.694132566E1,3.138281250E1
2.695923167E1,3.138281250E1
2.697712602E1,3.138281250E1
2.699501969E1,3.140625000E1
2.701291423E1,3.139062500E1
2.703080876E1,3.137109375E1
2.704870286E1,3.139843750E1
2.706659446E1,3.140625000E1
2.708449137E1,3.139843750E1
2.710237425E1,3.139843750E1
2.712026884E1,3.141406250E1
2.713817430E1,3.140625000E1
2.715606852E1,3.140625000E1
2.717395085E1,3.141406250E1
2.719184574E1,3.141406250E1
2.720974846E1,3.141406250E1
2.722764555E1,3.140625000E1
2.724554338E1,3.139843750E1
2.726343412E1,3.134765625E1
2.728132829E1,3.139843750E1
2.729922270E1,3.136328125E1
2.731711692E1,3.138281250E1
2.733501115E1,3.134765625E1
2.735290525E1,3.139843750E1
2.737079954E1,3.138281250E1
2.738869407E1,3.142968750E1
2.740658811E1,3.141406250E1
2.742448234E1,3.140625000E1
2.744236497E1,3.142968750E1
2.746025614E1,3.136328125E1
2.747816227E1,3.138281250E1
2.749605931E1,3.136328125E1
2.751395256E1,3.134765625E1
2.753184513E1,3.139843750E1
2.754973173E1,3.143359375E1
2.756762443E1,3.142578125E1
2.758551548E1,3.140625000E1
2.760341331E1,3.138281250E1
2.762130760E1,3.139843750E1
2.763920213E1,3.141406250E1
2.765710618E1,3.142968750E1
2.767498973E1,3.140625000E1
2.769289622E1,3.141406250E1
2.771079020E1,3.143359375E1
2.772868473E1,3.140234375E1
2.774657908E1,3.139843750E1
2.776447337E1,3.139062500E1
2.778236766E1,3.141406250E1
2.780025004E1,3.141406250E1
2.781815617E1,3.139062500E1
2.783605027E1,3.141406250E1
2.785394487E1,3.140625000E1
2.787183879E1,3.136328125E1
2.788973313E1,3.139062500E1
2.790762999E1,3.142187500E1
2.792552433E1,3.142187500E1
2.794341593E1,3.141406250E1
2.796131028E1,3.139062500E1
2.797920463E1,3.142187500E1
2.799709867E1,3.139062500E1
2.801499321E1,3.138281250E1
2.803287254E1,3.140625000E1
2.805078147E1,3.142968750E1
2.806867576E1,3.142968750E1
2.808657176E1,3.139843750E1
2.810445262E1,3.140625000E1
2.812235838E1,3.140625000E1
2.814024095E1,3.139062500E1
2.815814720E1,3.139843750E1
2.817604124E1,3.139843750E1
2.819393553E1,3.139843750E1
2.821182981E1,3.139843750E1
2.822972410E1,3.139062500E1
2.824761833E1,3.144140625E1
2.826551292E1,3.141015625E1
2.828340690E1,3.142187500E1
2.830130125E1,3.139843750E1
2.831919523E1,3.139843750E1
2.833708537E1,3.140625000E1
2.835498387E1,3.145703125E1
2.837287815E1,3.143750000E1
2.839077220E1,3.143750000E1
2.840866673E1,3.140234375E1
2.842656077E1,3.142968750E1
2.844445530E1,3.138281250E1
2.846233488E1,3.139843750E1
2.848023173E1,3.139843750E1
2.849813792E1,3.140625000E1
2.851603221E1,3.139062500E1
2.853391478E1,3.140625000E1
2.855182115E1,3.140625000E1
2.856970823E1,3.140625000E1
2.858759770E1,3.138281250E1
2.860549388E1,3.141406250E1
2.862338944E1,3.139062500E1
2.864128544E1,3.136328125E1
2.865917478E1,3.140625000E1
2.867706761E1,3.143359375E1
2.869496568E1,3.135156250E1
2.871285929E1,3.142187500E1
2.873075120E1,3.139843750E1
2.874865068E1,3.142968750E1
2.876654563E1,3.139062500E1
2.878443614E1,3.141406250E1
2.880233049E1,3.140625000E1
2.882022233E1,3.141406250E1
2.883811692E1,3.143359375E1
2.885601493E1,3.142578125E1
2.887390483E1,3.142968750E1
2.889180131E1,3.138281250E1
2.890969706E1,3.138281250E1
2.892759538E1,3.139843750E1
2.894548655E1,3.142187500E1
2.896337730E1,3.139062500E1
2.898127403E1,3.143359375E1
2.899918022E1,3.143750000E1
2.901707188E1,3.139453125E1
2.903496604E1,3.140625000E1
2.905286033E1,3.141406250E1
2.907075437E1,3.142968750E1
2.908864872E1,3.142968750E1
2.910653123E1,3.142187500E1
2.912442649E1,3.140625000E1
2.914233146E1,3.140625000E1
2.916021385E1,3.142968750E1
2.917812181E1,3.142968750E1
2.919601438E1,3.142187500E1
2.921390849E1,3.137109375E1
2.923180296E1,3.142187500E1
2.924968180E1,3.134765625E1
2.926759129E1,3.138281250E1
2.928548765E1,3.140625000E1
2.930337986E1,3.141406250E1
2.932127421E1,3.138281250E1
2.933916850E1,3.140625000E1
2.935706272E1,3.140625000E1
2.937494499E1,3.141406250E1
2.939285124E1,3.140625000E1
2.941074534E1,3.142187500E1
2.942863963E1,3.143359375E1
2.944653416E1,3.142968750E1
2.946442930E1,3.140234375E1
2.948232249E1,3.143359375E1
2.950020420E1,3.139453125E1
2.951811106E1,3.139843750E1
2.953600822E1,3.142968750E1
2.955389964E1,3.139062500E1
2.957179392E1,3.140625000E1
2.958969096E1,3.141406250E1
2.960758244E1,3.143359375E1
2.962548026E1,3.141796875E1
2.964337107E1,3.143359375E1
2.966126536E1,3.141796875E1
2.967915959E1,3.142968750E1
2.969705375E1,3.142968750E1
2.971494804E1,3.139843750E1
2.973284227E1,3.142187500E1
2.975073655E1,3.141406250E1
2.976863084E1,3.140625000E1
2.978652482E1,3.142187500E1
2.980441972E1,3.141406250E1
2.982231370E1,3.140625000E1
2.984019602E1,3.143359375E1
2.985809922E1,3.141796875E1
2.987599632E1,3.142187500E1
2.989389061E1,3.142968750E1
2.991178184E1,3.143359375E1
2.992967912E1,3.142578125E1
2.994757353E1,3.141406250E1
2.996546781E1,3.143359375E1
2.998335838E1,3.141015625E1
3.000125627E1,3.141406250E1
3.001915068E1,3.144921875E1
3.003704765E1,3.141796875E1
3.005493919E1,3.146484375E1
3.007283500E1,3.143750000E1
3.009072459E1,3.141015625E1
3.010860984E1,3.142187500E1
3.012651609E1,3.142187500E1
3.014441056E1,3.143359375E1
3.016230473E1,3.143750000E1
3.018018724E1,3.142578125E1
3.019809062E1,3.142187500E1
3.021598759E1,3.141406250E1
3.023388182E1,3.144140625E1
3.025177604E1,3.140234375E1
3.026967008E1,3.140625000E1
3.028756468E1,3.141406250E1
3.030545872E1,3.144140625E1
3.032335600E1,3.140234375E1
3.034124754E1,3.140625000E1
3.035914158E1,3.141406250E1
3.037703581E1,3.140625000E1
3.039492643E1,3.141406250E1
3.041282444E1,3.143359375E1
3.043071873E1,3.142968750E1
3.044861302E1,3.142968750E1
3.046650730E1,3.140234375E1
3.048438700E1,3.140625000E1
3.050229563E1,3.139062500E1
3.052017845E1,3.139062500E1
3.053808146E1,3.141406250E1
3.055597850E1,3.140625000E1
3.057387303E1,3.143359375E1
3.059176725E1,3.142968750E1
3.060966453E1,3.141015625E1
3.062755558E1,3.143359375E1
3.064544993E1,3.145312500E1
3.066334428E1,3.136718750E1
3.068123851E1,3.142968750E1
3.069913285E1,3.142968750E1
3.071702708E1,3.141406250E1
3.073492014E1,3.142968750E1
3.075281559E1,3.140625000E1
3.077070018E1,3.142187500E1
3.078860417E1,3.144140625E1
3.080649852E1,3.142968750E1
3.082439280E1,3.142968750E1
3.084227561E1,3.141015625E1
3.086016947E1,3.144921875E1
3.087806358E1,3.144531250E1
3.089595976E1,3.142578125E1
3.091386393E1,3.142968750E1
3.093175828E1,3.139843750E1
3.094964262E1,3.142187500E1
3.096753892E1,3.142968750E1
3.098542955E1,3.144140625E1
3.100332463E1,3.141796875E1
3.102121763E1,3.140625000E1
3.103911241E1,3.142968750E1
3.105700712E1,3.142187500E1
3.107490092E1,3.141406250E1
3.109280955E1,3.144921875E1
3.111070390E1,3.143750000E1
3.112859538E1,3.145312500E1
3.114648741E1,3.141015625E1
3.116438401E1,3.143359375E1
3.118227806E1,3.144531250E1
3.120016062E1,3.142968750E1
3.121806364E1,3.141015625E1
3.123596098E1,3.141406250E1
3.125385514E1,3.143359375E1
3.127174919E1,3.142968750E1
3.128964384E1,3.143750000E1
3.130753807E1,3.140234375E1
3.132543235E1,3.140625000E1
3.134332670E1,3.144140625E1
3.136122099E1,3.142578125E1
3.137911497E1,3.144921875E1
3.139699833E1,3.146093750E1
3.141490379E1,3.143750000E1
3.143279783E1,3.141796875E1
3.145069511E1,3.143359375E1
3.146858641E1,3.142968750E1
3.148648045E1,3.145312500E1
3.150437504E1,3.143750000E1
3.152226933E1,3.143750000E1
3.154015190E1,3.144531250E1
3.155805595E1,3.142968750E1
3.157595182E1,3.142578125E1
3.159384611E1,3.143359375E1
3.161174369E1,3.143750000E1
3.162963432E1,3.142968750E1
3.164752897E1,3.140234375E1
3.166542332E1,3.143359375E1
3.168331755E1,3.144531250E1
3.170121214E1,3.144531250E1
3.171910618E1,3.143750000E1
3.173700047E1,3.144531250E1
3.175489476E1,3.141796875E1
3.177278904E1,3.145703125E1
3.179068327E1,3.143750000E1
3.180857756E1,3.144531250E1
3.182647184E1,3.146875000E1
3.184436619E1,3.141796875E1
3.186226048E1,3.143359375E1
3.188014311E1,3.143750000E1
3.189804606E1,3.142968750E1
3.191594328E1,3.146875000E1
3.193383464E1,3.144531250E1
3.195173210E1,3.145312500E1
3.196961857E1,3.145312500E1
3.198750999E1,3.143750000E1
3.200541746E1,3.141796875E1
3.202330900E1,3.145703125E1
3.204120890E1,3.143750000E1
3.205908537E1,3.146875000E1
3.207699192E1,3.143750000E1
3.209488591E1,3.142968750E1
3.211276945E1,3.144531250E1
3.213066490E1,3.145312500E1
3.214855674E1,3.142968750E1
3.216645304E1,3.145312500E1
3.218434574E1,3.145312500E1
3.220224247E1,3.142968750E1
3.222013395E1,3.142578125E1
3.223802916E1,3.145703125E1
3.225592723E1,3.142968750E1
3.227382029E1,3.146875000E1
3.229171336E1,3.142968750E1
3.230960661E1,3.144531250E1
3.232750175E1,3.145312500E1
3.234539842E1,3.148437500E1
3.236329063E1,3.142968750E1
3.238118534E1,3.143750000E1
3.239907853E1,3.142968750E1
3.241698088E1,3.142578125E1
3.243486460E1,3.144921875E1
3.245276139E1,3.142578125E1
3.247065415E1,3.144921875E1
3.248855027E1,3.146093750E1
3.250644370E1,3.144531250E1
3.252435185E1,3.146093750E1
3.254224314E1,3.144531250E1
3.256012547E1,3.142968750E1
3.257802873E1,3.144531250E1
3.259592308E1,3.143750000E1
3.261382029E1,3.144531250E1
3.263171458E1,3.145312500E1
3.264960856E1,3.142578125E1
3.266750315E1,3.144140625E1
3.268539714E1,3.145312500E1
3.270329173E1,3.148437500E1
3.272118595E1,3.146093750E1
3.273908030E1,3.141796875E1
3.275697746E1,3.144140625E1
3.277486869E1,3.146093750E1
3.279276292E1,3.143750000E1
3.281065312E1,3.146093750E1
3.282855198E1,3.143750000E1
3.284644224E1,3.142968750E1
3.286434037E1,3.148437500E1
3.288223460E1,3.146875000E1
3.290011674E1,3.146093750E1
3.291802024E1,3.151171875E1
3.293590275E1,3.147656250E1
3.295381175E1,3.144531250E1
3.297170597E1,3.142968750E1
3.298960032E1,3.144531250E1
3.300749467E1,3.150000000E1
3.302538890E1,3.145312500E1
3.304328318E1,3.143750000E1
3.306117741E1,3.145312500E1
3.307907347E1,3.147656250E1
3.309695426E1,3.142968750E1
3.311486033E1,3.145312500E1
3.313275437E1,3.145312500E1
3.315065196E1,3.145312500E1
3.316854319E1,3.145312500E1
3.318643772E1,3.147656250E1
3.320433152E1,3.143750000E1
3.322221977E1,3.147656250E1
3.324010820E1,3.146093750E1
3.325801194E1,3.147656250E1
3.327590885E1,3.146875000E1
3.329380314E1,3.147656250E1
3.331169523E1,3.147656250E1
3.332959172E1,3.146875000E1
3.334748906E1,3.144531250E1
3.336538066E1,3.144531250E1
3.338327482E1,3.146875000E1
3.340116892E1,3.146093750E1
3.341906126E1,3.149218750E1
3.343694590E1,3.142968750E1
3.345485203E1,3.145312500E1
3.347274607E1,3.144531250E1
3.349064042E1,3.144531250E1
3.350853459E1,3.148437500E1
3.352642894E1,3.141796875E1
3.354432353E1,3.146484375E1
3.356222203E1,3.147656250E1
3.358009989E1,3.144531250E1
3.359799113E1,3.146093750E1
3.361590061E1,3.143750000E1
3.363379466E1,3.146875000E1
3.365168925E1,3.141796875E1
3.366958348E1,3.147265625E1
3.368748082E1,3.147656250E1
3.370537187E1,3.146093750E1
3.372326603E1,3.144531250E1
3.374116038E1,3.148437500E1
3.375905808E1,3.147656250E1
3.377695194E1,3.147656250E1
3.379484355E1,3.150000000E1
3.381273777E1,3.144531250E1
3.383063182E1,3.149218750E1
3.384852604E1,3.146875000E1
3.386642057E1,3.148437500E1
3.388431260E1,3.144531250E1
3.390220927E1,3.146875000E1
3.392009574E1,3.146875000E1
3.393799760E1,3.151171875E1
3.395589207E1,3.148437500E1
3.397378233E1,3.145312500E1
3.399168064E1,3.148437500E1
3.400957194E1,3.146875000E1
3.402746922E1,3.143750000E1
3.404536381E1,3.151953125E1
3.406325755E1,3.144531250E1
3.408115208E1,3.149218750E1
3.409903446E1,3.145312500E1
3.411694371E1,3.146875000E1
3.413482029E1,3.150000000E1
3.415271788E1,3.147656250E1
3.417061326E1,3.148437500E1
3.418850633E1,3.147656250E1
3.420641233E1,3.144531250E1
3.422430638E1,3.146875000E1
3.424220390E1,3.146875000E1
3.426009617E1,3.145312500E1
3.427798649E1,3.143750000E1
3.429588371E1,3.146875000E1
3.431378105E1,3.147656250E1
3.433167234E1,3.146093750E1
3.434956663E1,3.143750000E1
3.436746092E1,3.147656250E1
3.438536009E1,3.149218750E1
3.440324949E1,3.147656250E1
3.442114372E1,3.150000000E1
3.443902598E1,3.146875000E1
3.445692088E1,3.146093750E1
3.447481462E1,3.146875000E1
3.449271171E1,3.147656250E1
3.451060234E1,3.149218750E1
3.452850224E1,3.146875000E1
3.454640287E1,3.146093750E1
3.456429295E1,3.145312500E1
3.458218205E1,3.144531250E1
3.460008647E1,3.144531250E1
3.461797044E1,3.148437500E1
3.463587211E1,3.149218750E1
3.465376078E1,3.146875000E1
3.467165257E1,3.146875000E1
3.468956126E1,3.142968750E1
3.470745237E1,3.146875000E1
3.472534690E1,3.147656250E1
3.474324125E1,3.150000000E1
3.476113548E1,3.146875000E1
3.477901780E1,3.148437500E1
3.479692704E1,3.149218750E1
3.481481834E1,3.146875000E1
3.483271263E1,3.147656250E1
3.485060673E1,3.150000000E1
3.486850120E1,3.142968750E1
3.488639579E1,3.147656250E1
3.490428984E1,3.151171875E1
3.492217216E1,3.150000000E1
3.494007542E1,3.146875000E1
3.495796989E1,3.143750000E1
3.497586717E1,3.146093750E1
3.499376121E1,3.145312500E1
3.501165574E1,3.146875000E1
3.502954972E1,3.146093750E1
3.504744432E1,3.146093750E1
3.506533860E1,3.146875000E1
3.508322972E1,3.147656250E1
3.510113011E1,3.150000000E1
3.511900974E1,3.150000000E1
3.513691868E1,3.147656250E1
3.515479686E1,3.148437500E1
3.517269248E1,3.146093750E1
3.519059837E1,3.151171875E1
3.520849314E1,3.151953125E1
3.522638737E1,3.150000000E1
3.524428172E1,3.150000000E1
3.526217600E1,3.148437500E1
3.528005839E1,3.147656250E1
3.529796153E1,3.148437500E1
3.531585887E1,3.152734375E1
3.533375315E1,3.147656250E1
3.535164744E1,3.146093750E1
3.536954173E1,3.144531250E1
3.538743608E1,3.151171875E1
3.540533024E1,3.147656250E1
3.542322795E1,3.147656250E1
3.544112199E1,3.149218750E1
3.545901371E1,3.147656250E1
3.547691038E1,3.151953125E1
3.549480204E1,3.145312500E1
3.551269993E1,3.145312500E1
3.553059025E1,3.147656250E1
3.554848509E1,3.146875000E1
3.556636741E1,3.143750000E1
3.558427079E1,3.147656250E1
3.560217063E1,3.145312500E1
3.562004985E1,3.146093750E1
3.563795335E1,3.146875000E1
3.565583891E1,3.145312500E1
3.567374217E1,3.150000000E1
3.569162992E1,3.142968750E1
3.570952665E1,3.145312500E1
3.572741600E1,3.149218750E1
3.574531254E1,3.146875000E1
3.576320719E1,3.145312500E1
3.578110044E1,3.144531250E1
3.579899363E1,3.148437500E1
3.581689439E1,3.146875000E1
3.583478343E1,3.146093750E1
3.585268699E1,3.148437500E1
3.587057304E1,3.146093750E1
3.588846696E1,3.146875000E1
3.590636180E1,3.150000000E1
3.592425389E1,3.146093750E1
3.594215013E1,3.144531250E1
3.596004197E1,3.148437500E1
3.597793821E1,3.145312500E1
3.599583158E1,3.150000000E1
3.601372551E1,3.145312500E1
3.603163084E1,3.153515625E1
3.604952836E1,3.145312500E1
3.606741941E1,3.145312500E1
3.608530876E1,3.145312500E1
3.610320793E1,3.146875000E1
3.612110252E1,3.150000000E1
3.613898484E1,3.145312500E1
3.615689115E1,3.146093750E1
3.617478514E1,3.146093750E1
3.619267961E1,3.147656250E1
3.621057371E1,3.146093750E1
3.622846794E1,3.145312500E1
3.624636143E1,3.145312500E1
3.626425682E1,3.149218750E1
3.628215110E1,3.150000000E1
3.630003953E1,3.149218750E1
3.631793669E1,3.149218750E1
3.633581974E1,3.151953125E1
3.635372850E1,3.147656250E1
3.637162272E1,3.146875000E1
3.638951707E1,3.150000000E1
3.640741130E1,3.150000000E1
3.642530570E1,3.149218750E1
3.644319993E1,3.145312500E1
3.646109428E1,3.146093750E1
3.647897654E1,3.151171875E1
3.649688566E1,3.146093750E1
3.651477732E1,3.148437500E1
3.653267112E1,3.149218750E1
3.655056541E1,3.146093750E1
3.656845994E1,3.144531250E1
3.658635130E1,3.151171875E1
3.660424852E1,3.148437500E1
3.662214176E1,3.146093750E1
3.664003935E1,3.146875000E1
3.665792832E1,3.146875000E1
3.667582884E1,3.146093750E1
3.669372020E1,3.143750000E1
3.671161448E1,3.147656250E1
3.672950877E1,3.146093750E1
3.674740300E1,3.146875000E1
3.676529734E1,3.149218750E1
3.678319163E1,3.146093750E1
3.680108616E1,3.146093750E1
3.681896818E1,3.148437500E1
3.683687742E1,3.150000000E1
3.685476872E1,3.151953125E1
3.687266307E1,3.151953125E1
3.689055735E1,3.148437500E1
3.690845188E1,3.147656250E1
3.692634593E1,3.145312500E1
3.694424046E1,3.144531250E1
3.696213474E1,3.146093750E1
3.698003935E1,3.146875000E1
3.699792033E1,3.149218750E1
3.701581779E1,3.149218750E1
3.703371189E1,3.147656250E1
3.705160624E1,3.146093750E1
3.706950047E1,3.146875000E1
3.708738017E1,3.149218750E1
3.710527897E1,3.151171875E1
3.712318357E1,3.150000000E1
3.714107786E1,3.145312500E1
3.715896299E1,3.146093750E1
3.717686943E1,3.145312500E1
3.719476518E1,3.149218750E1
3.721264506E1,3.147656250E1
3.723055113E1,3.146875000E1
3.724844084E1,3.145312500E1
3.726633781E1,3.147656250E1
3.728423216E1,3.146093750E1
3.730212644E1,3.145312500E1
3.732002738E1,3.144531250E1
3.733791227E1,3.147656250E1
3.735580931E1,3.145312500E1
3.737370378E1,3.150000000E1
3.739159812E1,3.148437500E1
3.740949241E1,3.146875000E1
3.742738676E1,3.148437500E1
3.744528147E1,3.144531250E1
3.746316349E1,3.149218750E1
3.748105821E1,3.148437500E1
3.749895475E1,3.147656250E1
3.751686131E1,3.146093750E1
3.753475242E1,3.150000000E1
3.755264677E1,3.148437500E1
3.757054045E1,3.149218750E1
3.758843547E1,3.146875000E1
3.760632981E1,3.143750000E1
3.762422410E1,3.146875000E1
3.764210374E1,3.144531250E1
3.765999796E1,3.148437500E1
3.767789671E1,3.146093750E1
3.769580448E1,3.146875000E1
3.771369560E1,3.146093750E1
3.773157518E1,3.145312500E1
3.774947331E1,3.147656250E1
3.776737571E1,3.145312500E1
3.778526408E1,3.144531250E1
3.780316722E1,3.145312500E1
3.782106144E1,3.149218750E1
3.783894694E1,3.145312500E1
3.785685313E1,3.145312500E1
3.787474436E1,3.146875000E1
3.789263456E1,3.146875000E1
3.791053263E1,3.143750000E1
3.792841258E1,3.147656250E1
3.794632151E1,3.144531250E1
3.796421427E1,3.146875000E1
3.798209617E1,3.146093750E1
3.799999363E1,3.146875000E1
3.801788938E1,3.142968750E1
3.803578825E1,3.142578125E1
3.805367845E1,3.148828125E1
3.807157658E1,3.146093750E1
3.808946684E1,3.146093750E1
3.810736143E1,3.145312500E1
3.812525486E1,3.146875000E1
3.814314866E1,3.147656250E1
3.816104423E1,3.144531250E1
3.817893583E1,3.149218750E1
3.819683067E1,3.146093750E1
3.821472556E1,3.144531250E1
3.823261912E1,3.147656250E1
3.825052165E1,3.148437500E1
3.826840574E1,3.146875000E1
3.828631388E1,3.146875000E1
3.830419676E1,3.149218750E1
3.832209196E1,3.147656250E1
3.833998753E1,3.146875000E1
3.835787883E1,3.146875000E1
3.837577543E1,3.150000000E1
3.839367033E1,3.144531250E1
3.841156413E1,3.149218750E1
3.842945799E1,3.146093750E1
3.844735282E1,3.145312500E1
3.846524772E1,3.146875000E1
3.848313914E1,3.150000000E1
3.850104515E1,3.144531250E1
3.851893058E1,3.147656250E1
3.853683671E1,3.145312500E1
3.855472795E1,3.146093750E1
3.857262229E1,3.146093750E1
3.859051676E1,3.146093750E1
3.860841081E1,3.146093750E1
3.862630516E1,3.148437500E1
3.864419944E1,3.146093750E1
3.866209397E1,3.144531250E1
3.867998899E1,3.149218750E1
3.869787956E1,3.141796875E1
3.871577592E1,3.152343750E1
3.873367130E1,3.150000000E1
3.875156559E1,3.147656250E1
3.876946000E1,3.147656250E1
3.878735423E1,3.148437500E1
3.880524852E1,3.146093750E1
3.882314250E1,3.147656250E1
3.884103709E1,3.148437500E1
3.885892369E1,3.149218750E1
3.887682951E1,3.149218750E1
3.889471995E1,3.152734375E1
3.891261393E1,3.148437500E1
3.893050834E1,3.147656250E1
3.894840275E1,3.148437500E1
3.896629728E1,3.145312500E1
3.898419139E1,3.149218750E1
3.900208573E1,3.146875000E1
3.901998020E1,3.146093750E1
3.903787144E1,3.144531250E1
3.905576884E1,3.146875000E1
3.907366307E1,3.150000000E1
3.909155760E1,3.146875000E1
3.910945164E1,3.147656250E1
3.912734593E1,3.148437500E1
3.914524046E1,3.149218750E1
3.916313450E1,3.146093750E1
3.918102903E1,3.145312500E1
3.919891166E1,3.144531250E1
3.921681791E1,3.147656250E1
3.923471183E1,3.149218750E1
3.925259428E1,3.150000000E1
3.927048869E1,3.150000000E1
3.928839476E1,3.148437500E1
3.930628898E1,3.148437500E1
3.932418327E1,3.146875000E1
3.934207786E1,3.149218750E1
3.935997215E1,3.147656250E1
3.937786442E1,3.146093750E1
3.939576048E1,3.146875000E1
3.941364311E1,3.145312500E1
3.943155210E1,3.146875000E1
3.944944035E1,3.143750000E1
3.946733714E1,3.149218750E1
3.948523216E1,3.149218750E1
3.950312644E1,3.146093750E1
3.952102073E1,3.146875000E1
3.953890434E1,3.148437500E1
3.955680735E1,3.149218750E1
3.957470390E1,3.151171875E1
3.959259806E1,3.144531250E1
3.961049211E1,3.149218750E1
3.962838670E1,3.150000000E1
3.964628099E1,3.146093750E1
3.966417393E1,3.145312500E1
3.968206956E1,3.147656250E1
3.969995262E1,3.146875000E1
3.971785838E1,3.151171875E1
3.973575242E1,3.148437500E1
3.975364933E1,3.146875000E1
3.977154124E1,3.145312500E1
3.978943852E1,3.146093750E1
3.980732988E1,3.144531250E1
3.982520909E1,3.146875000E1
3.984312095E1,3.149218750E1
3.986101268E1,3.149218750E1
3.987889933E1,3.149218750E1
3.989680217E1,3.145312500E1
3.991470115E1,3.148437500E1
3.993259269E1,3.145312500E1
3.995047135E1,3.145312500E1
3.996836399E1,3.150000000E1
3.998626139E1,3.146093750E1
4.000415544E1,3.146875000E1
4.002205046E1,3.146875000E1
4.003995579E1,3.146875000E1
4.005784617E1,3.150000000E1
4.007574418E1,3.149218750E1
4.009363890E1,3.150000000E1
4.011152439E1,3.149218750E1
4.012942753E1,3.147656250E1
4.014732475E1,3.148437500E1
4.016521604E1,3.144531250E1
4.018311033E1,3.147656250E1
4.020100486E1,3.148437500E1
4.021888914E1,3.150000000E1
4.023679246E1,3.150000000E1
4.025468754E1,3.146875000E1
4.027258201E1,3.151171875E1
4.029046458E1,3.149218750E1
4.030837052E1,3.152734375E1
4.032626463E1,3.147656250E1
4.034415916E1,3.148437500E1
4.036204881E1,3.146093750E1
4.037994780E1,3.148437500E1
4.039784086E1,3.152734375E1
4.041573667E1,3.148437500E1
4.043363084E1,3.146875000E1
4.045151164E1,3.146875000E1
4.046941941E1,3.147656250E1
4.048731370E1,3.144531250E1
4.050520799E1,3.148437500E1
4.052310228E1,3.146875000E1
4.054099662E1,3.149218750E1
4.055887962E1,3.150000000E1
4.057679118E1,3.146875000E1
4.059467942E1,3.147656250E1
