"Time (s)","Linear Acceleration x (m/s^2)","Linear Acceleration y (m/s^2)","Linear Acceleration z (m/s^2)"
1.464033910E-1,-2.188050747E-1,5.858421326E-3,4.176273346E-1
1.643077480E-1,-1.633552313E-1,-5.163192749E-2,2.224936485E-1
1.821953830E-1,-2.508091927E-2,-1.165161133E-1,-3.656864166E-3
2.000853980E-1,6.955599785E-2,-1.814432144E-1,-1.721825600E-1
2.179749240E-1,1.801028252E-1,-2.101488113E-1,-1.844305992E-1
2.358659760E-1,8.437466621E-2,-2.308216095E-1,-1.245703697E-1
2.537565400E-1,3.882718086E-2,-1.733188629E-1,1.789569855E-2
2.716466770E-1,-2.251124382E-2,-8.730792999E-2,1.902260780E-1
2.895373020E-1,-5.380380154E-2,-3.321647644E-2,2.944035530E-1
3.074138280E-1,1.390659809E-2,-5.916500092E-2,3.180599213E-1
3.253146450E-1,1.467931271E-2,-6.670951843E-2,2.054934502E-1
3.432079560E-1,1.938259602E-2,-2.842903137E-2,4.192686081E-2
3.610986420E-1,2.875924110E-2,6.027221680E-3,-3.575611115E-2
3.789887180E-1,-3.600287437E-2,2.895736694E-2,-3.061294556E-2
3.968788550E-1,-1.092375517E-1,8.089637756E-2,3.776454926E-2
4.147692970E-1,-5.099034309E-2,2.942276001E-2,2.184104919E-2
4.326598610E-1,1.582145691E-1,-9.830093384E-2,-1.962614059E-2
4.505499360E-1,3.555273414E-1,-2.131204605E-1,1.250886917E-1
4.684402560E-1,4.307650924E-1,-2.832736969E-1,2.243819237E-1
4.863333220E-1,2.509537339E-1,-2.898168564E-1,2.251906395E-1
5.042241910E-1,1.218163967E-1,-2.889299393E-1,2.866625786E-1
5.221113380E-1,6.896293163E-2,-2.558631897E-1,4.251251221E-1
5.400014130E-1,-1.693892479E-2,-2.138433456E-1,4.126071930E-1
5.578917330E-1,1.097095013E-2,-2.082529068E-1,3.206686974E-1
5.757821750E-1,4.417657852E-2,-1.886653900E-1,7.601976395E-2
5.936726780E-1,1.691979170E-1,-1.596240997E-1,-3.283071518E-2
6.115626320E-1,1.804320812E-1,-1.244497299E-1,-4.465341568E-2
6.294530740E-1,1.167735457E-1,-1.507034302E-1,7.036828995E-2
6.473316140E-1,9.021186829E-2,-1.712284088E-1,1.806073189E-1
6.652321260E-1,1.469810009E-1,-1.995677948E-1,3.115148544E-1
6.831209200E-1,1.869967580E-1,-2.288408279E-1,4.087481499E-1
7.010145970E-1,1.858190298E-1,-2.249841690E-1,3.816180229E-1
7.189045510E-1,1.138951182E-1,-1.762409210E-1,2.785978317E-1
7.367949310E-1,6.759941578E-2,-1.350955963E-1,1.939158440E-1
7.546562570E-1,-5.370318890E-2,-8.680057526E-2,2.419261932E-1
7.725753270E-1,-1.353929043E-1,-6.392669678E-2,3.197293282E-1
7.904659520E-1,-1.021521091E-1,-6.982135773E-2,3.539328575E-1
8.083532200E-1,4.412770271E-3,-1.312265396E-1,2.533011436E-1
8.262465310E-1,-9.276139736E-2,-7.718944550E-2,1.788802147E-1
8.441369110E-1,-1.105659008E-1,-4.825210571E-2,1.823778152E-1
8.620273530E-1,-5.989873409E-2,-9.485149384E-2,1.332488060E-1
8.799205410E-1,-1.037663221E-1,-1.144294739E-1,1.072454453E-2
8.978108000E-1,-1.472349167E-1,-1.017036438E-1,-1.028518677E-1
9.156979470E-1,-1.909102201E-1,-8.620738983E-2,-1.527175903E-1
9.335790500E-1,-1.934744120E-1,-4.454135895E-2,-5.449390411E-2
9.514788910E-1,-3.355545998E-1,-9.945869446E-3,-1.630578041E-1
9.693693940E-1,-1.058970690E-1,3.175830841E-2,-3.556118011E-1
9.872592870E-1,1.845214367E-1,-7.445907593E-2,-3.927993774E-1
1.005149607E0,3.385288715E-1,-1.645622253E-1,-2.493269444E-1
1.023039988E0,2.517373562E-1,-1.993703842E-1,4.984378815E-3
1.040930368E0,2.027194500E-1,-1.951837540E-1,2.197718620E-1
1.058820444E0,1.092948914E-1,-1.817150116E-1,2.790327072E-1
1.076710947E0,7.977545261E-2,-1.308155060E-1,2.564420700E-1
1.094601267E0,9.686124325E-2,-1.313505173E-1,3.431267738E-1
1.112491343E0,1.286934614E-1,-2.459115982E-1,3.474969864E-1
1.130369944E0,1.525729895E-1,-2.505140305E-1,2.982072830E-1
1.148260324E0,2.287101746E-2,-1.632022858E-1,3.033761978E-1
1.166151865E0,-4.836261272E-2,-1.174221039E-1,3.014411926E-1
1.184043161E0,-5.747675896E-3,-9.894084930E-2,3.778028488E-1
1.201943613E0,3.146648407E-2,-1.233110428E-1,2.429881096E-1
1.219833384E0,7.443499565E-2,-6.491088867E-2,1.993231773E-1
1.237723825E0,-4.777789116E-2,-2.360820770E-2,9.855604172E-2
1.255614206E0,-1.653248072E-1,9.467124939E-3,1.586117744E-1
1.273504343E0,-8.302998543E-2,-1.682281494E-3,2.663636208E-1
1.291393991E0,-6.480562687E-2,-4.019260406E-2,2.150473595E-1
1.309272348E0,-2.094347477E-1,7.393455505E-2,6.848001480E-2
1.327175303E0,-1.492884159E-1,1.032600403E-1,-1.421527863E-1
1.345065744E0,2.923333645E-2,-1.971817017E-2,-2.198247910E-1
1.362956003E0,2.263211012E-1,-7.509326935E-2,-1.056685448E-1
1.380846445E0,2.063395977E-1,-1.106548309E-1,3.228902817E-2
1.398736826E0,9.512853622E-2,-1.433095932E-1,6.276035309E-2
1.416626963E0,6.484210491E-2,-1.854295731E-1,6.334590912E-2
1.434505320E0,1.216266751E-1,-1.958379745E-1,1.509060860E-1
1.452407663E0,9.290254116E-2,-1.885271072E-1,1.105427742E-1
1.470297983E0,8.555656672E-2,-1.448860168E-1,-4.549264908E-2
1.488188486E0,1.511418819E-1,-2.165985107E-1,-1.363663673E-1
1.506078379E0,2.324963808E-1,-2.415094376E-1,-1.164333820E-1
1.523968943E0,2.593564987E-2,-1.892690659E-1,7.525920868E-3
1.541859385E0,-8.143544197E-2,-1.376752853E-1,9.001922607E-2
1.559749521E0,-1.030797958E-1,-1.278772354E-1,1.029772758E-1
1.577628122E0,-4.020774364E-2,-1.374588013E-1,7.525396347E-2
1.595522593E0,-7.666945457E-3,-1.709461212E-1,6.522846222E-2
1.613426584E0,7.225275040E-2,-1.875972748E-1,8.283329010E-2
1.631299936E0,1.518404484E-1,-1.469316483E-1,1.691327095E-1
1.649190866E0,1.046053767E-1,-1.290464401E-1,1.651368141E-1
1.667081797E0,3.946697712E-2,-8.380031586E-2,7.891702652E-2
1.684970774E0,6.001085043E-2,-6.036090851E-2,8.427953720E-2
1.702860605E0,1.486847997E-1,-1.115379333E-1,1.352305412E-1
1.720758249E0,1.238648891E-1,-1.370649338E-1,2.399201393E-1
1.738643381E0,3.724277020E-2,-1.161680222E-1,2.814083099E-1
1.756545542E0,-5.443060398E-2,-1.644859314E-1,2.681899071E-1
1.774436288E0,-2.869009972E-2,-2.146110535E-1,1.825761795E-1
1.792323679E0,-4.482865334E-2,-2.269201279E-1,9.683656693E-2
1.810205210E0,-9.262466431E-2,-2.194061279E-1,3.220033646E-2
1.828104502E0,-1.084331274E-1,-2.988853455E-1,-1.615123749E-1
1.845995004E0,7.274419069E-2,-3.725519180E-1,-3.549520969E-1
1.863884958E0,2.877914906E-1,-4.946413040E-1,-4.074053764E-1
1.881775339E0,4.128316641E-1,-5.508241653E-1,-3.120975494E-1
1.899665659E0,2.477298975E-1,-4.392766953E-1,-1.375718117E-1
1.917543955E0,-3.182566166E-2,-4.185771942E-1,4.051733017E-2
1.935446299E0,-5.713510513E-2,-3.180704117E-1,2.340188026E-1
1.953336618E0,2.575205564E-1,-1.594324112E-1,1.685714722E-1
1.971224252E0,5.540518761E-1,1.060390472E-2,9.014320374E-2
1.989117441E0,1.706933379E-1,2.330303192E-2,2.108058929E-1
2.007010507E0,1.147066355E-1,5.365839005E-1,4.253120422E-1
2.024897715E0,-8.490374088E-1,4.413776398E-1,4.260578156E-1
2.042788034E0,-2.630904913E-1,9.914083481E-1,6.198978424E-1
2.060678415E0,-3.873364925E-1,5.444526672E-1,4.755921364E-1
2.078568796E0,-1.790518761E-1,3.304185867E-1,3.894081116E-1
2.096444406E0,-1.418528557E-1,7.114410400E-2,4.007463455E-1
2.114352487E0,-1.562236547E-1,-2.919578552E-2,4.202041626E-1
2.132239634E0,-1.674516201E-1,-8.924770355E-2,4.080166817E-1
2.150130136E0,3.129720688E-3,-2.440872192E-1,3.820848465E-1
2.168020517E0,8.739268780E-2,-3.284091949E-1,3.398108482E-1
2.185910593E0,4.492223263E-2,-4.385080338E-1,1.677675247E-1
2.203801218E0,8.068096638E-2,-5.046958923E-1,1.619586945E-1
2.221677622E0,9.078431129E-2,-5.655422211E-1,2.743520737E-1
2.239581492E0,3.319100142E-1,-4.298038483E-1,4.170184135E-1
2.257463816E0,2.170608044E-1,-5.797834396E-1,2.592639923E-1
2.275359323E0,1.388407946E-1,-5.513525009E-1,9.105825424E-2
2.293252573E0,-2.243560553E-1,-1.032691002E0,-3.183174133E-2
2.311142710E0,2.541089058E-2,-4.160833359E-1,4.833683968E-1
2.329033457E0,1.355994940E-1,-7.351264954E-1,4.691219330E-1
2.346920847E0,7.618243098E-1,-4.113531113E-1,4.371707439E-1
2.364814280E0,-7.640123367E-3,-8.590888977E-2,3.608195782E-1
2.382704111E0,-7.924768925E-1,-6.669330597E-2,-1.636812687E-1
2.400594736E0,-4.946962595E-1,4.921913147E-2,-9.533340931E-1
2.418484873E0,3.979669809E-1,9.357643127E-2,-1.371020794E0
2.436374277E0,1.515284061E0,7.115936279E-2,-3.018231392E-1
2.454265024E0,9.663054943E-1,-1.310138702E-1,-2.713453770E-1
2.472153452E0,6.335669756E-1,-5.730524063E-1,-1.309905052E0
2.490046091E0,1.718606114E0,-1.667941093E0,-2.722486734E0
2.507936716E0,1.113286734E0,-1.612056732E0,-1.050544024E0
2.525826792E0,2.662481070E-1,-4.544029236E-1,1.113471031E0
2.543717234E0,-1.359364510E0,5.099868774E-1,1.984675884E0
2.561611277E0,-1.426545262E0,-1.631105900E0,2.189870834E0
2.579497751E0,6.484817266E-1,-3.067918301E0,1.537327766E0
2.597373605E0,2.150414467E0,-2.818881035E0,1.279989243E0
2.615275522E0,2.357136250E0,-3.573387623E0,-2.479653358E-1
2.633168894E0,2.394399881E0,-2.926073074E0,-2.261358261E0
2.651059336E0,2.950135469E0,-3.043010712E0,-4.956461906E0
2.668949656E0,2.378206968E0,-4.160682201E0,-6.303462982E0
2.686839792E0,1.422492266E0,-4.619488716E0,-4.175901413E0
2.704730234E0,1.486774445E0,-4.196754456E0,-3.096134186E0
2.722620554E0,1.815121889E0,-5.520593643E0,-1.515098572E0
2.740510996E0,2.436896563E-1,-5.290079594E0,6.633710861E-2
2.758401255E0,-2.526512146E-1,-4.159519196E0,-1.986668110E0
2.776291452E0,-4.738888741E-1,-3.612405062E0,-4.045428276E0
2.794184091E0,-7.772791386E-1,-2.990150213E0,-3.840099335E0
2.812075265E0,-5.730443001E-1,-2.954243660E0,-1.661635876E0
2.829962595E0,-4.449017048E-1,-2.781751156E0,-2.389335632E-1
2.847853037E0,-1.034028292E0,-2.390039206E0,-5.815391541E-1
2.865743113E0,-1.610190153E0,-2.325567722E0,-9.842729568E-1
2.883629648E0,-2.152490139E0,-1.662020087E0,-1.810830116E0
2.901523935E0,-1.851615429E0,-5.227868557E-1,-1.854126930E0
2.919414011E0,-1.372361183E0,-1.614284515E-1,-8.116493225E-1
2.937304514E0,-1.778264999E0,-5.115375519E-1,8.493051529E-1
2.955193979E0,-2.745900154E0,-4.689289033E-1,1.558809280E0
2.973079538E0,-3.242280483E0,-5.553376079E-1,1.589309216E0
2.990975534E0,-3.194386482E0,-4.599436522E-1,1.296580791E0
3.008865915E0,-3.351243496E0,-3.512874842E-1,1.178627968E0
3.026756052E0,-3.941877842E0,-6.551280022E-1,1.459456444E0
3.044646494E0,-5.211575031E0,-1.210407019E0,2.299705029E0
3.062536814E0,-6.070013523E0,-1.488917828E0,3.344728947E0
3.080428232E0,-5.531839848E0,-1.881915331E0,4.173111916E0
3.098305796E0,-5.303630829E0,-1.502486706E0,5.203693867E0
3.116204660E0,-5.821456909E0,-9.076113701E-1,6.456516743E0
3.134098093E0,-5.486726761E0,-1.052039146E0,6.734693050E0
3.151988474E0,-4.926614285E0,-1.363001823E0,5.799284935E0
3.169878794E0,-3.475091934E0,-9.725680351E-1,4.754196167E0
3.187757761E0,-2.261495113E0,-4.390521049E-1,3.837705612E0
3.205659433E0,-1.277822971E0,-5.474414825E-1,2.774689198E0
3.223552987E0,-7.545609474E-1,-6.292839050E-1,1.451993942E0
3.241440439E0,-9.293699265E-1,-8.909215927E-1,5.948796272E-1
3.259327524E0,-1.202527046E0,-6.812658310E-1,-3.049874306E-2
3.277220713E0,-9.429674149E-1,-8.071656227E-1,-2.591712475E-1
3.295111338E0,-6.902427673E-1,-1.029425621E0,1.989502907E-1
3.313001475E0,-6.135759354E-1,-9.962368011E-1,8.764381409E-1
3.330891733E0,-1.704017639E0,-8.495283127E-1,-2.382087708E-2
3.348782419E0,9.151840210E-2,-1.378965378E0,-1.583223343E-1
3.366672251E0,-5.152988434E-1,2.637643814E-1,-4.717528820E-1
3.384553537E0,2.017241001E0,-1.622467041E-1,-8.621914387E-1
3.402453318E0,2.602092743E0,-4.938745499E-2,1.774423122E-1
3.420331736E0,2.937692642E0,-3.190612793E-1,-3.263430595E-1
3.438233896E0,-1.060932159E0,1.255736828E0,-1.243011713E0
3.456124216E0,-1.099244118E0,9.430494308E-1,-5.967453718E-1
3.474014353E0,8.151274681E0,6.304078102E-1,7.809863091E0
3.491904734E0,-4.248813152E0,1.967334747E0,-1.166315079E0
3.509795542E0,-3.576796055E0,-1.087574959E-1,-2.263786316E0
3.527673838E0,-2.034145832E0,1.495423317E-1,-3.029496670E0
3.545575876E0,-1.154279709E-1,-9.219932556E-2,-2.182453632E0
3.563466196E0,2.159075737E-1,-7.801580429E-2,-7.248684168E-1
3.581356699E0,4.907650948E-1,1.100570679E0,1.199387550E0
3.599250009E0,1.092959404E0,2.245132685E0,4.772072792E0
3.617125986E0,4.449100971E0,3.599020481E0,4.598515511E0
3.635015818E0,6.200227737E0,3.311549902E0,8.290562630E0
3.652917856E0,3.429781914E0,1.747674942E0,1.349201441E0
3.670808298E0,6.109051704E-1,-7.583999634E-1,-4.846267700E-1
3.688698679E0,-1.273411751E0,-1.425448895E0,-1.391148090E0
3.706588816E0,-1.918848038E0,-1.931764603E0,-6.675970554E-1
3.724483835E0,-7.628746033E-1,-1.733117580E0,-1.113797903E0
3.742369577E0,1.378990650E0,-9.582433701E-1,-1.655850172E0
3.760263620E0,4.527254105E-1,-1.515188217E-1,-3.954136372E-1
3.778147653E0,-1.667308807E-1,1.244764328E-1,3.542548418E-1
3.796040537E0,-7.956180573E-1,1.925396919E-1,2.505427599E-1
3.813933786E0,-1.205300808E0,-5.744194984E-1,2.615359783E0
3.831821421E0,2.699413300E-1,2.348818779E-1,5.205503941E0
3.849714915E0,1.791048527E0,4.569973946E-1,1.916888714E0
3.867590830E0,2.742053986E0,5.953311920E-1,4.957421720E-1
3.885487497E0,3.533897400E0,1.047521591E0,2.918978631E-1
3.903382761E0,3.604957581E0,9.622240067E-1,-5.706763268E-2
3.921273142E0,2.607709408E0,8.602218628E-1,-3.011072636E0
3.939163218E0,4.530997276E-1,8.004088402E-1,-7.229472637E0
3.957053659E0,-5.703687668E-2,5.677738190E-1,-8.910400391E0
3.974944040E0,6.276812553E-1,2.379894257E-2,-6.536303520E0
3.992834421E0,-1.630023956E0,-6.365137100E-1,-3.891026974E-1
4.010721872E0,-3.778173447E0,-1.261134624E0,8.802931786E0
4.028615183E0,-1.146400928E0,2.780890465E-1,5.678865433E0
4.046505259E0,-1.480746269E0,-1.301813126E-2,2.898695946E0
4.064383982E0,-1.384282112E0,-1.462277889E0,8.994935751E-1
4.082274546E0,-1.323981285E0,-3.298435211E0,-6.043461800E0
4.100161447E0,8.237571716E-1,-2.023973942E0,-3.518104553E-3
4.118052316E0,4.336156845E-1,-3.097128868E-1,-5.107589960E-1
4.135957224E0,1.805653572E-1,1.138936996E0,-2.431279421E-1
4.153847361E0,1.392759800E0,1.294314861E0,9.727463722E-1
4.171737681E0,1.966851711E0,2.825117111E-1,1.421642303E-2
4.189628367E0,-9.986543655E-1,-2.152393818E0,-3.987648487E-1
4.207506540E0,-7.164664268E-1,-2.263455391E0,2.575073242E-1
4.225406320E0,4.904170036E-1,-4.624347687E-1,7.414925098E-1
4.243299204E0,7.837228775E-1,-5.623431206E-1,-3.241512775E-1
4.261177744E0,6.680140495E-1,-4.927988052E-1,-6.159714460E-1
4.279079966E0,-6.747436523E-2,-5.141987801E-1,-3.092862368E-1
4.296967539E0,-4.252319336E-1,-1.524590015E0,-9.061419964E-2
4.314863717E0,8.139486313E-1,-1.183903694E0,2.344214916E-1
4.332750925E0,4.538714409E0,-2.075510025E-1,3.648312092E-1
4.350642404E0,6.270954132E0,5.620841980E-1,1.004468441E0
4.368519907E0,1.125538540E1,3.391350269E0,1.648229122E0
4.386410410E0,-4.353366852E0,8.643636703E-1,-1.906637430E0
4.404301035E0,-7.769357681E0,-3.771467209E-1,-4.304749012E0
4.422199716E0,-5.937909126E0,5.247421265E-1,6.502836943E-1
4.440093271E0,-2.964304924E0,1.441530228E0,-1.030131102E0
4.457982065E0,6.907043457E-1,3.061424255E0,-8.588933945E-1
4.475875193E0,9.320948124E-1,3.698984146E0,-2.373933792E-1
4.493764048E0,4.501323700E-1,1.708509922E0,-1.649271250E-1
4.511649363E0,2.702143192E-1,-3.317451477E-1,-4.328362942E-1
4.529544748E0,9.397926331E-1,-1.162767410E0,1.514192939E0
4.547431345E0,2.969820499E-1,2.422889709E0,2.186988354E0
4.565325205E0,-6.924245358E-1,5.881008148E0,1.918068409E0
4.583216074E0,2.976100445E-1,-3.225898743E-1,6.959018111E-2
4.601109140E0,2.267262697E0,-4.863691330E0,-4.033182621E0
4.618983408E0,5.024435520E-1,-4.276495934E0,3.896108270E-1
4.636886972E0,-3.970305443E0,-8.667006493E0,1.711079597E0
4.654765329E0,2.361080647E0,-6.472422600E0,1.330057740E0
4.672656199E0,-3.289132118E-1,-1.921768188E0,1.007734895E0
4.690546640E0,-4.663763046E-1,1.553358555E0,-1.057339549E0
4.708437510E0,-9.235658646E-1,6.005010605E-1,-1.197898746E0
4.726327340E0,2.897866964E-1,1.019483566E0,-6.775141358E-1
4.744218637E0,6.801557541E-2,9.747190475E-1,1.185023069E0
4.762108957E0,5.353525877E-1,-3.684711456E-2,-8.064771295E-1
4.779999338E0,5.177295208E-1,-4.417858124E-1,-2.865169346E-1
4.797890391E0,6.306552887E-1,-2.970638275E-1,4.438388944E-1
4.815779429E0,1.020103455E0,-3.447389603E-1,4.395899177E-1
4.833669260E0,7.773525715E-1,-3.824777603E-1,2.372499704E-1
4.851559946E0,3.730342388E-1,4.091320038E-1,-2.136103064E-2
4.869450571E0,-1.848474741E0,5.892682076E0,1.229905605E0
4.887341257E0,6.952013969E-1,-4.228992462E-1,-4.883991778E-1
4.905235178E0,8.127818108E-1,-1.712093353E-1,7.656885386E-1
4.923124704E0,8.447885513E-3,1.305152893E0,-2.640023828E-1
4.941013010E0,2.721076012E-1,1.362797737E0,-1.120122910E0
4.958903452E0,-1.811435223E-1,2.473021984E0,-3.990156651E-1
4.976793772E0,-3.680202961E-1,3.815334797E0,-1.932954788E-1
4.994684519E0,8.879029751E-1,4.266203403E0,-7.541527748E-1
5.012573862E0,1.702791214E0,4.003726006E0,-1.388214231E0
5.030463328E0,1.536957026E0,3.766682625E0,-1.499959707E0
5.048352670E0,1.912496209E0,2.188887119E0,6.412211657E-1
5.066244761E0,1.878406525E0,4.744338989E-1,1.125359178E0
5.084134775E0,3.530660391E0,2.331274033E0,-8.339843750E-1
5.102039010E0,4.498424530E0,2.870383263E0,-4.251047969E-1
5.119914438E0,5.469894409E0,2.531345367E0,6.798321009E-2
5.137816904E0,5.234454632E0,4.381338120E0,-2.009456158E0
5.155704416E0,-3.770195007E0,-1.298251915E1,-3.899804652E-1
5.173585398E0,-1.470296669E1,-1.889854813E1,4.301925182E0
5.191487986E0,-9.942296028E0,-6.069983482E0,-2.295506001E0
5.209378672E0,-1.671943426E0,-1.510987282E0,-6.352852345E0
5.227268564E0,2.768404961E0,-1.472290993E0,-2.596659660E0
5.245158945E0,5.362940788E0,-2.218569756E0,1.188443422E0
5.263049509E0,7.355393887E0,-1.048259735E0,3.904664993E0
5.280939646E0,2.348048687E0,6.238136292E-1,2.624958038E0
5.298830027E0,-1.362581551E-1,9.185199738E-1,3.901015520E-1
5.316720408E0,-2.317416430E0,3.768510818E-1,-3.980096579E-1
5.334610788E0,-1.953549862E0,-2.915019989E-1,-9.780364633E-1
5.352501169E0,-7.891441584E-1,-7.270326614E-1,-8.087514043E-1
5.370394601E0,-3.174632490E-1,-1.277798653E0,3.798469305E-1
5.388281931E0,-3.895747066E-1,-1.900593758E0,1.159669757E0
5.406160349E0,-5.038713813E-1,-1.313220978E0,6.288987994E-1
5.424062693E0,-2.322465181E-2,1.141262054E-2,-1.733082235E-1
5.441953196E0,5.704351068E-1,9.997243881E-1,-6.170256138E-1
5.459843515E0,6.947764754E-1,7.514104843E-1,-2.478866279E-1
5.477733896E0,5.469379425E-1,-2.230396271E-1,4.182169437E-1
5.495623544E0,5.326622725E-1,-9.899787903E-1,4.611232877E-1
5.513514658E0,6.122667789E-1,-7.084932327E-1,6.284072995E-1
5.531392527E0,1.195880651E0,3.212308884E-1,4.454099536E-1
5.549295420E0,-3.768750429E-1,1.029974937E0,-3.182941079E-1
5.567186349E0,-1.087749481E0,2.052012444E0,2.066637278E-1
5.585075998E0,-1.321770668E0,7.707748413E-1,-1.216086224E-1
5.602966257E0,-8.062619567E-1,-3.563241959E-1,-6.198937893E-1
5.620847665E0,-7.065525651E-2,-6.037788391E-1,-4.030209482E-1
5.638747019E0,-2.121505737E-1,-2.280178070E-1,4.805315137E-1
5.656627634E0,-6.393731236E-1,-3.241872787E-1,3.818042278E-1
5.674527536E0,-1.443372965E0,-5.544052124E-1,3.204432726E-1
5.692413583E0,-1.165231586E0,-5.419731140E-2,1.861004531E-1
5.710308542E0,-5.365336537E-1,2.726173401E-2,1.664809585E-1
5.728198984E0,-1.126858592E-1,-9.546661377E-2,-5.956889689E-2
5.746089609E0,1.459036171E-1,6.275844574E-2,7.688261569E-3
5.763979380E0,6.659820676E-2,8.125400543E-2,3.632976487E-2
5.781861704E0,-3.677019477E-2,-2.393465042E-1,-1.184712797E-1
5.799760263E0,1.196431071E-1,-4.632215500E-1,-7.558964193E-2
5.817650644E0,1.512687802E-1,-3.342370987E-1,2.660885453E-1
5.835541147E0,1.329401433E-1,-1.241855621E-1,4.701977372E-1
5.853436716E0,3.412775695E-1,-3.160629272E-1,2.013439238E-1
5.871320932E0,6.708664298E-1,-9.616317749E-1,-9.081262350E-2
5.889212290E0,8.020948172E-1,-1.306511879E0,2.635385990E-1
5.907105601E0,5.769768953E-1,-1.157613754E0,6.073315144E-1
5.924992868E0,1.803896427E-1,-7.225961685E-1,4.129183292E-1
5.942883310E0,-1.564065814E-1,-4.757499695E-1,-5.794832110E-1
5.960773752E0,-1.288349032E-1,-1.152687073E-1,-1.931079149E0
5.978664255E0,5.007610321E-1,6.370878220E-1,-3.049305439E0
5.996554514E0,7.179507613E-1,1.468278885E0,-2.968619585E0
6.014447519E0,9.024524689E-1,1.487841606E0,-2.226606846E0
6.032335215E0,1.032357931E0,6.492395401E-1,-9.021766186E-1
6.050222604E0,5.644304752E-1,2.087917328E-1,2.899440527E-1
6.068115976E0,2.666130066E-1,5.058746338E-1,6.429229975E-1
6.086006296E0,4.492436349E-1,1.171535492E0,3.463987112E-1
6.103900949E0,6.265701652E-1,1.490866661E0,-5.008967519E-1
6.121790170E0,6.222671270E-1,9.080038071E-1,-8.958767056E-1
6.139677439E0,6.622816324E-1,5.875940323E-1,-9.375622272E-1
6.157555857E0,8.961468935E-1,7.967519760E-1,-1.261018872E0
6.175457956E0,1.166980982E0,-1.077432632E-1,-1.348325253E0
6.193345346E0,7.171294093E-1,-1.622633934E0,-6.122144461E-1
6.211235910E0,2.477488518E-1,-1.880077362E0,6.464603543E-1
6.229129343E0,-2.806348801E-1,-7.816963196E-1,1.208209753E0
6.247022775E0,-1.008580923E0,3.364171982E-1,4.401617050E-1
6.264909922E0,-1.294234037E0,7.761478424E-1,-1.024042845E0
6.282800242E0,-6.974277496E-1,6.635103226E-1,-1.261320949E0
6.300690928E0,3.164183199E-1,1.280126572E-1,-4.433057606E-1
6.318578073E0,1.002172470E0,-4.735298157E-1,9.515601993E-1
6.336471445E0,3.368818760E-1,-7.689962387E-1,6.193683147E-1
6.354364755E0,2.861691713E0,-3.708553314E-2,4.651810825E-1
6.372252146E0,2.352292061E0,3.344097137E-1,2.460830808E-1
6.390142771E0,3.449268937E-1,3.837490082E-2,2.060958296E-1
6.408033152E0,-9.408738613E-1,-5.166053772E-3,-1.980536878E-1
6.425923288E0,-8.693175316E-1,-1.146221161E-2,-7.325454950E-1
6.443813730E0,-4.595950246E-1,-1.654977798E-1,-7.877556086E-1
6.461704355E0,-1.140868664E-1,-2.176952362E-1,-2.507816851E-1
6.479594431E0,1.740248054E-1,-8.256626129E-2,9.439775348E-2
6.497484568E0,2.647749186E-1,-5.544471741E-2,1.056202650E-1
6.515375437E0,1.424946785E-1,-2.262325287E-1,7.399725914E-2
6.533268076E0,3.167809546E-2,-2.848625183E-1,-3.253728151E-2
6.551141611E0,1.003562659E-1,-5.264472961E-2,-1.045096815E-1
6.569034617E0,8.067439497E-2,1.549463272E-1,-1.707717776E-1
6.586939645E0,-5.176904798E-2,1.146411896E-1,-4.509216547E-1
6.604827219E0,-1.542630345E-1,-8.290290833E-3,-4.659819603E-1
6.622720712E0,-1.816193163E-1,-3.440952301E-2,-1.688923836E-1
6.640608164E0,-4.849907756E-2,-1.218843460E-1,-6.729447842E-2
6.658498179E0,2.799792886E-1,-2.143821716E-1,-2.675675750E-1
6.676391305E0,5.401643515E-1,-7.463550568E-2,-2.675982714E-1
6.694281992E0,4.609549940E-1,1.470422745E-1,-8.854100108E-2
6.712157419E0,3.477420807E-1,1.550045013E-1,-4.765644670E-2
6.730059763E0,-6.284207106E-2,1.259374619E-1,-1.174355745E-1
6.747950632E0,-1.969360411E-1,3.418350220E-2,-2.124248743E-1
6.765840525E0,-2.089039087E-1,4.596900940E-2,-1.128332615E-1
6.783731211E0,-2.487795949E-1,5.080509186E-2,-1.054091454E-1
6.801621592E0,-2.400687933E-1,-6.406593323E-2,-6.105509400E-2
6.819511667E0,1.471132040E-2,2.187442780E-2,8.962512016E-3
6.837396738E0,2.538169026E-1,6.793975830E-2,-6.028804183E-2
6.855279977E0,1.884445846E-1,1.256637573E-1,-1.265960336E-1
6.873171824E0,-8.583702147E-2,7.275199890E-2,-2.739226818E-1
6.891062936E0,-2.016248256E-1,5.359554291E-2,-3.996615708E-1
6.908952402E0,-1.830929965E-1,6.766033173E-2,-1.826204658E-1
6.926842417E0,-1.322393566E-1,1.265811920E-2,9.650558233E-3
6.944733408E0,-7.296971977E-2,-7.655143738E-3,-1.112123430E-1
6.962627146E0,-5.153135955E-2,-2.947616577E-2,-1.617947519E-1
6.980513682E0,-1.093393564E-2,-9.247016907E-2,-3.077250719E-2
6.998415476E0,-9.194254875E-3,-3.157424927E-2,-1.902725995E-1
7.016306101E0,5.179278553E-2,5.415916443E-2,-2.370969951E-1
7.034196787E0,1.250846684E-2,9.189987183E-2,-9.123420715E-2
7.052086863E0,5.854921043E-2,2.530670166E-2,-5.964714289E-2
7.069977304E0,6.489105523E-2,-1.175785065E-2,-1.559366286E-1
7.087867685E0,4.707939923E-2,7.926559448E-2,-2.190346122E-1
7.105757761E0,9.180244803E-2,9.369850159E-2,-2.084665000E-1
7.123648386E0,1.343031526E-1,5.540847778E-3,-8.044853806E-2
7.141538767E0,1.485354006E-1,-3.726196289E-2,-6.033542752E-2
7.159429148E0,1.107712537E-1,1.029205322E-2,-5.367183685E-2
7.177319284E0,-5.052019656E-2,-2.151298523E-2,-6.162920594E-2
7.195209848E0,-5.816335976E-2,-8.061504364E-2,-1.254476011E-1
7.213100229E0,1.522579044E-1,-3.708457947E-2,-7.978272438E-2
7.230990610E0,2.702935636E-1,5.428886414E-2,-1.017974615E-1
7.248878244E0,2.451135069E-1,1.006431580E-1,-1.208459139E-1
7.266771433E0,1.165441275E-1,8.267116547E-2,-5.176290870E-2
7.284649667E0,-6.687024236E-2,6.100463867E-2,4.375237226E-2
7.302555185E0,-1.645682454E-1,1.326007843E-1,-1.417317092E-1
7.320442636E0,-7.750903070E-2,5.494785309E-2,-2.858467698E-1
7.338333200E0,5.311764777E-2,-7.743453979E-2,-2.660799026E-2
7.356223398E0,1.335927397E-1,-6.614303589E-2,1.954133362E-1
7.374110788E0,1.531650126E-1,-5.796909332E-2,1.256054640E-1
7.392004038E0,1.715850830E-1,-6.494998932E-2,-9.007385373E-2
7.409894663E0,2.411812991E-1,6.112670898E-2,-1.357767880E-1
7.427785166E0,2.710827291E-1,1.960735321E-1,-2.065644264E-1
7.445675486E0,2.205357999E-1,1.957197189E-1,-2.846077383E-1
7.463553659E0,1.247716546E-1,1.291608810E-1,-2.589086890E-1
7.481456553E0,1.244080514E-1,6.738185883E-2,-1.883438230E-1
7.499344491E0,1.646884829E-1,5.028438568E-2,-1.377478838E-1
7.517237070E0,2.221694291E-1,2.152252197E-2,-1.645900309E-1
7.535127390E0,1.358880997E-1,-5.084609985E-2,-1.733174324E-1
7.553017710E0,-5.352868140E-2,2.004623413E-2,-5.236321688E-2
7.570905222E0,-1.550547332E-1,2.754974365E-2,-3.809121251E-2
7.588784799E0,-1.015699953E-1,-2.556610107E-2,-1.231743097E-1
7.606677378E0,-2.592021227E-2,-6.671905518E-3,-9.178283811E-2
7.624567820E0,5.051752925E-2,8.405590057E-2,-1.727452874E-2
7.642458322E0,1.131060645E-1,7.526588440E-2,4.205942154E-3
7.660348642E0,1.066970974E-1,7.165145874E-2,-1.161657870E-1
7.678250620E0,9.422005713E-2,8.255481720E-2,-1.685354710E-1
7.696140818E0,-5.816623569E-3,8.545207977E-2,-1.124102473E-1
7.714034251E0,-5.321662128E-2,1.738262177E-2,-6.728780270E-2
7.731921763E0,-9.860672057E-2,-2.744293213E-2,-8.409044147E-2
7.749811960E0,-4.854142666E-2,1.607131958E-2,-9.105846286E-2
7.767690683E0,-7.306300104E-2,1.361370087E-2,1.240259409E-2
7.785593210E0,-3.070484102E-2,-7.282924652E-2,3.914722800E-2
7.803486398E0,4.097142816E-2,-7.996463776E-2,3.544613719E-2
7.821373789E0,3.473854065E-2,-5.738353729E-2,1.730650663E-2
7.839265085E0,-1.247665137E-1,-9.467124939E-3,-1.282572746E-3
7.857154551E0,-2.836542726E-1,3.417205811E-2,-5.989295244E-2
7.875041941E0,-2.152047604E-1,-4.037952423E-2,-8.254843950E-2
7.892932321E0,-1.422758251E-1,-2.418422699E-2,-7.763898373E-2
7.910825632E0,-1.738095284E-2,9.661102295E-2,-8.118219674E-2
7.928716318E0,1.258819699E-1,1.441192627E-1,-8.447746933E-2
7.946606455E0,-5.680949986E-2,1.969146729E-2,1.530215144E-2
7.964499765E0,-4.714781642E-1,-2.540588379E-2,1.315994561E-2
7.982387461E0,-5.675827265E-1,8.108329773E-2,6.010143459E-2
8.000269480E0,-6.013003588E-1,9.772396088E-2,1.512062699E-1
8.018165292E0,-6.825852394E-1,-1.059217453E-1,2.382280529E-1
8.036055612E0,-7.443726063E-1,-1.839456558E-1,3.833600879E-1
8.053937265E0,-6.321000457E-1,-6.036281586E-2,7.361127138E-1
8.071839304E0,-5.616592169E-1,-1.695137024E-1,1.091761947E0
8.089728830E0,-4.220988154E-1,-4.038267136E-1,1.144207478E0
8.107608347E0,-3.419288993E-1,-3.476696014E-1,1.161576271E0
8.125510325E0,-2.265262753E-1,-4.166889191E-2,1.288277268E0
8.143400827E0,-4.187801480E-2,3.618745804E-1,1.213610649E0
8.161281382E0,1.263936907E-1,7.425785065E-1,8.846793771E-1
8.179184701E0,2.788367867E-2,3.831949234E-1,5.738911033E-1
8.197072336E0,-5.944938660E-1,-1.022138596E0,9.041390419E-1
8.214952524E0,-1.698434830E0,-2.653347969E0,2.354834318E0
8.232841379E0,-2.718602180E0,-2.619986534E0,2.513991833E0
8.250731394E0,-1.862393141E0,-1.351677895E0,7.155700922E-1
8.268623667E0,-2.505446672E-1,-1.841392517E-1,-3.725365400E-1
8.286514475E0,1.226366520E0,3.934001923E-1,-7.660630941E-1
8.304403513E0,1.357715130E0,3.682994843E-1,-1.094442129E0
8.322294321E0,9.697329998E-2,1.820640564E-1,-7.681431770E-1
8.340185862E0,-8.701552153E-1,4.263210297E-2,-7.978944778E-1
8.358072824E0,-9.662091732E-1,5.347251892E-3,-1.081962824E0
8.375965159E0,-5.550795794E-1,1.258430481E-1,-1.033004284E0
8.393854624E0,2.670224905E-1,2.336645126E-1,-5.458073616E-1
8.411746286E0,1.091403604E0,2.642984390E-1,-1.031582355E-1
8.429636728E0,1.388777733E0,4.234895706E-1,-2.124121189E-1
8.447526133E0,1.383287668E0,6.771249771E-1,-5.167484283E-1
8.465417551E0,1.117664337E0,8.701524734E-1,-5.457918644E-1
8.483307443E0,9.018505812E-1,9.828014374E-1,-3.590104580E-1
8.501198618E0,6.459439993E-1,1.098990440E0,-2.311749458E-1
8.519089670E0,5.330046415E-1,1.104763985E0,1.109004021E-2
8.536977548E0,5.628263950E-1,1.075601578E0,2.294955254E-1
8.554883310E0,4.793100357E-1,1.138502121E0,3.904700279E-1
8.572770578E0,-2.753448486E-2,1.108861923E0,3.982839584E-1
8.590657174E0,-6.165291071E-1,8.993539810E-1,6.240224838E-2
8.608551767E0,-7.376070023E-1,9.362783432E-1,4.228830338E-2
8.626441904E0,-7.446573973E-1,1.014351845E0,2.019171715E-1
8.644335458E0,-8.835173845E-1,8.785219193E-1,3.648085594E-1
8.662222849E0,-8.796654940E-1,5.798072815E-1,3.634676933E-1
8.680113291E0,-6.008746624E-1,4.746665955E-1,3.500833511E-1
8.698000986E0,-1.075271368E-1,4.889068604E-1,2.965192795E-1
8.715893992E0,3.515876532E-1,3.966531754E-1,8.563437462E-1
8.733784372E0,4.210556746E-1,3.480119705E-1,1.544117212E0
8.751675058E0,1.048038006E-1,3.340616226E-1,1.622686863E0
8.769565439E0,-5.210919380E-1,2.511301041E-1,1.010697126E0
8.787444284E0,-7.107247114E-1,2.284545898E-1,8.217973709E-1
8.805343027E0,-5.589013100E-1,4.161624908E-1,9.087333679E-1
8.823224924E0,-3.999532461E-1,6.081676483E-1,1.051139116E0
8.841126902E0,-1.934022903E-1,4.240112305E-1,1.625365973E0
8.859017283E0,7.681810856E-2,-3.677368164E-1,2.700951099E0
8.876907724E0,6.241560578E-1,-2.978136063E0,2.035390139E0
8.894786631E0,-1.064947844E-1,-4.055567741E0,5.487408638E-1
8.912688364E0,-2.461886406E-1,-1.540781975E0,1.475526333E0
8.930578623E0,-8.653999567E-1,-3.959436417E-1,2.265117884E0
8.948469736E0,-1.168967009E0,-3.115644455E-1,1.414831400E0
8.966359873E0,-2.964540720E-1,4.538373947E-1,1.415095329E-1
8.984253183E0,1.382716894E0,1.865366936E0,-1.431692123E0
9.002140146E0,3.035542488E0,2.446695328E0,-2.031671524E0
9.020030954E0,3.404211998E0,2.416751862E0,-4.873185158E-1
9.037918100E0,2.651326180E0,8.722543716E-1,6.565330029E-1
9.055811960E0,9.620637894E-1,-1.010430336E0,-6.709651947E-1
9.073702402E0,-4.112540483E-1,-1.569714546E0,-2.434938669E0
9.091587046E0,-9.673060179E-1,-3.667497635E-1,-2.321014643E0
9.109480356E0,-3.898944855E-1,9.184427261E-1,-1.378604293E0
9.127373423E0,-2.801941633E-1,1.057476044E0,-2.076072454E0
9.145260874E0,-9.935758114E-1,5.627937317E-1,-2.933401108E0
9.163154490E0,-1.767788529E0,-2.522258759E-1,-2.501861095E0
9.181045176E0,-2.186749220E0,-9.800968170E-1,-1.382622719E0
9.198935251E0,-2.012684822E0,-8.192796707E-1,-9.859638214E-1
9.216825632E0,-8.366838694E-1,-9.763431549E-2,-7.366759181E-1
9.234716074E0,7.514885664E-1,5.976114273E-1,-2.514467239E-1
9.252606333E0,1.942349434E0,1.028460503E0,6.461775303E-1
9.270497019E0,1.802667379E0,9.684238434E-1,3.040788174E-1
9.288387461E0,9.894571304E-1,6.459417343E-1,-2.289110422E-1
9.306278086E0,-2.615448236E-1,2.774133682E-1,-1.121174693E-1
9.324170969E0,-1.350502610E0,-1.093196869E-1,2.422937453E-1
9.342061655E0,-1.327683687E0,-1.405601501E-1,1.710888445E-1
9.359948984E0,-2.787637711E-1,2.658729553E-1,5.326552689E-2
9.377839548E0,8.656480908E-1,5.728321075E-1,5.439961553E-1
9.395729990E0,9.412027597E-1,7.234048843E-1,5.867762566E-1
9.413608408E0,2.323183417E-1,7.697944641E-1,2.586188912E-1
9.431510813E0,-4.478917122E-1,4.688425064E-1,-5.410677195E-2
9.449401316E0,-6.254114509E-1,-1.419353485E-1,-9.989672899E-2
9.467291452E0,-3.559443951E-1,-4.344940186E-1,2.325028181E-1
9.485184640E0,-2.680508494E-1,-5.976734161E-1,1.024016142E0
9.503066538E0,-3.469550014E-1,-5.365924835E-1,1.763204575E0
9.520962839E0,-8.795550466E-1,-3.197002411E-1,1.933574557E0
9.538852976E0,-1.982349753E0,-5.111083984E-1,1.540372968E0
9.556743601E0,-3.034302950E0,-9.765138626E-1,9.927750826E-1
9.574634043E0,-3.672138691E0,-5.242786407E-1,1.924119234E0
9.592519968E0,-3.143197060E0,2.374544144E-1,4.256043434E0
9.610412058E0,-2.283503294E0,-1.617901802E0,4.285077095E0
9.628305613E0,-4.113871574E0,-5.151337624E0,2.121067286E0
9.646184031E0,-5.270930290E0,-4.935980797E0,9.222922325E-1
9.664086191E0,-4.389943600E0,-3.270906448E0,1.070364475E0
9.681976755E0,-6.589922309E-1,-2.450448036E0,1.749210119E0
9.699866831E0,1.623693466E0,-1.314036369E0,1.834595084E0
9.717757334E0,2.943198442E0,-6.227779388E-2,1.461214542E0
9.735648142E0,3.619258404E0,1.149177551E-1,1.878260016E0
9.753538523E0,3.816828966E0,-5.555582047E-1,-2.364213765E-2
9.771414316E0,2.196257591E0,-9.967460632E-1,-2.863864899E0
9.789309092E0,-7.143227458E-1,-1.147209167E0,-3.584825277E0
9.807199289E0,-2.073971987E0,-7.921657562E-1,-3.206439495E0
9.825089975E0,-1.850683808E0,-9.091844559E-1,-1.933545232E0
9.842981821E0,-1.188319445E0,-1.547303200E0,-9.505343437E-2
9.860869761E0,-2.484467030E-1,-1.664869308E0,-2.685030699E-1
9.878760202E0,1.841521859E0,-5.877857208E-1,-1.393373966E0
9.896650584E0,3.468323708E0,4.037055969E-1,-1.754684567E0
9.914541818E0,3.526307106E0,1.116422653E0,-2.280259132E0
9.932432016E0,2.961767197E0,1.348415375E0,-2.447490692E0
9.950323435E0,1.874623299E0,1.336263180E0,-2.527889490E0
9.968212595E0,6.294287443E-1,1.032678127E0,-2.147321701E0
9.986102549E0,4.189716578E-1,7.904510498E-1,-1.720056295E0
1.000400416E1,8.788168430E-1,9.495496750E-1,-2.028097391E0
1.002189503E1,1.014427662E0,1.301883698E0,-2.333880901E0
1.003978517E1,1.021548033E0,1.809579849E0,-1.788393497E0
1.005767787E1,1.097035885E0,2.122963905E0,-1.248489141E0
1.007556611E1,7.874513865E-1,1.938222408E0,-1.158920765E0
1.009345551E1,4.342454672E-1,1.710735321E0,-8.997423649E-1
1.011133241E1,4.299509525E-2,1.676697254E0,-3.249349594E-1
1.012923902E1,-5.418045521E-1,1.586972713E0,2.693109512E-1
1.014713062E1,-9.477267265E-1,1.333528519E0,3.834257126E-1
1.016501826E1,-9.609208107E-1,5.075511932E-1,4.180655479E-1
1.018290864E1,-3.261010647E-1,-5.330934525E-1,1.066782236E0
1.020079933E1,-4.024158716E-1,-1.408054352E0,2.681501627E0
1.021867426E1,-9.326151609E-1,-1.527314186E0,3.297976494E0
1.023658033E1,-1.301621318E0,-9.362745285E-1,3.163604259E0
1.025447346E1,-9.850633144E-1,6.356239319E-3,2.537668943E0
1.027236103E1,-9.942799807E-1,1.270126820E0,1.446801424E0
1.029025117E1,-1.700929880E0,1.608052254E0,1.317424774E0
1.030812745E1,-3.822044134E-1,-4.029484749E0,-1.424329281E-1
1.032602052E1,1.550945401E0,-8.249960899E0,-2.001767635E0
1.034392262E1,1.548522234E0,-5.107057571E0,1.981693506E0
1.036181568E1,1.932517409E0,-2.947330475E-1,3.216219187E0
1.037970356E1,2.994835377E0,1.913692951E0,-1.780288935E0
1.039758198E1,3.557576180E0,3.011824131E0,-4.284636497E0
1.041547291E1,4.708227158E0,2.901201248E0,-4.739118576E0
1.043337519E1,4.265472889E0,1.358705521E0,-4.833981037E0
1.045126502E1,1.413481355E0,-9.023914337E-1,-3.882369041E0
1.046915577E1,-1.629604697E0,-2.209966660E0,-2.437911034E0
1.048704914E1,-3.682850838E0,-2.285498619E0,-2.581756115E0
1.050493659E1,-2.928774118E0,-9.503679276E-1,-1.812907219E0
1.052281489E1,-4.522675276E-1,7.185192108E-1,-1.405168414E0
1.054071754E1,2.002541542E0,1.605817795E0,-1.873686314E-1
1.055860792E1,3.140009880E0,1.273181915E0,-3.828066587E-2
1.057649806E1,2.929624557E0,2.464437485E-1,3.542321920E-2
1.059439167E1,1.488368034E0,-8.119201660E-2,1.391573548E-1
1.061226722E1,2.482765913E-1,5.058174133E-1,-1.139781475E-1
1.063016963E1,-4.664284587E-1,8.473348618E-1,-3.762965798E-1
1.064806031E1,-7.011657357E-1,4.320621490E-1,-7.285562158E-2
1.066595039E1,-7.764143944E-1,2.694330215E-1,3.605708778E-1
1.068384083E1,-8.734457493E-1,6.131582260E-1,1.083602905E-1
1.070173170E1,-4.376213551E-1,5.562458038E-1,1.706040949E-1
1.071962153E1,7.287916541E-2,2.262792587E-1,5.730141997E-1
1.073750032E1,8.845093846E-2,2.454986572E-1,5.124449134E-1
1.075540565E1,-1.258887351E-1,-3.156747818E-1,4.012970924E-1
1.077329316E1,-4.907709360E-1,-9.261207581E-1,8.519920707E-1
1.079118488E1,-7.354638577E-1,-4.268712997E-1,1.386469483E0
1.080907099E1,-6.196856499E-1,5.784997940E-1,1.200914025E0
1.082695429E1,-1.017330885E0,8.044748306E-1,1.037590742E0
1.084484327E1,-2.290082455E0,1.573562622E-2,1.376095533E0
1.086273365E1,-2.689316750E0,-6.549720764E-1,1.806399345E0
1.088063600E1,-2.729544401E0,-8.292856216E-1,2.643016338E0
1.089852888E1,-2.801544905E0,-9.253463745E-1,2.503700733E0
1.091641670E1,-2.550470829E0,-6.199274063E-1,2.174652338E0
1.093431013E1,-1.978017092E0,-2.863264084E-1,3.129375935E0
1.095219764E1,-2.000388622E0,-1.728066444E0,3.701520443E0
1.097008790E1,-4.252460480E0,-5.211911201E0,2.035490751E0
1.098797852E1,-4.698811531E0,-3.731266975E0,1.743902922E0
1.100586866E1,-3.288000584E0,-8.164415359E-1,1.492916942E0
1.102375953E1,-1.069278717E0,1.978635788E-1,6.805319786E-1
1.104164991E1,4.922431707E-1,-2.768754959E-1,1.063219190E0
1.105954023E1,2.051794529E0,-2.013509750E0,2.441427708E0
1.107742805E1,2.963726282E0,-3.626433372E0,1.350986958E0
1.109531837E1,1.834135532E0,-3.521615982E0,-2.519889832E0
1.111321162E1,8.755972385E-1,-2.729951859E0,-4.802699089E0
1.113110200E1,1.104986191E0,-2.775345802E0,-4.022600651E0
1.114897798E1,5.456748009E-1,-3.286096573E0,-1.309222221E0
1.116688270E1,1.195594072E-1,-2.632235527E0,2.046473980E0
1.118477369E1,1.587924957E0,-1.208911896E0,1.314404368E0
1.120266377E1,1.346584201E0,-6.166162491E-1,-1.020660639E0
1.122055445E1,1.962922215E0,5.784130096E-2,-2.643850803E0
1.123844447E1,2.813073635E0,1.032957077E0,-3.580796719E0
1.125633198E1,2.417229176E0,1.510116577E0,-3.210254908E0
1.127422883E1,1.649765491E0,1.870217800E0,-2.267914295E0
1.129211592E1,1.538315892E0,2.360392570E0,-1.801597357E0
1.131000654E1,1.365528464E0,2.381046295E0,-2.499200821E0
1.132789698E1,1.460705280E0,2.394302368E0,-2.822557926E0
1.134578755E1,1.498484850E0,2.234696388E0,-3.057914019E0
1.136367799E1,1.648434639E0,1.998040199E0,-3.181853771E0
1.138156837E1,1.192446828E0,1.708031654E0,-2.210612059E0
1.139945844E1,3.013050556E-2,1.516407013E0,-1.062663555E0
1.141734938E1,-5.610072613E-1,1.454670906E0,-5.134263039E-1
1.143523658E1,-9.195220470E-2,1.580668449E0,2.362155914E-2
1.145313001E1,-3.671514988E-2,1.555838585E0,2.435460091E-1
1.147102351E1,-5.051649809E-1,1.380010605E0,1.406259537E-1
1.148891114E1,-4.011228085E-1,4.985275269E-1,7.157874107E-1
1.150679017E1,8.117246628E-2,-6.841974258E-1,1.870315552E0
1.152469215E1,-3.443433046E-1,-1.293878555E0,2.729270697E0
1.154258253E1,-1.213831067E0,-1.437653542E0,2.519157171E0
1.156046095E1,-1.255167723E-1,-9.972076416E-1,2.960134268E0
1.157836323E1,1.104262590E0,4.027347565E-1,3.464246511E0
1.159625386E1,9.156279564E-1,7.606353760E-1,3.894391775E0
1.161414729E1,4.992554784E-1,-5.583367348E0,1.357202291E0
1.163202528E1,-1.067190409E0,-1.019357872E1,1.051807404E0
1.164992500E1,-3.121117592E0,-6.090308189E0,1.599951744E0
1.166781837E1,4.748045206E-1,1.201120377E0,-2.673098326E0
1.168570582E1,4.183642387E0,4.330796719E0,-4.662018776E0
1.170359663E1,5.484098434E0,4.678874016E0,-3.556692362E0
1.172147676E1,5.544432640E0,3.240672112E0,-4.723449707E0
1.173937733E1,3.376008511E0,9.116706848E-1,-5.338464737E0
1.175726771E1,-2.667384148E-1,-1.991602898E0,-4.383163929E0
1.177516139E1,-3.256728411E0,-3.298032761E0,-2.810974121E0
1.179304878E1,-3.794033527E0,-2.517644882E0,-1.929955959E0
1.181092469E1,-2.216073990E0,-7.916803360E-1,-1.333385944E0
1.182882984E1,3.974225521E-1,1.002907753E0,-1.446010351E0
1.184672315E1,2.308624744E0,1.664505959E0,-6.030715704E-1
1.186461036E1,2.798308849E0,1.297909737E0,-1.052999973E0
1.188249818E1,2.656712532E0,4.263086319E-1,-9.475762248E-1
1.190037946E1,1.461899757E0,-2.108707428E-1,6.001174450E-2
1.191828193E1,8.337634802E-2,-2.460479736E-2,3.047136068E-1
1.193617237E1,-7.225030065E-1,2.845954895E-1,9.659385681E-2
1.195406275E1,-9.701066613E-1,2.803831100E-1,2.465020716E-1
1.197195588E1,-9.715040922E-1,3.115997314E-1,1.856734008E-1
1.198984370E1,-6.171998978E-1,4.167680740E-1,2.489852458E-1
1.200772254E1,-1.070605516E-1,4.973506927E-1,5.846816301E-1
1.202562476E1,-3.241807222E-2,4.581108093E-1,8.709605932E-1
1.204351509E1,-1.248342097E-1,8.477993011E-1,4.587106109E-1
1.206140553E1,2.060806453E-1,1.060071945E0,-6.440404058E-1
1.207929585E1,8.908592165E-3,4.780950546E-1,-6.899573207E-1
1.209718952E1,-2.746064365E-1,-1.601877213E-1,2.503105998E-1
1.211507984E1,-6.426411867E-1,-6.473693848E-1,7.967268825E-1
1.213296723E1,-9.793121815E-1,-7.916469574E-1,1.546370387E0
1.215085755E1,-1.559399247E0,-9.137382507E-1,2.321662426E0
1.216874855E1,-2.133671761E0,-9.940166473E-1,3.083464146E0
1.218663868E1,-2.388428450E0,-2.817773819E-1,2.997454643E0
1.220452937E1,-2.905647039E0,4.676942825E-1,2.424304962E0
1.222241969E1,-3.734766722E0,4.732522964E-1,2.015544415E0
1.224029835E1,-4.104026318E0,-1.477651596E-1,2.209122181E0
1.225820069E1,-4.596499920E0,-2.800289154E0,1.127787352E0
1.227608692E1,-5.375226974E0,-5.277866364E0,1.177299023E-1
1.229398146E1,-5.133749008E0,-2.895943642E0,8.092308640E-1
1.231187220E1,-2.120467186E0,-1.539643288E0,7.749372721E-1
1.232976240E1,1.880264759E0,-1.276112556E0,2.276704788E0
1.234764308E1,4.444790840E0,-1.570630074E0,1.992987275E0
1.236554341E1,4.301363945E0,-2.017550468E0,5.458318591E-1
1.238343379E1,2.404408455E0,-1.994035721E0,-1.574834824E0
1.240132447E1,5.467960835E-1,-1.696826935E0,-2.970509291E0
1.241921485E1,-6.316348910E-1,-1.720083237E0,-2.518677235E0
1.243710810E1,-3.074864149E-1,-1.891023636E0,-1.018144131E0
1.245499580E1,1.039769888E0,-2.084614754E0,-1.096588373E-1
1.247288618E1,2.628641844E0,-1.895318031E0,3.239223957E-1
1.249077674E1,3.318216324E0,-9.740142822E-1,-4.599577188E-1
1.250867018E1,2.841501713E0,-1.027746201E-1,-2.360257149E0
1.252655763E1,1.668686628E0,4.849348068E-1,-3.843209505E0
1.254444795E1,8.272931576E-1,1.047490120E0,-2.902344227E0
1.256232667E1,9.940123558E-2,1.209721088E0,-2.820005894E0
1.258021504E1,2.071501017E-1,1.032946587E0,-2.097564220E0
1.259811640E1,1.035587072E0,1.052926064E0,-1.780987024E0
1.261600965E1,1.888167024E0,1.244001389E0,-2.315523386E0
1.263390046E1,2.169773579E0,1.434221268E0,-1.865217924E0
1.265179072E1,1.820748568E0,1.700298309E0,-8.562781811E-1
1.266968134E1,1.214089036E0,1.763760090E0,-7.206025124E-1
1.268756001E1,5.006341934E-1,1.715089798E0,-1.061078787E0
1.270545936E1,-1.192698479E-1,1.634126186E0,-1.254095316E0
1.272335249E1,-2.090020180E-1,1.783342361E0,-9.699461460E-1
1.274124317E1,-1.421302557E-1,1.954481125E0,-3.419973850E-1
1.275913349E1,-4.830898046E-1,2.083899021E0,-4.984340668E-1
1.277702412E1,-9.094308615E-1,1.701248646E0,-5.496568680E-1
1.279491749E1,-1.422212005E0,7.726793289E-1,1.846928596E-1
1.281280518E1,-1.960237622E0,-9.604454041E-3,3.659613132E-1
1.283069251E1,-1.653127551E0,-9.685897827E-2,2.958679199E-1
1.284858607E1,-3.793581724E-1,-2.236728668E-1,2.019032240E0
1.286647633E1,4.148712158E-1,-4.607400894E-1,3.096423149E0
1.288436720E1,7.599593401E-1,-6.856889725E-1,2.301641226E0
1.290225758E1,1.157080889E0,-4.578189850E-1,1.111685276E0
1.292013319E1,1.225402594E0,2.406396866E-1,1.362286806E0
1.293803553E1,9.692047238E-1,7.394247055E-1,2.080857992E0
1.295592231E1,1.800444007E0,-4.060804367E0,9.355151653E-1
1.297381928E1,5.813463926E-1,-8.871470451E0,2.000926256E0
1.299170973E1,-6.208655834E-1,-8.741228104E0,3.029615641E0
1.300960060E1,-1.271426678E-1,-4.803133011E0,4.757049084E-1
1.302748560E1,2.306997299E0,1.904630661E-1,-3.978423834E0
1.304537818E1,4.079580784E0,2.768748760E0,-6.199261189E0
1.306327168E1,4.029325962E0,3.643757820E0,-6.588109970E0
1.308115675E1,2.762180805E0,3.467574120E0,-5.687259674E0
1.309905268E1,6.851478219E-1,1.305653572E0,-3.635654449E0
1.311694319E1,-3.595583439E-1,-1.815861702E0,-2.313382864E0
1.313483375E1,-1.133112788E0,-3.403464317E0,-1.626447439E0
1.315272389E1,-1.634830236E0,-2.916862488E0,-5.905225277E-1
1.317061451E1,-7.432948351E-1,-7.788066864E-1,-9.441416264E-1
1.318849287E1,6.105759144E-1,1.138881683E0,-1.591320276E0
1.320639546E1,8.583050966E-1,1.668453217E0,-1.679562807E0
1.322428889E1,2.595764399E-1,1.205252647E0,-1.727319360E0
1.324217341E1,-8.186423779E-1,2.224283218E-1,-1.297561765E0
1.326006684E1,-1.804260731E0,-5.288639069E-1,-1.509284735E0
1.327795686E1,-1.719312787E0,-5.160770416E-1,-1.430890560E0
1.329584504E1,-7.735552788E-1,-1.344680786E-1,-6.659539938E-1
1.331373823E1,4.648114443E-1,1.513586044E-1,-2.767465115E-1
1.333161958E1,1.398857594E0,3.196048737E-1,-2.974798679E-1
1.334951948E1,1.773802757E0,2.230911255E-1,-7.846655846E-1
1.336739930E1,1.544972777E0,-3.793334961E-2,-5.363221765E-1
1.338529731E1,1.165561557E0,-2.871160507E-1,3.242506981E-1
1.340319068E1,9.182423353E-1,-5.385046005E-1,1.863786578E-1
1.342108106E1,9.262282848E-1,-2.870016098E-1,-5.352200270E-1
1.343897425E1,1.085985303E0,3.489503860E-1,-9.690762162E-1
1.345686207E1,8.332619667E-1,4.610557556E-1,-5.040864944E-1
1.347474940E1,4.649635553E-1,2.439460754E-1,2.835802436E-1
1.349264320E1,-8.911871910E-2,4.240894318E-2,-2.281094193E-1
1.351053346E1,-3.443061113E-1,-2.517204285E-1,-8.537079096E-1
1.352842402E1,2.242290974E-2,-3.064346313E-2,-1.048596859E0
1.354631452E1,6.212175488E-1,1.740036011E-1,-8.331308365E-1
1.356420783E1,1.007128716E0,1.012802124E-2,2.166405916E-1
1.358209736E1,8.392513990E-1,-6.355857849E-2,2.009954453E-1
1.359998292E1,8.469736576E-2,-4.860391617E-1,-1.162512064E0
1.361787635E1,-4.787634611E-1,-6.507053375E-1,-1.926768184E0
1.363576710E1,-8.741101027E-1,-5.566749573E-1,-1.593890548E0
1.365366023E1,-7.860730886E-1,9.536457062E-2,-1.264857054E0
1.367154780E1,-3.073059320E-1,5.133790970E-1,-7.471436262E-1
1.368943824E1,8.082006574E-1,2.685174942E-1,2.662000060E-1
1.370732887E1,1.624135256E0,-2.154064178E-2,6.413834095E-1
1.372521815E1,1.110896587E0,-1.562070847E-1,-1.315098554E-1
1.374310987E1,-1.587473750E-1,-3.060283661E-1,-2.189776003E-1
1.376100056E1,-7.978692055E-1,-1.882810593E-1,-3.063024282E-1
1.377889088E1,-5.130814314E-1,-4.598712921E-2,-3.659616709E-1
1.379677802E1,1.620184779E-1,1.491794586E-1,-1.706228405E-2
1.381467158E1,6.244410872E-1,2.392625809E-1,5.339688063E-1
1.383255909E1,8.081100583E-1,7.755565643E-2,6.554701328E-1
1.385045259E1,8.465209603E-1,-1.290874481E-1,1.900908351E-1
1.386834321E1,7.254257202E-1,-1.548929214E-1,-4.098270833E-1
1.388623365E1,4.304750860E-1,-1.621398926E-1,-5.763696432E-1
1.390412818E1,2.474462390E-1,-3.267097473E-2,-3.833038211E-1
1.392201466E1,2.925788760E-1,1.366777420E-1,-1.514848769E-1
1.393990480E1,1.919995248E-1,8.440017700E-2,-2.047530115E-1
1.395779542E1,-8.729952574E-2,-1.570234299E-1,-5.060332417E-1
1.397568592E1,-2.875452638E-1,-2.698926926E-1,-3.405487835E-1
1.399357545E1,-1.830340028E-1,-2.559385300E-1,2.143656760E-1
1.401146681E1,1.513820887E-1,-2.015895844E-1,5.880035758E-1
1.402935737E1,3.523867726E-1,1.666259766E-2,5.870898962E-1
1.404724775E1,3.202220201E-1,2.473478317E-1,2.299544066E-1
1.406512409E1,9.256905317E-2,3.570575714E-1,3.878944740E-2
1.408301924E1,-1.079896688E-1,3.371868134E-1,4.396128282E-2
1.410090772E1,-3.183900118E-1,1.797780991E-1,1.510225087E-1
1.411879884E1,-3.502544165E-1,-5.589103699E-2,2.192731202E-1
1.413670332E1,-2.073757052E-1,-1.317195892E-1,1.872842908E-1
1.415459071E1,-9.517985582E-2,-8.271408081E-2,6.673525274E-2
1.417248139E1,-2.241665125E-2,-5.390167236E-3,-5.905822664E-2
1.419037178E1,-2.715456486E-2,4.777050018E-2,-3.764717281E-2
1.420825813E1,-6.301999092E-2,5.829048157E-2,9.559681639E-3
1.422615260E1,-1.893502474E-2,2.821826935E-2,5.446620658E-2
1.424404341E1,7.768663764E-2,3.183269501E-2,3.660088405E-3
1.426193409E1,9.016335011E-2,7.824516296E-2,-1.937513500E-1
1.427982441E1,2.400076389E-2,1.539020538E-1,-7.375415415E-3
1.429771455E1,-9.178328514E-2,5.726242065E-2,-1.685250551E-3
1.431560816E1,-1.935323477E-1,-8.253955841E-2,-6.571301818E-2
1.433348084E1,-3.116835952E-1,-4.362964630E-2,-8.078873158E-3
1.435138764E1,-2.230910659E-1,5.048751831E-3,7.552853227E-2
1.436927662E1,-1.323273182E-1,-2.475738525E-2,5.299799889E-2
1.438716725E1,-1.647377610E-1,-4.684448242E-2,-7.240815461E-2
1.440505775E1,-1.291748881E-1,-4.000473022E-2,-2.864594012E-2
1.442294825E1,2.005738020E-2,4.186630249E-2,1.478562206E-1
1.444083857E1,1.040794849E-1,1.311607361E-1,6.916428357E-2
1.445872914E1,5.616831779E-2,1.370906830E-1,1.419721544E-2
1.447661970E1,-2.411663532E-2,3.447628021E-2,5.057714134E-2
1.449451026E1,-7.784897089E-2,-8.965396881E-2,4.928179458E-2
1.451240058E1,-7.953256369E-2,-4.933071136E-2,7.901266217E-4
1.453029194E1,-3.308713436E-3,2.201843262E-2,1.118210144E-2
1.454818434E1,4.644322395E-2,8.856773376E-3,8.422894776E-2
1.456607221E1,-3.017067909E-2,-2.958297729E-3,1.926016435E-2
1.458396235E1,-1.282324791E-1,4.520606995E-2,-3.017706051E-2
1.460183839E1,-1.053366065E-1,1.389245987E-1,1.041404344E-2
1.461974598E1,-1.037150621E-1,1.130971909E-1,8.827973157E-2
1.463763911E1,-1.519391537E-1,9.392738342E-3,7.226988673E-2
1.465552436E1,-2.040491104E-1,1.277923584E-4,9.953559190E-2
1.467340791E1,-2.206953764E-1,3.104114532E-2,6.092870608E-2
1.469129341E1,-1.753365397E-1,2.421092987E-2,5.963534489E-2
1.470919599E1,-1.197519302E-1,-1.764869690E-2,6.730087847E-2
1.472708918E1,-1.462342143E-1,-3.418827057E-2,6.609394401E-2
1.474497706E1,-1.381728649E-1,-3.120326996E-2,3.969463706E-2
1.476286744E1,-1.874411106E-2,5.932331085E-2,7.304571569E-2
1.478075788E1,4.392874241E-2,1.224250793E-1,1.069389507E-1
1.479864839E1,-6.288945675E-3,9.361076355E-2,7.330930233E-2
1.481653120E1,-8.588391542E-2,1.110076904E-3,2.500448003E-2
1.483442072E1,-1.360138655E-1,-4.887104034E-2,9.377814829E-3
1.485232002E1,-1.246452332E-1,2.773284912E-2,6.993137300E-2
1.487021040E1,-1.141399741E-1,-2.375411987E-2,1.379432976E-1
1.488808912E1,-5.721700191E-2,-1.904678345E-2,1.501255929E-1
1.490599568E1,-7.186967134E-2,1.023244858E-1,1.615909487E-1
1.492388209E1,-1.076214314E-1,9.451293945E-2,1.345399022E-1
1.494177204E1,-1.492448449E-1,-2.435207367E-2,1.110662669E-1
1.495966303E1,-1.452193856E-1,-3.544521332E-2,1.014522538E-1
1.497754151E1,-4.836893082E-2,4.999256134E-2,1.415783465E-1
1.499544374E1,3.434276581E-2,8.994960785E-2,1.707726270E-1
1.501333424E1,9.030884504E-2,7.813262939E-2,1.259187609E-1
1.503122340E1,7.930219173E-2,6.638240814E-2,5.705309659E-2
1.504911543E1,2.887558937E-2,7.826232910E-2,5.404543877E-2
1.506700971E1,-4.363048077E-2,7.043933868E-2,9.954336286E-2
1.508489656E1,-1.157236695E-1,3.534507751E-2,7.615403831E-2
1.510278706E1,-1.173921227E-1,3.365421295E-2,6.649862230E-2
1.512067750E1,-4.802602530E-2,3.344917297E-2,1.694287211E-1
1.513856794E1,-2.000707388E-2,1.941204071E-2,2.119562626E-1
1.515645826E1,-1.011398435E-1,4.566478729E-2,1.444153637E-1
1.517435194E1,-1.400256157E-1,5.558872223E-2,9.191091359E-2
1.519223914E1,-1.601930857E-1,-1.929092407E-2,1.158956587E-1
1.521012989E1,-1.191849113E-1,-3.701877594E-2,1.550746709E-1
1.522802046E1,-1.770526171E-2,7.179164886E-2,1.174871325E-1
1.524591108E1,5.947577953E-2,1.246824265E-1,4.799357057E-2
1.526378956E1,4.585194588E-2,5.446147919E-2,2.699743211E-2
1.528169160E1,-1.783049107E-2,-1.365184784E-2,6.675912440E-2
1.529958229E1,-6.005859375E-2,3.267765045E-2,3.488476574E-2
1.531746437E1,-6.151914597E-2,6.873321533E-2,-7.264035195E-2
1.533536341E1,-1.524204016E-2,2.166461945E-2,-2.757002413E-2
1.535325410E1,-1.437216997E-2,3.646850586E-2,9.021076560E-2
1.537114448E1,-6.347060204E-2,8.615970612E-2,9.774982929E-2
1.538903498E1,-1.167730093E-1,4.330921173E-2,6.377552450E-2
1.540692805E1,-8.009785414E-2,-4.070377350E-2,8.065027744E-2
1.542481574E1,-4.406756163E-2,1.107978821E-2,1.290611625E-1
1.544270631E1,9.089767933E-3,8.268260956E-2,4.973924160E-2
1.546059718E1,-3.793597221E-3,4.670143127E-2,2.363458276E-3
1.547848731E1,-5.349439383E-2,-2.389907837E-3,4.194916040E-2
1.549637788E1,-9.848946333E-2,3.351688385E-2,3.102827817E-2
1.551427131E1,-4.521006346E-2,3.799152374E-2,1.131416112E-2
1.553215882E1,3.428757191E-3,3.325462341E-3,1.918044686E-2
1.555004926E1,3.211241961E-2,4.966926575E-2,4.138691723E-2
1.556793989E1,3.347039223E-3,6.216812134E-2,3.827578574E-2
1.558583027E1,-1.891523600E-2,1.130199432E-2,5.701462924E-2
1.560372419E1,-3.946363926E-2,-2.458763123E-2,1.474194229E-2
1.562161158E1,-6.549531221E-2,1.274776459E-2,3.266759217E-2
1.563950495E1,-6.173419952E-2,5.965805054E-2,2.928735316E-2
1.565739259E1,-3.715461493E-2,2.035713196E-2,-5.722893029E-2
1.567527967E1,-3.359991312E-2,4.140853882E-3,-8.038766682E-3
1.569317329E1,-2.334976196E-2,4.031181335E-2,9.644171596E-2
1.571106391E1,-7.719832659E-2,4.846286774E-2,6.115996838E-2
1.572895466E1,-1.081423759E-1,2.461433411E-3,1.020865887E-2
1.574684724E1,-9.777009487E-2,4.961967468E-3,7.690781355E-2
1.576473560E1,-5.024975538E-2,-2.583503723E-3,7.495635748E-2
1.578262617E1,2.088344097E-2,3.755187988E-2,-5.546063185E-3
1.580050459E1,2.052289248E-2,4.341411591E-2,-2.102587372E-2
1.581840724E1,-1.464730501E-2,2.333736420E-2,2.511123568E-2
1.583629841E1,-5.933940411E-2,4.002380371E-2,4.242616147E-2
1.585419178E1,-6.025594473E-2,6.339836121E-2,3.316141665E-2
1.587207838E1,-7.090985775E-2,3.185939789E-2,5.617488921E-2
1.588996900E1,-8.352035284E-2,4.921436310E-2,1.059575528E-1
1.590785987E1,-1.210979819E-1,4.086017609E-2,1.079038605E-1
1.592574000E1,-1.235969663E-1,1.277351379E-2,7.596085221E-2
1.594364039E1,-1.200727820E-1,-4.041767120E-2,5.147131532E-2
1.596153095E1,-4.184168577E-2,-7.077217102E-3,6.099493057E-2
1.597942140E1,1.914983988E-2,4.850673676E-2,8.058495820E-2
1.599731227E1,1.722973585E-2,6.697750092E-2,5.015645921E-2
1.601519966E1,-2.075600624E-2,2.040672302E-2,3.079241514E-2
1.603309321E1,-1.562780142E-2,2.480888367E-2,2.122380584E-2
1.605098359E1,-7.880330086E-4,3.388404846E-2,5.279665440E-2
1.606887434E1,4.679346085E-2,-4.450798035E-3,3.336159140E-2
1.608676490E1,5.479049683E-2,3.125190735E-3,7.242983580E-2
1.610465833E1,2.797287703E-2,4.075336456E-2,7.226533443E-2
1.612254560E1,-4.777652025E-2,9.411430359E-2,5.100290477E-2
1.614043629E1,-1.291006207E-1,7.135868073E-2,4.924096167E-3
1.615832661E1,-1.470335126E-1,3.242588043E-2,6.022411585E-2
1.617621730E1,-1.267371774E-1,3.915786743E-2,1.131445616E-1
1.619410780E1,-7.652223110E-2,3.754234314E-2,7.553337514E-2
1.621199800E1,-1.101779938E-2,-2.187633514E-2,1.153322309E-2
1.622988886E1,1.832056046E-2,5.570411682E-3,5.167001486E-2
1.624776753E1,3.836959600E-2,6.102085114E-2,5.909492821E-2
1.626566969E1,1.996320486E-2,7.624244690E-2,8.052530885E-2
1.628356056E1,-4.489856958E-2,5.470085144E-2,9.111508727E-3
1.630145069E1,-6.589496136E-2,2.447319031E-2,4.355177283E-3
1.631934126E1,-4.770112038E-2,3.721332550E-2,7.550184429E-2
1.633723463E1,-1.806867123E-2,4.935550690E-2,9.503608942E-2
1.635512525E1,-7.468819618E-3,2.756118774E-2,1.478269696E-2
1.637300727E1,-1.825559139E-2,-1.684856415E-2,1.753100753E-2
1.639090327E1,-5.664896965E-2,2.820873260E-2,9.914173186E-2
1.640879396E1,-1.230462790E-1,7.907962799E-2,8.562195301E-2
1.642668458E1,-1.493620276E-1,4.865169525E-2,5.391234159E-2
1.644457496E1,-1.720599532E-1,4.876804352E-2,3.252393007E-2
1.646246559E1,-1.462149620E-1,8.486747742E-2,7.043652236E-2
1.648034400E1,-1.418304443E-1,6.333065033E-2,1.041889563E-1
1.649824629E1,-1.683321595E-1,2.070426941E-2,8.319701254E-2
1.651613667E1,-1.047846079E-1,6.274223328E-3,4.818265885E-2
1.653402754E1,-9.503322840E-2,6.446838379E-3,7.245340943E-2
1.655191798E1,-1.240121722E-1,4.000949860E-2,6.384133548E-2
1.656980854E1,-1.776582003E-2,-7.773399353E-3,2.319665253E-2
1.658768726E1,-2.677798271E-3,2.541923523E-2,8.702787757E-2
1.660558961E1,-6.016612053E-3,8.482456207E-2,1.078957319E-1
1.662346797E1,-1.133152843E-1,7.790470123E-2,1.133924425E-1
1.664137062E1,-2.664802074E-1,9.882545471E-2,8.339569718E-2
1.665926087E1,-1.496641636E-1,-1.479244232E-2,1.647440195E-1
1.667715162E1,-6.931787729E-2,-1.516122818E-1,3.242396563E-2
1.669504194E1,2.040877342E-1,-2.897176743E-1,-1.729952395E-1
1.671293269E1,1.122450233E-1,-1.444692612E-1,-3.560971469E-2
1.673082325E1,-7.940768600E-1,8.179998398E-1,3.101109862E-1
1.674871388E1,-8.154438138E-1,6.275901794E-1,2.783125937E-1
1.676660426E1,1.073312163E-1,9.899139404E-3,-2.367294580E-1
1.678449494E1,5.285391808E-1,-5.252256393E-1,-2.619263232E-1
1.680238526E1,3.887724876E-1,-2.689876556E-1,6.061093509E-2
1.682026698E1,4.447613955E-1,-5.277633667E-3,-5.117390305E-2
1.683816621E1,-8.559900522E-2,4.268980026E-1,-5.020469427E-2
1.685605964E1,-1.429748535E-2,-9.977054596E-2,-4.662470520E-1
1.687394721E1,6.107070446E-1,-6.999301910E-2,-2.422585785E-1
1.689183784E1,3.475221694E-1,-3.269958496E-2,-4.806753993E-2
1.690972553E1,2.739655375E-1,-6.571578979E-2,-1.502378434E-1
1.692760762E1,-1.521754265E-2,-3.339862823E-2,-3.987464905E-1
1.694550929E1,1.726360917E-1,1.639394760E-1,-3.611794412E-1
1.696340132E1,4.099544585E-1,2.372283936E-1,-2.775576711E-1
1.698129054E1,5.246797800E-1,1.022100449E-1,2.682554722E-2
1.699918086E1,5.429406762E-1,5.255699158E-3,2.170376182E-1
1.701707130E1,1.694036126E-1,-1.168518066E-1,3.193877339E-1
1.703495667E1,7.978516817E-2,1.948204041E-1,3.496554494E-2
1.705285249E1,-2.914787531E-1,2.925682068E-2,1.765386164E-1
1.707074311E1,-4.853824377E-1,-1.255702972E-1,1.751950979E-1
1.708863380E1,-7.541114092E-2,8.212566376E-2,2.627360523E-1
1.710652412E1,1.460171938E-1,-1.209602356E-1,1.993733346E-1
1.712441480E1,1.305823326E-1,7.193565369E-3,1.777347028E-1
1.714230543E1,-1.199887395E-1,7.528972626E-2,-8.297443390E-2
1.716017909E1,-5.339965224E-1,-6.988525391E-2,-2.951830924E-1
1.717808326E1,-7.726185918E-1,1.522159576E-2,-2.630918026E-1
1.719597700E1,-4.546412826E-1,3.448486328E-3,-2.874454856E-2
1.721386744E1,-2.292575240E-1,-1.720952988E-1,1.384450197E-1
1.723175770E1,-1.449316740E-2,-4.076194763E-2,2.965874970E-1
1.724964845E1,9.809851646E-2,1.294183731E-1,2.033890486E-1
1.726752711E1,-1.034260392E-1,2.989311218E-1,1.011540592E-1
1.728542652E1,-3.324952722E-1,2.927865982E-1,-2.020063996E-1
1.730331349E1,-6.463519335E-1,4.862298965E-1,-3.735818863E-1
1.732119953E1,-7.049915791E-1,2.325992584E-1,-2.624722719E-1
1.733908930E1,-1.021391749E-1,-2.185516357E-1,-2.510775626E-1
1.735699171E1,1.954194307E-1,-3.500862122E-1,1.071952879E-1
1.737488203E1,-3.025388718E-2,1.867113113E-1,4.092666507E-1
1.739277265E1,-1.459427476E-1,-1.629152298E-1,8.842140436E-2
1.741066609E1,1.422313452E-1,-7.946491241E-2,2.681827545E-2
1.742855366E1,-4.037380219E-2,5.714988708E-2,1.757698059E-1
1.744644410E1,-1.348845363E-1,-8.524703979E-2,-1.789543629E-1
1.746433717E1,-2.085128427E-1,2.685127258E-1,-9.120365977E-2
1.748222535E1,-1.122742891E-1,3.279361725E-1,7.332786918E-2
1.750011592E1,-1.656777263E-1,8.535900116E-1,7.619243860E-2
1.751800361E1,-5.593323112E-1,-6.442327499E-1,-2.935116291E-1
1.753589692E1,-9.014425874E-1,-3.849096298E-1,-6.012976170E-2
1.755378071E1,9.278297424E-2,3.125524521E-1,1.231512427E-1
1.757167799E1,1.813586950E-1,1.842718124E-1,6.525379419E-2
1.758956568E1,-1.866093278E-1,1.344513893E0,-5.170089006E-2
1.760744752E1,2.056496143E-1,-1.661796570E-1,-5.977767110E-1
1.762534644E1,4.711188674E-1,-1.504634857E0,2.100903392E-1
1.764324000E1,2.079039812E-1,-4.677801132E-1,6.263504624E-1
1.766113063E1,5.646312237E-2,4.921283722E-1,5.946021080E-1
1.767902125E1,9.197413921E-2,7.236480713E-2,-1.356023550E-2
1.769691163E1,-2.432982326E-1,3.278026581E-1,-2.529829144E-1
1.771480213E1,-3.118271828E-1,5.326223373E-1,4.375255108E-2
1.773269258E1,-2.094240785E-1,3.406534195E-1,2.219057679E-1
1.775058320E1,6.763029099E-2,8.558940887E-2,8.498239517E-2
1.776847389E1,5.882943869E-1,4.659938812E-1,2.228093147E-2
1.778636445E1,8.983144760E-1,5.158557892E-1,1.621391177E-1
1.780424488E1,6.693712473E-1,-9.647941589E-2,-5.449295044E-3
1.782214552E1,1.352090240E-1,-1.851444244E-1,3.006145358E-1
1.784002644E1,-2.473935485E-1,-5.071353912E-1,2.119016647E-1
1.785792201E1,-4.464617968E-1,-3.129882812E-1,9.799420834E-3
1.787581977E1,-2.577273846E-1,-4.664802551E-2,-2.685259581E-1
1.789370753E1,-6.660848856E-2,-1.661987305E-1,-1.570781767E-1
1.791159791E1,3.746062517E-2,1.748294830E-1,6.713497639E-2
1.792948872E1,1.247363687E-1,6.522569656E-1,1.164450645E-1
1.794737892E1,6.173642874E-1,1.514148712E-2,-3.207519948E-1
1.796526704E1,1.581044793E-1,-4.986181259E-1,-4.308670759E-2
1.798316017E1,-9.438099861E-1,2.162637711E-1,6.049811840E-1
1.800105079E1,-1.214193821E0,4.805240631E-1,5.996512175E-1
1.801894117E1,-1.275308132E0,1.950536251E0,6.351681352E-1
1.803683204E1,3.738904595E-1,-4.045505524E-1,-6.702514291E-1
1.805472212E1,5.776888132E-1,-1.009313583E0,-3.746058941E-1
1.807261299E1,3.293761015E-1,-7.356185913E-1,3.956660628E-1
1.809048896E1,7.009042501E-1,-1.405134201E-1,1.087768793E0
1.810839424E1,6.964468956E-1,5.179138184E-1,9.335988164E-1
1.812628468E1,1.275845289E0,-1.113678932E0,-3.905433416E-1
1.814416725E1,6.964498758E-2,2.220252037E0,-1.346577406E-1
1.816206568E1,-1.842088699E-1,3.925523758E-1,-5.965448618E-1
1.817995631E1,-9.415536523E-1,-3.917388916E-1,-6.473859549E-1
1.819784663E1,-1.724456310E0,-1.414191246E0,-2.087292671E-1
1.821572718E1,-6.862995625E-1,-6.716184616E-1,6.781607866E-1
1.823362843E1,2.433386445E-1,-4.626941681E-2,8.589385152E-1
1.825151826E1,4.650721848E-1,1.715097427E-1,6.842485666E-1
1.826940913E1,-5.727501512E-1,2.312364578E-1,4.550616145E-1
1.828729933E1,-9.696718454E-1,3.440666199E-1,4.671395421E-1
1.830519013E1,-7.253829241E-1,5.735950470E-1,4.180240631E-2
1.832308058E1,-3.214896917E-1,7.595090866E-1,-3.463298082E-2
1.834095753E1,-8.728643656E-1,5.461139679E-1,-3.455239534E-2
1.835886176E1,-1.454907060E0,1.893730164E-1,-1.856725812E-1
1.837675202E1,-1.082817197E0,-3.247871399E-1,-2.960205078E-2
1.839464283E1,4.826568365E-1,-9.221620560E-1,-3.702206314E-1
1.841253315E1,2.410364628E0,-1.473578453E0,4.654461741E-1
1.843042616E1,2.293982029E0,-2.757101059E-1,-6.255052090E-1
1.844831446E1,1.733547926E0,-1.471269608E0,1.393202305E0
1.846620503E1,-2.710608840E-1,-9.127311707E-1,2.096050024E0
1.848409553E1,-8.103119135E-1,-1.043488503E0,2.721140385E-1
1.850198585E1,-8.955625892E-1,-2.563381195E-2,-1.698708296E0
1.851987647E1,-6.756419539E-1,-8.216552734E-1,-1.611119509E0
1.853776576E1,-2.665235996E-1,-1.124043465E0,4.037728310E-1
1.855565748E1,-3.813750148E-1,-1.064914703E0,-2.595422268E-1
1.857354829E1,-3.639689982E-1,-1.924192429E0,-9.992650151E-1
1.859142720E1,-4.182034731E-2,-1.578359604E0,2.789692581E-1
1.860932936E1,8.157482743E-2,-2.112112045E-1,9.053195119E-1
1.862722187E1,-2.739236653E-1,5.780029297E-1,-1.426860690E-1
1.864511061E1,-4.610954225E-2,-6.579542160E-1,-8.109120131E-1
1.866300093E1,-4.532864690E-2,-5.466709137E-1,-9.412418604E-1
1.868089131E1,2.660365701E-1,2.715349197E-1,-1.254596412E-1
1.869876557E1,5.960994959E-1,8.444461823E-1,7.632619143E-1
1.871667292E1,1.205594540E0,-1.119938850E0,3.138098121E-1
1.873456349E1,1.038260579E0,-9.643554688E-1,-6.315406561E-1
1.875245381E1,-2.844746709E-1,-8.384609222E-2,-6.423289776E-1
1.877034425E1,-1.379969120E0,1.215680122E0,3.066067100E-1
1.878823487E1,-1.071371198E0,1.536769867E-1,4.347818196E-1
1.880612544E1,4.241861105E-1,-1.339326859E0,1.915455312E-1
1.882401606E1,8.828090429E-1,-8.178586960E-1,1.308689564E-1
1.884190650E1,1.060689330E0,1.700115204E-1,3.548598588E-1
1.885979707E1,6.027181149E-1,2.075146198E0,-7.021422982E-1
1.887768769E1,-1.101716876E0,3.557380676E0,-1.276507974E-1
1.889557807E1,-1.991773486E0,2.609622955E0,6.055052280E-1
1.891345686E1,-1.439132690E-1,1.101157188E0,1.130044162E-1
1.893135633E1,3.815925121E-1,7.714796066E-1,-2.344911993E-1
1.894924665E1,-8.037277460E-1,3.737888336E-1,1.123870015E-1
1.896714363E1,-9.466829896E-1,1.365741730E0,-2.382471561E-1
1.898503089E1,-2.080937624E-1,2.549870968E0,-1.753985882E-3
1.900292158E1,5.040701628E-1,4.303226471E-1,-3.306261301E-1
1.902081208E1,-6.154756546E-1,-1.147986412E0,4.419524372E-1
1.903870533E1,-1.884584427E-1,-1.603598595E0,6.400567293E-2
1.905659303E1,-5.143904686E-2,-2.121706009E-1,-1.725094318E-1
1.907448365E1,2.995165586E-1,8.300905228E-1,4.567628503E-1
1.909237452E1,9.479629993E-2,1.188874245E0,3.327288628E-1
1.911026484E1,-2.230514288E-1,3.245735168E-1,6.018942595E-2
1.912815620E1,-4.117179513E-1,-9.747343063E-1,-8.804574609E-2
1.914604615E1,-1.134418726E0,-4.847030640E-1,5.271505713E-1
1.916393934E1,-1.573999882E0,1.850538254E-1,4.505429864E-1
1.918182710E1,-1.627207756E0,4.944524765E-1,6.193542480E-2
1.919971748E1,-1.681609869E0,3.343153000E-1,-8.283990622E-2
1.921759644E1,-1.753628016E0,-2.734851837E-1,-3.548756540E-1
1.923549842E1,-1.151950359E0,-5.908145905E-1,-7.519721389E-1
1.925338935E1,2.670057416E-1,-2.041164398E0,1.923863292E-1
1.927127949E1,1.315051198E0,-1.848911285E0,-1.333577633E-1
1.928917042E1,2.171784163E0,-1.587641716E0,-3.086392283E-1
1.930706398E1,2.842457056E0,-2.864847183E-1,1.282417178E-1
1.932495155E1,2.460027456E0,1.360312462E0,-1.127178073E-1
1.934284181E1,1.612710714E0,9.224348068E-1,-3.871294260E-1
1.936073243E1,1.923584938E-1,2.472209930E-1,-4.253315032E-1
1.937862293E1,-2.200306654E-1,-1.553027153E0,-2.660792768E-1
1.939651094E1,3.495947123E-1,-2.329499245E0,1.560753584E-1
1.941440534E1,8.470095992E-1,-2.801093102E0,7.443914413E-1
1.943229487E1,2.678601742E-1,-3.383156776E0,3.273645937E-1
1.945018525E1,-6.186260581E-1,-1.902154922E0,-7.843672037E-1
1.946807618E1,-2.057301760E0,1.520258904E0,-3.663612008E-1
1.948596632E1,-9.093870521E-1,2.102995872E0,3.258289099E-1
1.950386042E1,9.209463596E-1,2.664976120E-1,-1.589644402E-1
1.952174787E1,8.703090549E-1,-2.827275276E0,-1.158096790E-1
1.953963844E1,-3.780404031E-1,-1.012372017E0,8.812856674E-1
1.955751686E1,-2.305091321E-1,3.194093704E-1,1.683406115E0
1.957541914E1,1.531087011E-1,-1.835555077E0,-1.112892270E0
1.959331275E1,-9.534608126E-1,5.351724625E-1,1.144921064E0
1.961120045E1,7.101342678E-1,-8.955144882E-1,-1.198047161E0
1.962909107E1,3.268361837E-2,-2.130718231E-1,6.945992708E-1
1.964698243E1,-9.479148984E-1,3.070848465E0,1.446204662E0
1.966487214E1,7.345539331E-1,5.195989609E-1,2.240277529E-1
1.968275044E1,1.399039924E-1,-2.757987976E-1,-3.519880772E-2
1.970065333E1,-9.135289192E-1,1.506280899E-1,1.396390200E-1
1.971854389E1,-6.811021566E-1,-4.770393372E-1,-7.619137764E-1
1.973643415E1,-3.309237957E-1,-1.592760086E-1,2.669819593E-1
1.975432783E1,-4.687553048E-1,-7.175807953E-1,-1.701881289E-1
1.977221552E1,-5.854765773E-1,-1.228761673E-1,9.155392647E-1
1.979010328E1,3.933682442E-1,-1.876483917E0,3.783923388E-2
1.980799629E1,4.862560034E-1,-1.882577896E0,2.284730911E0
1.982588447E1,1.219534993E0,-1.386129379E0,7.709253788E0
1.984377455E1,2.039363384E-1,-4.158124924E-1,-5.370543003E-1
1.986166847E1,-2.309416294E0,-4.589376450E-1,1.049223900E0
1.987955885E1,-3.083975315E0,-1.262964249E0,2.265160084E0
1.989743757E1,9.588122368E-2,2.843208313E-1,5.361523151E0
1.991533711E1,-5.951792002E-1,9.709262848E-2,6.971747398E0
1.993322602E1,-2.556532621E0,-5.356197357E-1,5.546673775E0
1.995112110E1,-3.450439930E0,-1.470843315E0,2.505895615E0
1.996900868E1,-3.340111732E0,-2.415028572E0,1.694430590E0
1.998690266E1,-3.185915947E0,-2.116659164E0,5.503668785E-1
2.000479328E1,-2.294666052E0,-1.479729652E0,-1.320969820E0
2.002268336E1,-2.195676804E0,-2.798021317E0,1.405508041E0
2.004057423E1,-9.816638231E-1,-4.089238167E0,4.071893215E0
2.005846455E1,-1.374510884E0,-3.738629341E0,3.905114174E0
2.007634352E1,-1.494311690E0,-2.567087650E0,1.578254700E0
2.009424885E1,5.952954292E-1,-1.598470211E0,-8.395528793E-1
2.011213642E1,2.110828161E0,-8.307461739E-1,-3.666131258E0
2.013002686E1,1.060650826E0,-1.762614727E0,-4.006734848E0
2.014791749E1,7.862277031E-1,-2.576237679E0,-3.592061996E0
2.016580836E1,9.061210155E-1,-2.475103378E0,-1.769325256E0
2.018369844E1,3.344907761E-1,-1.937798977E0,-2.253160477E-1
2.020158918E1,-1.122738004E0,-1.208767414E0,-8.060302734E-1
2.021947993E1,-1.784740806E0,-2.198094606E0,-1.988770485E0
2.023737043E1,-1.573569775E0,-1.991974831E0,-2.953920364E0
2.025525794E1,-5.981326103E-1,-1.562658787E0,-6.838750839E-1
2.027315480E1,1.731791973E0,-1.519760132E0,1.786630630E0
2.029104219E1,1.779581904E0,-2.422300339E0,1.117243767E0
2.030893263E1,-1.983652115E-1,-1.893162608E0,-1.046185493E0
2.032680879E1,-1.334324956E0,-2.476097584E0,-2.482155323E0
2.034470185E1,-6.930209398E-1,-2.815730095E0,-1.925480366E0
2.036260450E1,3.951737881E-1,-2.504478931E0,-3.082542419E-1
2.038049488E1,1.424860954E0,-2.233721972E0,1.867876053E-1
2.039837379E1,-6.145870686E-2,-1.886045575E0,-7.403297424E-1
2.041627607E1,8.493242264E-1,-2.191680193E0,-1.183940887E0
2.043415687E1,6.689102650E-1,-1.903745174E0,-1.123179436E0
2.045205738E1,-1.173375845E-1,-1.460316181E0,-1.172924042E-1
2.046995185E1,-3.042929173E-1,-9.712114334E-1,1.002852440E0
2.048783863E1,3.138148785E-2,-1.289430380E0,1.413582802E0
2.050572920E1,7.731655836E-1,-1.250469446E0,1.201820374E0
2.052361964E1,1.352208138E0,-1.378773689E0,8.520555496E-1
2.054149952E1,1.622037888E0,-1.368706226E0,-7.729649544E-1
2.055938954E1,1.348062634E0,-1.804265022E0,-2.874276161E0
2.057727961E1,1.605399847E0,-1.486140251E0,-3.684654951E0
2.059518702E1,2.181382179E0,-1.047293186E0,-3.088676691E0
2.061307246E1,1.213299751E0,-1.036602020E0,-2.099713802E0
2.063096308E1,9.338707924E-1,-1.315298557E0,-1.069022655E0
2.064885401E1,1.609394193E0,-1.184938431E0,-6.596965790E-1
2.066674415E1,1.129159570E0,-1.122082710E0,-1.559961319E0
2.068463783E1,-2.100414038E-1,-9.614782333E-1,-1.126335144E0
2.070252540E1,-8.070015907E-2,-5.333490372E-1,-6.049332619E-1
2.072041633E1,5.048923492E-1,-6.821217537E-1,-4.012246132E-1
2.073830641E1,8.205061555E-1,-7.001791000E-1,-3.470239639E-1
2.075619697E1,9.501578808E-1,-7.527251244E-1,-1.031628132E0
2.077408772E1,1.208340406E0,-7.581501007E-1,-1.278254032E0
2.079197822E1,1.132484913E0,-7.663626671E-1,-8.610219955E-1
2.080987184E1,8.535535336E-1,-6.026930809E-1,-7.314443588E-2
2.082774787E1,8.976473808E-1,-3.615050316E-1,5.044374466E-1
2.084565010E1,9.148019552E-1,-1.193275452E-1,3.171238899E-1
2.086354054E1,7.752482891E-1,-2.830309868E-1,-4.322190285E-1
2.088143141E1,6.250200868E-1,-3.969264030E-1,-5.788865089E-1
2.089932197E1,-3.432344794E-1,-2.282419205E-1,1.132202148E-1
2.091721241E1,-9.887748957E-1,1.609458923E-1,7.622179985E-1
2.093510328E1,-6.593701839E-1,7.765579224E-2,4.348821640E-1
2.095298213E1,1.772805154E-1,-2.889680862E-2,-4.284076691E-1
2.097088429E1,9.725295305E-1,-1.314978600E-1,-9.091100693E-1
2.098877491E1,1.161335707E0,-1.584219933E-1,-4.678454399E-1
2.100666529E1,6.808321476E-1,-3.177714348E-1,-1.208257675E-2
2.102455598E1,-6.171584129E-2,-2.476201057E-1,2.995295525E-1
2.104244679E1,-1.778436899E-1,-8.222532272E-2,3.398280144E-1
2.106032520E1,1.582954675E-1,-3.973627090E-2,6.826972961E-2
2.107822779E1,3.660756648E-1,-1.035575867E-1,-5.061960220E-1
2.109611836E1,3.707787097E-1,-1.809377670E-1,-1.061118603E0
2.111400880E1,1.381294429E-1,-1.574792862E-1,-1.181188583E0
2.113189942E1,-1.232535243E-1,-8.372020721E-2,-1.011390686E0
2.114979328E1,-9.622496367E-2,1.666765213E-1,-5.474038124E-1
2.116766926E1,-1.621087193E-1,1.491489410E-1,-2.486720085E-1
2.118556300E1,-2.073771358E-1,3.550529480E-2,-4.821476936E-1
2.120346192E1,-2.746167779E-1,-2.701663971E-2,-5.720615387E-1
2.122135554E1,-1.781619191E-1,-5.047702789E-2,-4.543514252E-1
2.123924311E1,-6.714755297E-2,-2.719783783E-2,-2.456755638E-1
2.125713380E1,-2.388912439E-2,-1.719856262E-2,-1.698970795E-1
2.127501515E1,-2.397785783E-1,-2.079010010E-3,-4.424238205E-2
2.129289973E1,-2.653436661E-1,2.420997620E-2,3.993787766E-1
2.131080537E1,-1.887839437E-1,-9.266567230E-2,7.585310936E-1
2.132869660E1,1.034891605E-2,-1.791954041E-3,6.958589554E-1
2.134658668E1,1.365943551E-1,1.504039764E-2,3.585014343E-1
2.136447730E1,1.751427054E-1,1.309461594E-1,-9.203433990E-2
2.138235566E1,2.396209836E-1,1.677751541E-1,-4.351701736E-1
2.140024665E1,2.889656425E-1,1.116876602E-1,-5.520334244E-1
2.141813471E1,4.643824995E-1,1.692199707E-1,-4.009904861E-1
2.143603956E1,2.757184505E-1,1.108045578E-1,-2.713546753E-1
2.145393043E1,1.192452312E-1,1.318187714E-1,-7.715606689E-2
2.147182099E1,6.515479088E-2,5.296993256E-2,3.359556198E-2
2.148971198E1,-1.965855360E-1,8.983612061E-2,9.562301636E-2
2.150759339E1,-2.082835436E-1,1.032733917E-1,1.699695587E-1
2.152549293E1,-1.648342013E-1,1.056489944E-1,8.979272842E-2
2.154337910E1,-2.515386939E-1,1.387929916E-1,-1.782622337E-1
2.156127418E1,-2.237883210E-1,1.803112030E-1,-3.066253662E-1
2.157916187E1,1.462018490E-2,1.354084015E-1,-3.337478638E-1
2.159705519E1,3.291109204E-1,3.905105591E-2,-3.785414696E-1
2.161494605E1,2.438627481E-1,1.379585266E-2,-2.037081718E-1
2.163283644E1,2.692341805E-4,-3.643226624E-2,1.122093201E-2
2.165072706E1,-2.214120626E-1,-9.698867798E-4,-2.893161774E-2
2.166861768E1,-3.441952467E-1,4.657840729E-2,-4.078149796E-2
2.168650825E1,-2.365659475E-1,6.048965454E-2,-7.797813416E-2
2.170439900E1,-7.648921013E-2,9.371566772E-2,-2.134895325E-1
2.172229011E1,-1.740741730E-2,6.359195709E-2,-3.641581535E-1
2.174016535E1,-3.424048424E-2,1.270761490E-1,-3.779425621E-1
2.175806825E1,5.841434002E-2,1.248826981E-1,-2.647185326E-1
2.177596137E1,6.614351273E-2,1.454410553E-1,-8.627843857E-2
2.179385176E1,3.791093826E-2,1.352081299E-1,7.147789001E-4
2.181174287E1,1.437413692E-1,7.319927216E-2,-7.042551041E-2
2.182963648E1,1.671813726E-1,6.998348236E-2,-2.723827362E-1
2.184751222E1,1.051865816E-1,8.382225037E-2,-4.866533279E-1
2.186541163E1,9.292137623E-2,1.130981445E-1,-4.747405052E-1
2.188330518E1,-2.565932274E-2,1.217060089E-1,-3.081984520E-1
2.190118385E1,-1.987433434E-1,6.849765778E-2,1.141195297E-1
2.191908637E1,-2.670204639E-2,-1.959228516E-2,2.058663368E-1
2.193697987E1,1.453616619E-1,-6.579399109E-3,-1.919746399E-3
2.195486768E1,3.230319619E-1,1.621246338E-3,-9.541559219E-2
2.197275849E1,3.611049652E-1,-4.764366150E-2,3.326797485E-2
2.199064887E1,2.760897279E-1,-1.342506409E-1,1.759400368E-1
2.200853950E1,1.751897335E-1,-1.504859924E-1,2.008657455E-1
2.202643019E1,-6.413996220E-2,1.265592575E-1,-3.111707687E0
2.204432356E1,-2.177605629E-1,1.180706024E-1,-2.099926949E0
2.206221150E1,3.438882232E-1,-2.266149521E-1,8.940114975E-1
2.208008729E1,4.973113537E-2,-2.570791245E-1,1.555035114E0
2.209798988E1,-1.938319206E-2,-2.601699829E-1,6.591086388E-1
